ISO-10303-21;
HEADER;
/* Generated by software containing ST-Developer
 * from STEP Tools, Inc. (www.steptools.com) 
 */
/* OPTION: using custom schema-name function */

FILE_DESCRIPTION(
/* description */ (''),
/* implementation_level */ '2;1');

FILE_NAME(
/* name */ '878311420wbm000_01_214.stp',
/* time_stamp */ '2022-04-11T12:44:15+05:00',
/* author */ (''),
/* organization */ (''),
/* preprocessor_version */ 'ST-DEVELOPER v16.7',
/* originating_system */ 'SIEMENS PLM Software NX 1919',
/* authorisation */ '');

FILE_SCHEMA (('AUTOMOTIVE_DESIGN { 1 0 10303 214 3 1 1 1 }'));
ENDSEC;

DATA;
#10=SHAPE_REPRESENTATION_RELATIONSHIP('None',
'relationship between 878311420wbm000_01-None and 878311420wbm000_01-N
one',#22,#11);
#11=ADVANCED_BREP_SHAPE_REPRESENTATION('878311420wbm000_01-None',(#32),
#8287);
#12=SHAPE_DEFINITION_REPRESENTATION(#13,#22);
#13=PRODUCT_DEFINITION_SHAPE('','',#14);
#14=PRODUCT_DEFINITION(' ','',#16,#15);
#15=PRODUCT_DEFINITION_CONTEXT('part definition',#21,'design');
#16=PRODUCT_DEFINITION_FORMATION_WITH_SPECIFIED_SOURCE(' ',' ',#18,
 .NOT_KNOWN.);
#17=PRODUCT_RELATED_PRODUCT_CATEGORY('part','',(#18));
#18=PRODUCT('878311420wbm000_01','878311420wbm000_01',' ',(#19));
#19=PRODUCT_CONTEXT(' ',#21,'mechanical');
#20=APPLICATION_PROTOCOL_DEFINITION('international standard',
'automotive_design',2010,#21);
#21=APPLICATION_CONTEXT(
'core data for automotive mechanical design processes');
#22=SHAPE_REPRESENTATION('878311420wbm000_01-None',(#5246),#8287);
#23=PRESENTATION_LAYER_ASSIGNMENT('1','Layer 1',(#32));
#24=STYLED_ITEM('',(#25),#32);
#25=PRESENTATION_STYLE_ASSIGNMENT((#26));
#26=SURFACE_STYLE_USAGE(.BOTH.,#27);
#27=SURFACE_SIDE_STYLE('',(#28));
#28=SURFACE_STYLE_FILL_AREA(#29);
#29=FILL_AREA_STYLE('',(#30));
#30=FILL_AREA_STYLE_COLOUR('',#31);
#31=COLOUR_RGB('Medium Steel',0.596063172350652,0.666666666666667,0.686259250782025);
#32=MANIFOLD_SOLID_BREP('',#33);
#33=CLOSED_SHELL('',(#74,#75,#76,#77,#78,#79,#80,#81,#82,#83,#84,#85,#86,
#87,#88,#89,#90,#91,#92,#93,#94,#95,#96,#97,#98,#99,#100,#101,#102,#103,
#104,#105,#106,#107,#108,#109,#110,#111,#112,#113,#114,#115,#116,#117,#118,
#119,#120,#121,#122,#123,#124,#125,#126,#127,#128,#129,#130,#131,#132,#133,
#134,#135,#136,#137,#138,#139,#140,#141,#142,#143,#144,#145,#146,#147,#148,
#149,#150,#151,#152,#153,#154,#155,#156,#157,#158,#159,#160,#161,#162,#163,
#164,#165,#166,#167,#168,#169,#170,#171,#172,#173,#174,#175,#176,#177,#178,
#179,#180,#181,#182,#183,#184,#185,#186,#187,#188,#189,#190,#191,#192,#193,
#194,#195,#196,#197,#198,#199,#200,#201,#202,#203,#204,#205,#206,#207,#208,
#209,#210,#211,#212,#213,#214,#215,#216,#217,#218,#219,#220,#221,#222,#223,
#224,#225,#226,#227,#228,#229,#230,#231,#232,#233,#234,#235,#236,#237,#238,
#239,#240,#241,#242,#243,#244,#245,#246,#247,#248,#249,#250,#251,#252,#253,
#254,#255,#256,#257,#258,#259,#260,#261,#262,#263,#264,#265,#266,#267,#268,
#269,#270,#271,#272,#273,#274,#275,#276,#277,#278,#279,#280,#281,#282,#283,
#284,#285,#286,#287,#288,#289,#290,#291,#292,#293,#294,#295,#296,#297,#298,
#299,#300,#301,#302,#303,#304,#305,#306,#307,#308,#309,#310,#311,#312,#313,
#314,#315,#316,#317,#318,#319,#320,#321,#322,#323,#324,#325,#326,#327,#328,
#329,#330,#331,#332,#333,#334,#335,#336,#337,#338,#339,#340,#341,#342,#343,
#344,#345,#346,#347,#348,#349,#350,#351,#352,#353,#354,#355,#356,#357,#358,
#359,#360));
#34=FACE_BOUND('',#971,.T.);
#35=FACE_BOUND('',#972,.T.);
#36=FACE_BOUND('',#973,.T.);
#37=FACE_BOUND('',#974,.T.);
#38=FACE_BOUND('',#975,.T.);
#39=FACE_BOUND('',#976,.T.);
#40=FACE_BOUND('',#977,.T.);
#41=FACE_BOUND('',#978,.T.);
#42=FACE_BOUND('',#979,.T.);
#43=FACE_BOUND('',#980,.T.);
#44=FACE_BOUND('',#981,.T.);
#45=FACE_BOUND('',#982,.T.);
#46=FACE_BOUND('',#983,.T.);
#47=FACE_BOUND('',#984,.T.);
#48=FACE_BOUND('',#985,.T.);
#49=FACE_BOUND('',#986,.T.);
#50=FACE_BOUND('',#987,.T.);
#51=FACE_BOUND('',#988,.T.);
#52=FACE_BOUND('',#989,.T.);
#53=FACE_BOUND('',#990,.T.);
#54=FACE_BOUND('',#991,.T.);
#55=FACE_BOUND('',#992,.T.);
#56=FACE_BOUND('',#993,.T.);
#57=FACE_BOUND('',#994,.T.);
#58=FACE_BOUND('',#995,.T.);
#59=FACE_BOUND('',#996,.T.);
#60=FACE_BOUND('',#997,.T.);
#61=FACE_BOUND('',#998,.T.);
#62=FACE_BOUND('',#999,.T.);
#63=FACE_BOUND('',#1000,.T.);
#64=FACE_BOUND('',#1005,.T.);
#65=FACE_BOUND('',#1006,.T.);
#66=CYLINDRICAL_SURFACE('',#5278,0.8);
#67=CYLINDRICAL_SURFACE('',#5281,0.8);
#68=ELLIPSE('',#5276,0.923760430703401,0.8);
#69=ELLIPSE('',#5279,0.923760430703401,0.8);
#70=CIRCLE('',#5264,0.8);
#71=CIRCLE('',#5267,0.8);
#72=CIRCLE('',#5277,0.8);
#73=CIRCLE('',#5280,0.8);
#74=ADVANCED_FACE('',(#646),#361,.T.);
#75=ADVANCED_FACE('',(#647),#362,.T.);
#76=ADVANCED_FACE('',(#648),#363,.T.);
#77=ADVANCED_FACE('',(#649),#364,.F.);
#78=ADVANCED_FACE('',(#650),#365,.T.);
#79=ADVANCED_FACE('',(#651),#366,.T.);
#80=ADVANCED_FACE('',(#652),#367,.T.);
#81=ADVANCED_FACE('',(#653),#368,.F.);
#82=ADVANCED_FACE('',(#654),#369,.F.);
#83=ADVANCED_FACE('',(#655),#370,.T.);
#84=ADVANCED_FACE('',(#656),#371,.T.);
#85=ADVANCED_FACE('',(#657),#372,.T.);
#86=ADVANCED_FACE('',(#658),#373,.T.);
#87=ADVANCED_FACE('',(#659),#374,.T.);
#88=ADVANCED_FACE('',(#660),#375,.T.);
#89=ADVANCED_FACE('',(#661),#376,.T.);
#90=ADVANCED_FACE('',(#662),#377,.T.);
#91=ADVANCED_FACE('',(#663),#378,.T.);
#92=ADVANCED_FACE('',(#664),#379,.T.);
#93=ADVANCED_FACE('',(#665),#380,.T.);
#94=ADVANCED_FACE('',(#666),#381,.T.);
#95=ADVANCED_FACE('',(#667),#382,.T.);
#96=ADVANCED_FACE('',(#668),#383,.T.);
#97=ADVANCED_FACE('',(#669),#384,.T.);
#98=ADVANCED_FACE('',(#670),#385,.T.);
#99=ADVANCED_FACE('',(#671),#386,.T.);
#100=ADVANCED_FACE('',(#672),#387,.T.);
#101=ADVANCED_FACE('',(#673),#66,.T.);
#102=ADVANCED_FACE('',(#674),#67,.T.);
#103=ADVANCED_FACE('',(#675),#388,.T.);
#104=ADVANCED_FACE('',(#676),#389,.T.);
#105=ADVANCED_FACE('',(#677),#390,.F.);
#106=ADVANCED_FACE('',(#678),#391,.F.);
#107=ADVANCED_FACE('',(#679),#392,.T.);
#108=ADVANCED_FACE('',(#680),#393,.F.);
#109=ADVANCED_FACE('',(#681),#394,.T.);
#110=ADVANCED_FACE('',(#682),#395,.T.);
#111=ADVANCED_FACE('',(#683),#396,.T.);
#112=ADVANCED_FACE('',(#684),#397,.T.);
#113=ADVANCED_FACE('',(#685),#398,.T.);
#114=ADVANCED_FACE('',(#686),#399,.T.);
#115=ADVANCED_FACE('',(#34,#35,#36,#37,#38,#39,#40,#41,#42,#43,#44,#45,
#46,#47,#48),#400,.T.);
#116=ADVANCED_FACE('',(#49,#50,#51,#52,#53,#54,#55,#56,#57,#58,#59,#60,
#61,#62,#63),#401,.T.);
#117=ADVANCED_FACE('',(#687),#402,.T.);
#118=ADVANCED_FACE('',(#688),#403,.T.);
#119=ADVANCED_FACE('',(#689),#404,.T.);
#120=ADVANCED_FACE('',(#690),#405,.T.);
#121=ADVANCED_FACE('',(#64,#65),#406,.T.);
#122=ADVANCED_FACE('',(#691),#407,.F.);
#123=ADVANCED_FACE('',(#692),#408,.T.);
#124=ADVANCED_FACE('',(#693),#409,.T.);
#125=ADVANCED_FACE('',(#694),#410,.T.);
#126=ADVANCED_FACE('',(#695),#411,.T.);
#127=ADVANCED_FACE('',(#696),#412,.F.);
#128=ADVANCED_FACE('',(#697),#413,.F.);
#129=ADVANCED_FACE('',(#698),#414,.F.);
#130=ADVANCED_FACE('',(#699),#415,.F.);
#131=ADVANCED_FACE('',(#700),#416,.F.);
#132=ADVANCED_FACE('',(#701),#417,.F.);
#133=ADVANCED_FACE('',(#702),#418,.F.);
#134=ADVANCED_FACE('',(#703),#419,.T.);
#135=ADVANCED_FACE('',(#704),#420,.T.);
#136=ADVANCED_FACE('',(#705),#421,.T.);
#137=ADVANCED_FACE('',(#706),#422,.T.);
#138=ADVANCED_FACE('',(#707),#423,.T.);
#139=ADVANCED_FACE('',(#708),#424,.T.);
#140=ADVANCED_FACE('',(#709),#425,.T.);
#141=ADVANCED_FACE('',(#710),#426,.F.);
#142=ADVANCED_FACE('',(#711),#427,.F.);
#143=ADVANCED_FACE('',(#712),#428,.F.);
#144=ADVANCED_FACE('',(#713),#429,.F.);
#145=ADVANCED_FACE('',(#714),#430,.F.);
#146=ADVANCED_FACE('',(#715),#431,.F.);
#147=ADVANCED_FACE('',(#716),#432,.F.);
#148=ADVANCED_FACE('',(#717),#433,.F.);
#149=ADVANCED_FACE('',(#718),#434,.F.);
#150=ADVANCED_FACE('',(#719),#435,.F.);
#151=ADVANCED_FACE('',(#720),#436,.T.);
#152=ADVANCED_FACE('',(#721),#437,.T.);
#153=ADVANCED_FACE('',(#722),#438,.T.);
#154=ADVANCED_FACE('',(#723),#439,.T.);
#155=ADVANCED_FACE('',(#724),#440,.T.);
#156=ADVANCED_FACE('',(#725),#441,.T.);
#157=ADVANCED_FACE('',(#726),#442,.T.);
#158=ADVANCED_FACE('',(#727),#443,.T.);
#159=ADVANCED_FACE('',(#728),#444,.T.);
#160=ADVANCED_FACE('',(#729),#445,.T.);
#161=ADVANCED_FACE('',(#730),#446,.F.);
#162=ADVANCED_FACE('',(#731),#447,.F.);
#163=ADVANCED_FACE('',(#732),#448,.F.);
#164=ADVANCED_FACE('',(#733),#449,.F.);
#165=ADVANCED_FACE('',(#734),#450,.F.);
#166=ADVANCED_FACE('',(#735),#451,.F.);
#167=ADVANCED_FACE('',(#736),#452,.F.);
#168=ADVANCED_FACE('',(#737),#453,.F.);
#169=ADVANCED_FACE('',(#738),#454,.F.);
#170=ADVANCED_FACE('',(#739),#455,.T.);
#171=ADVANCED_FACE('',(#740),#456,.T.);
#172=ADVANCED_FACE('',(#741),#457,.T.);
#173=ADVANCED_FACE('',(#742),#458,.T.);
#174=ADVANCED_FACE('',(#743),#459,.T.);
#175=ADVANCED_FACE('',(#744),#460,.T.);
#176=ADVANCED_FACE('',(#745),#461,.T.);
#177=ADVANCED_FACE('',(#746),#462,.T.);
#178=ADVANCED_FACE('',(#747),#463,.F.);
#179=ADVANCED_FACE('',(#748),#464,.T.);
#180=ADVANCED_FACE('',(#749),#465,.T.);
#181=ADVANCED_FACE('',(#750),#466,.T.);
#182=ADVANCED_FACE('',(#751),#467,.T.);
#183=ADVANCED_FACE('',(#752),#468,.T.);
#184=ADVANCED_FACE('',(#753),#469,.T.);
#185=ADVANCED_FACE('',(#754),#470,.T.);
#186=ADVANCED_FACE('',(#755),#471,.T.);
#187=ADVANCED_FACE('',(#756),#472,.T.);
#188=ADVANCED_FACE('',(#757),#473,.T.);
#189=ADVANCED_FACE('',(#758),#474,.F.);
#190=ADVANCED_FACE('',(#759),#475,.F.);
#191=ADVANCED_FACE('',(#760),#476,.F.);
#192=ADVANCED_FACE('',(#761),#477,.F.);
#193=ADVANCED_FACE('',(#762),#478,.F.);
#194=ADVANCED_FACE('',(#763),#479,.F.);
#195=ADVANCED_FACE('',(#764),#480,.F.);
#196=ADVANCED_FACE('',(#765),#481,.F.);
#197=ADVANCED_FACE('',(#766),#482,.F.);
#198=ADVANCED_FACE('',(#767),#483,.T.);
#199=ADVANCED_FACE('',(#768),#484,.T.);
#200=ADVANCED_FACE('',(#769),#485,.T.);
#201=ADVANCED_FACE('',(#770),#486,.T.);
#202=ADVANCED_FACE('',(#771),#487,.T.);
#203=ADVANCED_FACE('',(#772),#488,.T.);
#204=ADVANCED_FACE('',(#773),#489,.T.);
#205=ADVANCED_FACE('',(#774),#490,.T.);
#206=ADVANCED_FACE('',(#775),#491,.F.);
#207=ADVANCED_FACE('',(#776),#492,.T.);
#208=ADVANCED_FACE('',(#777),#493,.T.);
#209=ADVANCED_FACE('',(#778),#494,.T.);
#210=ADVANCED_FACE('',(#779),#495,.T.);
#211=ADVANCED_FACE('',(#780),#496,.T.);
#212=ADVANCED_FACE('',(#781),#497,.T.);
#213=ADVANCED_FACE('',(#782),#498,.T.);
#214=ADVANCED_FACE('',(#783),#499,.T.);
#215=ADVANCED_FACE('',(#784),#500,.T.);
#216=ADVANCED_FACE('',(#785),#501,.T.);
#217=ADVANCED_FACE('',(#786),#502,.F.);
#218=ADVANCED_FACE('',(#787),#503,.F.);
#219=ADVANCED_FACE('',(#788),#504,.F.);
#220=ADVANCED_FACE('',(#789),#505,.F.);
#221=ADVANCED_FACE('',(#790),#506,.F.);
#222=ADVANCED_FACE('',(#791),#507,.F.);
#223=ADVANCED_FACE('',(#792),#508,.F.);
#224=ADVANCED_FACE('',(#793),#509,.F.);
#225=ADVANCED_FACE('',(#794),#510,.F.);
#226=ADVANCED_FACE('',(#795),#511,.T.);
#227=ADVANCED_FACE('',(#796),#512,.T.);
#228=ADVANCED_FACE('',(#797),#513,.T.);
#229=ADVANCED_FACE('',(#798),#514,.T.);
#230=ADVANCED_FACE('',(#799),#515,.T.);
#231=ADVANCED_FACE('',(#800),#516,.T.);
#232=ADVANCED_FACE('',(#801),#517,.T.);
#233=ADVANCED_FACE('',(#802),#518,.T.);
#234=ADVANCED_FACE('',(#803),#519,.F.);
#235=ADVANCED_FACE('',(#804),#520,.T.);
#236=ADVANCED_FACE('',(#805),#521,.T.);
#237=ADVANCED_FACE('',(#806),#522,.T.);
#238=ADVANCED_FACE('',(#807),#523,.T.);
#239=ADVANCED_FACE('',(#808),#524,.T.);
#240=ADVANCED_FACE('',(#809),#525,.T.);
#241=ADVANCED_FACE('',(#810),#526,.T.);
#242=ADVANCED_FACE('',(#811),#527,.T.);
#243=ADVANCED_FACE('',(#812),#528,.T.);
#244=ADVANCED_FACE('',(#813),#529,.T.);
#245=ADVANCED_FACE('',(#814),#530,.F.);
#246=ADVANCED_FACE('',(#815),#531,.F.);
#247=ADVANCED_FACE('',(#816),#532,.F.);
#248=ADVANCED_FACE('',(#817),#533,.F.);
#249=ADVANCED_FACE('',(#818),#534,.F.);
#250=ADVANCED_FACE('',(#819),#535,.F.);
#251=ADVANCED_FACE('',(#820),#536,.F.);
#252=ADVANCED_FACE('',(#821),#537,.F.);
#253=ADVANCED_FACE('',(#822),#538,.F.);
#254=ADVANCED_FACE('',(#823),#539,.T.);
#255=ADVANCED_FACE('',(#824),#540,.T.);
#256=ADVANCED_FACE('',(#825),#541,.T.);
#257=ADVANCED_FACE('',(#826),#542,.T.);
#258=ADVANCED_FACE('',(#827),#543,.T.);
#259=ADVANCED_FACE('',(#828),#544,.T.);
#260=ADVANCED_FACE('',(#829),#545,.T.);
#261=ADVANCED_FACE('',(#830),#546,.T.);
#262=ADVANCED_FACE('',(#831),#547,.F.);
#263=ADVANCED_FACE('',(#832),#548,.T.);
#264=ADVANCED_FACE('',(#833),#549,.T.);
#265=ADVANCED_FACE('',(#834),#550,.T.);
#266=ADVANCED_FACE('',(#835),#551,.T.);
#267=ADVANCED_FACE('',(#836),#552,.T.);
#268=ADVANCED_FACE('',(#837),#553,.T.);
#269=ADVANCED_FACE('',(#838),#554,.T.);
#270=ADVANCED_FACE('',(#839),#555,.T.);
#271=ADVANCED_FACE('',(#840),#556,.T.);
#272=ADVANCED_FACE('',(#841),#557,.T.);
#273=ADVANCED_FACE('',(#842),#558,.F.);
#274=ADVANCED_FACE('',(#843),#559,.F.);
#275=ADVANCED_FACE('',(#844),#560,.F.);
#276=ADVANCED_FACE('',(#845),#561,.F.);
#277=ADVANCED_FACE('',(#846),#562,.F.);
#278=ADVANCED_FACE('',(#847),#563,.F.);
#279=ADVANCED_FACE('',(#848),#564,.F.);
#280=ADVANCED_FACE('',(#849),#565,.F.);
#281=ADVANCED_FACE('',(#850),#566,.F.);
#282=ADVANCED_FACE('',(#851),#567,.T.);
#283=ADVANCED_FACE('',(#852),#568,.T.);
#284=ADVANCED_FACE('',(#853),#569,.T.);
#285=ADVANCED_FACE('',(#854),#570,.T.);
#286=ADVANCED_FACE('',(#855),#571,.T.);
#287=ADVANCED_FACE('',(#856),#572,.T.);
#288=ADVANCED_FACE('',(#857),#573,.T.);
#289=ADVANCED_FACE('',(#858),#574,.T.);
#290=ADVANCED_FACE('',(#859),#575,.F.);
#291=ADVANCED_FACE('',(#860),#576,.T.);
#292=ADVANCED_FACE('',(#861),#577,.T.);
#293=ADVANCED_FACE('',(#862),#578,.T.);
#294=ADVANCED_FACE('',(#863),#579,.T.);
#295=ADVANCED_FACE('',(#864),#580,.T.);
#296=ADVANCED_FACE('',(#865),#581,.T.);
#297=ADVANCED_FACE('',(#866),#582,.T.);
#298=ADVANCED_FACE('',(#867),#583,.T.);
#299=ADVANCED_FACE('',(#868),#584,.T.);
#300=ADVANCED_FACE('',(#869),#585,.T.);
#301=ADVANCED_FACE('',(#870),#586,.F.);
#302=ADVANCED_FACE('',(#871),#587,.F.);
#303=ADVANCED_FACE('',(#872),#588,.F.);
#304=ADVANCED_FACE('',(#873),#589,.F.);
#305=ADVANCED_FACE('',(#874),#590,.F.);
#306=ADVANCED_FACE('',(#875),#591,.F.);
#307=ADVANCED_FACE('',(#876),#592,.F.);
#308=ADVANCED_FACE('',(#877),#593,.F.);
#309=ADVANCED_FACE('',(#878),#594,.F.);
#310=ADVANCED_FACE('',(#879),#595,.T.);
#311=ADVANCED_FACE('',(#880),#596,.T.);
#312=ADVANCED_FACE('',(#881),#597,.T.);
#313=ADVANCED_FACE('',(#882),#598,.T.);
#314=ADVANCED_FACE('',(#883),#599,.T.);
#315=ADVANCED_FACE('',(#884),#600,.T.);
#316=ADVANCED_FACE('',(#885),#601,.T.);
#317=ADVANCED_FACE('',(#886),#602,.T.);
#318=ADVANCED_FACE('',(#887),#603,.F.);
#319=ADVANCED_FACE('',(#888),#604,.T.);
#320=ADVANCED_FACE('',(#889),#605,.T.);
#321=ADVANCED_FACE('',(#890),#606,.T.);
#322=ADVANCED_FACE('',(#891),#607,.T.);
#323=ADVANCED_FACE('',(#892),#608,.T.);
#324=ADVANCED_FACE('',(#893),#609,.T.);
#325=ADVANCED_FACE('',(#894),#610,.T.);
#326=ADVANCED_FACE('',(#895),#611,.T.);
#327=ADVANCED_FACE('',(#896),#612,.T.);
#328=ADVANCED_FACE('',(#897),#613,.T.);
#329=ADVANCED_FACE('',(#898),#614,.F.);
#330=ADVANCED_FACE('',(#899),#615,.F.);
#331=ADVANCED_FACE('',(#900),#616,.F.);
#332=ADVANCED_FACE('',(#901),#617,.F.);
#333=ADVANCED_FACE('',(#902),#618,.F.);
#334=ADVANCED_FACE('',(#903),#619,.F.);
#335=ADVANCED_FACE('',(#904),#620,.F.);
#336=ADVANCED_FACE('',(#905),#621,.F.);
#337=ADVANCED_FACE('',(#906),#622,.F.);
#338=ADVANCED_FACE('',(#907),#623,.T.);
#339=ADVANCED_FACE('',(#908),#624,.T.);
#340=ADVANCED_FACE('',(#909),#625,.T.);
#341=ADVANCED_FACE('',(#910),#626,.T.);
#342=ADVANCED_FACE('',(#911),#627,.T.);
#343=ADVANCED_FACE('',(#912),#628,.T.);
#344=ADVANCED_FACE('',(#913),#629,.T.);
#345=ADVANCED_FACE('',(#914),#630,.T.);
#346=ADVANCED_FACE('',(#915),#631,.T.);
#347=ADVANCED_FACE('',(#916),#632,.T.);
#348=ADVANCED_FACE('',(#917),#633,.T.);
#349=ADVANCED_FACE('',(#918),#634,.F.);
#350=ADVANCED_FACE('',(#919),#635,.T.);
#351=ADVANCED_FACE('',(#920),#636,.T.);
#352=ADVANCED_FACE('',(#921),#637,.T.);
#353=ADVANCED_FACE('',(#922),#638,.T.);
#354=ADVANCED_FACE('',(#923),#639,.F.);
#355=ADVANCED_FACE('',(#924),#640,.F.);
#356=ADVANCED_FACE('',(#925),#641,.F.);
#357=ADVANCED_FACE('',(#926),#642,.F.);
#358=ADVANCED_FACE('',(#927),#643,.T.);
#359=ADVANCED_FACE('',(#928),#644,.T.);
#360=ADVANCED_FACE('',(#929),#645,.T.);
#361=PLANE('',#5247);
#362=PLANE('',#5248);
#363=PLANE('',#5249);
#364=PLANE('',#5250);
#365=PLANE('',#5251);
#366=PLANE('',#5252);
#367=PLANE('',#5253);
#368=PLANE('',#5254);
#369=PLANE('',#5255);
#370=PLANE('',#5256);
#371=PLANE('',#5257);
#372=PLANE('',#5258);
#373=PLANE('',#5259);
#374=PLANE('',#5260);
#375=PLANE('',#5261);
#376=PLANE('',#5262);
#377=PLANE('',#5263);
#378=PLANE('',#5265);
#379=PLANE('',#5266);
#380=PLANE('',#5268);
#381=PLANE('',#5269);
#382=PLANE('',#5270);
#383=PLANE('',#5271);
#384=PLANE('',#5272);
#385=PLANE('',#5273);
#386=PLANE('',#5274);
#387=PLANE('',#5275);
#388=PLANE('',#5282);
#389=PLANE('',#5283);
#390=PLANE('',#5284);
#391=PLANE('',#5285);
#392=PLANE('',#5286);
#393=PLANE('',#5287);
#394=PLANE('',#5288);
#395=PLANE('',#5289);
#396=PLANE('',#5290);
#397=PLANE('',#5291);
#398=PLANE('',#5292);
#399=PLANE('',#5293);
#400=PLANE('',#5294);
#401=PLANE('',#5295);
#402=PLANE('',#5296);
#403=PLANE('',#5297);
#404=PLANE('',#5298);
#405=PLANE('',#5299);
#406=PLANE('',#5300);
#407=PLANE('',#5301);
#408=PLANE('',#5302);
#409=PLANE('',#5303);
#410=PLANE('',#5304);
#411=PLANE('',#5305);
#412=PLANE('',#5306);
#413=PLANE('',#5307);
#414=PLANE('',#5308);
#415=PLANE('',#5309);
#416=PLANE('',#5310);
#417=PLANE('',#5311);
#418=PLANE('',#5312);
#419=PLANE('',#5313);
#420=PLANE('',#5314);
#421=PLANE('',#5315);
#422=PLANE('',#5316);
#423=PLANE('',#5317);
#424=PLANE('',#5318);
#425=PLANE('',#5319);
#426=PLANE('',#5320);
#427=PLANE('',#5321);
#428=PLANE('',#5322);
#429=PLANE('',#5323);
#430=PLANE('',#5324);
#431=PLANE('',#5325);
#432=PLANE('',#5326);
#433=PLANE('',#5327);
#434=PLANE('',#5328);
#435=PLANE('',#5329);
#436=PLANE('',#5330);
#437=PLANE('',#5331);
#438=PLANE('',#5332);
#439=PLANE('',#5333);
#440=PLANE('',#5334);
#441=PLANE('',#5335);
#442=PLANE('',#5336);
#443=PLANE('',#5337);
#444=PLANE('',#5338);
#445=PLANE('',#5339);
#446=PLANE('',#5340);
#447=PLANE('',#5341);
#448=PLANE('',#5342);
#449=PLANE('',#5343);
#450=PLANE('',#5344);
#451=PLANE('',#5345);
#452=PLANE('',#5346);
#453=PLANE('',#5347);
#454=PLANE('',#5348);
#455=PLANE('',#5349);
#456=PLANE('',#5350);
#457=PLANE('',#5351);
#458=PLANE('',#5352);
#459=PLANE('',#5353);
#460=PLANE('',#5354);
#461=PLANE('',#5355);
#462=PLANE('',#5356);
#463=PLANE('',#5357);
#464=PLANE('',#5358);
#465=PLANE('',#5359);
#466=PLANE('',#5360);
#467=PLANE('',#5361);
#468=PLANE('',#5362);
#469=PLANE('',#5363);
#470=PLANE('',#5364);
#471=PLANE('',#5365);
#472=PLANE('',#5366);
#473=PLANE('',#5367);
#474=PLANE('',#5368);
#475=PLANE('',#5369);
#476=PLANE('',#5370);
#477=PLANE('',#5371);
#478=PLANE('',#5372);
#479=PLANE('',#5373);
#480=PLANE('',#5374);
#481=PLANE('',#5375);
#482=PLANE('',#5376);
#483=PLANE('',#5377);
#484=PLANE('',#5378);
#485=PLANE('',#5379);
#486=PLANE('',#5380);
#487=PLANE('',#5381);
#488=PLANE('',#5382);
#489=PLANE('',#5383);
#490=PLANE('',#5384);
#491=PLANE('',#5385);
#492=PLANE('',#5386);
#493=PLANE('',#5387);
#494=PLANE('',#5388);
#495=PLANE('',#5389);
#496=PLANE('',#5390);
#497=PLANE('',#5391);
#498=PLANE('',#5392);
#499=PLANE('',#5393);
#500=PLANE('',#5394);
#501=PLANE('',#5395);
#502=PLANE('',#5396);
#503=PLANE('',#5397);
#504=PLANE('',#5398);
#505=PLANE('',#5399);
#506=PLANE('',#5400);
#507=PLANE('',#5401);
#508=PLANE('',#5402);
#509=PLANE('',#5403);
#510=PLANE('',#5404);
#511=PLANE('',#5405);
#512=PLANE('',#5406);
#513=PLANE('',#5407);
#514=PLANE('',#5408);
#515=PLANE('',#5409);
#516=PLANE('',#5410);
#517=PLANE('',#5411);
#518=PLANE('',#5412);
#519=PLANE('',#5413);
#520=PLANE('',#5414);
#521=PLANE('',#5415);
#522=PLANE('',#5416);
#523=PLANE('',#5417);
#524=PLANE('',#5418);
#525=PLANE('',#5419);
#526=PLANE('',#5420);
#527=PLANE('',#5421);
#528=PLANE('',#5422);
#529=PLANE('',#5423);
#530=PLANE('',#5424);
#531=PLANE('',#5425);
#532=PLANE('',#5426);
#533=PLANE('',#5427);
#534=PLANE('',#5428);
#535=PLANE('',#5429);
#536=PLANE('',#5430);
#537=PLANE('',#5431);
#538=PLANE('',#5432);
#539=PLANE('',#5433);
#540=PLANE('',#5434);
#541=PLANE('',#5435);
#542=PLANE('',#5436);
#543=PLANE('',#5437);
#544=PLANE('',#5438);
#545=PLANE('',#5439);
#546=PLANE('',#5440);
#547=PLANE('',#5441);
#548=PLANE('',#5442);
#549=PLANE('',#5443);
#550=PLANE('',#5444);
#551=PLANE('',#5445);
#552=PLANE('',#5446);
#553=PLANE('',#5447);
#554=PLANE('',#5448);
#555=PLANE('',#5449);
#556=PLANE('',#5450);
#557=PLANE('',#5451);
#558=PLANE('',#5452);
#559=PLANE('',#5453);
#560=PLANE('',#5454);
#561=PLANE('',#5455);
#562=PLANE('',#5456);
#563=PLANE('',#5457);
#564=PLANE('',#5458);
#565=PLANE('',#5459);
#566=PLANE('',#5460);
#567=PLANE('',#5461);
#568=PLANE('',#5462);
#569=PLANE('',#5463);
#570=PLANE('',#5464);
#571=PLANE('',#5465);
#572=PLANE('',#5466);
#573=PLANE('',#5467);
#574=PLANE('',#5468);
#575=PLANE('',#5469);
#576=PLANE('',#5470);
#577=PLANE('',#5471);
#578=PLANE('',#5472);
#579=PLANE('',#5473);
#580=PLANE('',#5474);
#581=PLANE('',#5475);
#582=PLANE('',#5476);
#583=PLANE('',#5477);
#584=PLANE('',#5478);
#585=PLANE('',#5479);
#586=PLANE('',#5480);
#587=PLANE('',#5481);
#588=PLANE('',#5482);
#589=PLANE('',#5483);
#590=PLANE('',#5484);
#591=PLANE('',#5485);
#592=PLANE('',#5486);
#593=PLANE('',#5487);
#594=PLANE('',#5488);
#595=PLANE('',#5489);
#596=PLANE('',#5490);
#597=PLANE('',#5491);
#598=PLANE('',#5492);
#599=PLANE('',#5493);
#600=PLANE('',#5494);
#601=PLANE('',#5495);
#602=PLANE('',#5496);
#603=PLANE('',#5497);
#604=PLANE('',#5498);
#605=PLANE('',#5499);
#606=PLANE('',#5500);
#607=PLANE('',#5501);
#608=PLANE('',#5502);
#609=PLANE('',#5503);
#610=PLANE('',#5504);
#611=PLANE('',#5505);
#612=PLANE('',#5506);
#613=PLANE('',#5507);
#614=PLANE('',#5508);
#615=PLANE('',#5509);
#616=PLANE('',#5510);
#617=PLANE('',#5511);
#618=PLANE('',#5512);
#619=PLANE('',#5513);
#620=PLANE('',#5514);
#621=PLANE('',#5515);
#622=PLANE('',#5516);
#623=PLANE('',#5517);
#624=PLANE('',#5518);
#625=PLANE('',#5519);
#626=PLANE('',#5520);
#627=PLANE('',#5521);
#628=PLANE('',#5522);
#629=PLANE('',#5523);
#630=PLANE('',#5524);
#631=PLANE('',#5525);
#632=PLANE('',#5526);
#633=PLANE('',#5527);
#634=PLANE('',#5528);
#635=PLANE('',#5529);
#636=PLANE('',#5530);
#637=PLANE('',#5531);
#638=PLANE('',#5532);
#639=PLANE('',#5533);
#640=PLANE('',#5534);
#641=PLANE('',#5535);
#642=PLANE('',#5536);
#643=PLANE('',#5537);
#644=PLANE('',#5538);
#645=PLANE('',#5539);
#646=FACE_OUTER_BOUND('',#930,.T.);
#647=FACE_OUTER_BOUND('',#931,.T.);
#648=FACE_OUTER_BOUND('',#932,.T.);
#649=FACE_OUTER_BOUND('',#933,.T.);
#650=FACE_OUTER_BOUND('',#934,.T.);
#651=FACE_OUTER_BOUND('',#935,.T.);
#652=FACE_OUTER_BOUND('',#936,.T.);
#653=FACE_OUTER_BOUND('',#937,.T.);
#654=FACE_OUTER_BOUND('',#938,.T.);
#655=FACE_OUTER_BOUND('',#939,.T.);
#656=FACE_OUTER_BOUND('',#940,.T.);
#657=FACE_OUTER_BOUND('',#941,.T.);
#658=FACE_OUTER_BOUND('',#942,.T.);
#659=FACE_OUTER_BOUND('',#943,.T.);
#660=FACE_OUTER_BOUND('',#944,.T.);
#661=FACE_OUTER_BOUND('',#945,.T.);
#662=FACE_OUTER_BOUND('',#946,.T.);
#663=FACE_OUTER_BOUND('',#947,.T.);
#664=FACE_OUTER_BOUND('',#948,.T.);
#665=FACE_OUTER_BOUND('',#949,.T.);
#666=FACE_OUTER_BOUND('',#950,.T.);
#667=FACE_OUTER_BOUND('',#951,.T.);
#668=FACE_OUTER_BOUND('',#952,.T.);
#669=FACE_OUTER_BOUND('',#953,.T.);
#670=FACE_OUTER_BOUND('',#954,.T.);
#671=FACE_OUTER_BOUND('',#955,.T.);
#672=FACE_OUTER_BOUND('',#956,.T.);
#673=FACE_OUTER_BOUND('',#957,.T.);
#674=FACE_OUTER_BOUND('',#958,.T.);
#675=FACE_OUTER_BOUND('',#959,.T.);
#676=FACE_OUTER_BOUND('',#960,.T.);
#677=FACE_OUTER_BOUND('',#961,.T.);
#678=FACE_OUTER_BOUND('',#962,.T.);
#679=FACE_OUTER_BOUND('',#963,.T.);
#680=FACE_OUTER_BOUND('',#964,.T.);
#681=FACE_OUTER_BOUND('',#965,.T.);
#682=FACE_OUTER_BOUND('',#966,.T.);
#683=FACE_OUTER_BOUND('',#967,.T.);
#684=FACE_OUTER_BOUND('',#968,.T.);
#685=FACE_OUTER_BOUND('',#969,.T.);
#686=FACE_OUTER_BOUND('',#970,.T.);
#687=FACE_OUTER_BOUND('',#1001,.T.);
#688=FACE_OUTER_BOUND('',#1002,.T.);
#689=FACE_OUTER_BOUND('',#1003,.T.);
#690=FACE_OUTER_BOUND('',#1004,.T.);
#691=FACE_OUTER_BOUND('',#1007,.T.);
#692=FACE_OUTER_BOUND('',#1008,.T.);
#693=FACE_OUTER_BOUND('',#1009,.T.);
#694=FACE_OUTER_BOUND('',#1010,.T.);
#695=FACE_OUTER_BOUND('',#1011,.T.);
#696=FACE_OUTER_BOUND('',#1012,.T.);
#697=FACE_OUTER_BOUND('',#1013,.T.);
#698=FACE_OUTER_BOUND('',#1014,.T.);
#699=FACE_OUTER_BOUND('',#1015,.T.);
#700=FACE_OUTER_BOUND('',#1016,.T.);
#701=FACE_OUTER_BOUND('',#1017,.T.);
#702=FACE_OUTER_BOUND('',#1018,.T.);
#703=FACE_OUTER_BOUND('',#1019,.T.);
#704=FACE_OUTER_BOUND('',#1020,.T.);
#705=FACE_OUTER_BOUND('',#1021,.T.);
#706=FACE_OUTER_BOUND('',#1022,.T.);
#707=FACE_OUTER_BOUND('',#1023,.T.);
#708=FACE_OUTER_BOUND('',#1024,.T.);
#709=FACE_OUTER_BOUND('',#1025,.T.);
#710=FACE_OUTER_BOUND('',#1026,.T.);
#711=FACE_OUTER_BOUND('',#1027,.T.);
#712=FACE_OUTER_BOUND('',#1028,.T.);
#713=FACE_OUTER_BOUND('',#1029,.T.);
#714=FACE_OUTER_BOUND('',#1030,.T.);
#715=FACE_OUTER_BOUND('',#1031,.T.);
#716=FACE_OUTER_BOUND('',#1032,.T.);
#717=FACE_OUTER_BOUND('',#1033,.T.);
#718=FACE_OUTER_BOUND('',#1034,.T.);
#719=FACE_OUTER_BOUND('',#1035,.T.);
#720=FACE_OUTER_BOUND('',#1036,.T.);
#721=FACE_OUTER_BOUND('',#1037,.T.);
#722=FACE_OUTER_BOUND('',#1038,.T.);
#723=FACE_OUTER_BOUND('',#1039,.T.);
#724=FACE_OUTER_BOUND('',#1040,.T.);
#725=FACE_OUTER_BOUND('',#1041,.T.);
#726=FACE_OUTER_BOUND('',#1042,.T.);
#727=FACE_OUTER_BOUND('',#1043,.T.);
#728=FACE_OUTER_BOUND('',#1044,.T.);
#729=FACE_OUTER_BOUND('',#1045,.T.);
#730=FACE_OUTER_BOUND('',#1046,.T.);
#731=FACE_OUTER_BOUND('',#1047,.T.);
#732=FACE_OUTER_BOUND('',#1048,.T.);
#733=FACE_OUTER_BOUND('',#1049,.T.);
#734=FACE_OUTER_BOUND('',#1050,.T.);
#735=FACE_OUTER_BOUND('',#1051,.T.);
#736=FACE_OUTER_BOUND('',#1052,.T.);
#737=FACE_OUTER_BOUND('',#1053,.T.);
#738=FACE_OUTER_BOUND('',#1054,.T.);
#739=FACE_OUTER_BOUND('',#1055,.T.);
#740=FACE_OUTER_BOUND('',#1056,.T.);
#741=FACE_OUTER_BOUND('',#1057,.T.);
#742=FACE_OUTER_BOUND('',#1058,.T.);
#743=FACE_OUTER_BOUND('',#1059,.T.);
#744=FACE_OUTER_BOUND('',#1060,.T.);
#745=FACE_OUTER_BOUND('',#1061,.T.);
#746=FACE_OUTER_BOUND('',#1062,.T.);
#747=FACE_OUTER_BOUND('',#1063,.T.);
#748=FACE_OUTER_BOUND('',#1064,.T.);
#749=FACE_OUTER_BOUND('',#1065,.T.);
#750=FACE_OUTER_BOUND('',#1066,.T.);
#751=FACE_OUTER_BOUND('',#1067,.T.);
#752=FACE_OUTER_BOUND('',#1068,.T.);
#753=FACE_OUTER_BOUND('',#1069,.T.);
#754=FACE_OUTER_BOUND('',#1070,.T.);
#755=FACE_OUTER_BOUND('',#1071,.T.);
#756=FACE_OUTER_BOUND('',#1072,.T.);
#757=FACE_OUTER_BOUND('',#1073,.T.);
#758=FACE_OUTER_BOUND('',#1074,.T.);
#759=FACE_OUTER_BOUND('',#1075,.T.);
#760=FACE_OUTER_BOUND('',#1076,.T.);
#761=FACE_OUTER_BOUND('',#1077,.T.);
#762=FACE_OUTER_BOUND('',#1078,.T.);
#763=FACE_OUTER_BOUND('',#1079,.T.);
#764=FACE_OUTER_BOUND('',#1080,.T.);
#765=FACE_OUTER_BOUND('',#1081,.T.);
#766=FACE_OUTER_BOUND('',#1082,.T.);
#767=FACE_OUTER_BOUND('',#1083,.T.);
#768=FACE_OUTER_BOUND('',#1084,.T.);
#769=FACE_OUTER_BOUND('',#1085,.T.);
#770=FACE_OUTER_BOUND('',#1086,.T.);
#771=FACE_OUTER_BOUND('',#1087,.T.);
#772=FACE_OUTER_BOUND('',#1088,.T.);
#773=FACE_OUTER_BOUND('',#1089,.T.);
#774=FACE_OUTER_BOUND('',#1090,.T.);
#775=FACE_OUTER_BOUND('',#1091,.T.);
#776=FACE_OUTER_BOUND('',#1092,.T.);
#777=FACE_OUTER_BOUND('',#1093,.T.);
#778=FACE_OUTER_BOUND('',#1094,.T.);
#779=FACE_OUTER_BOUND('',#1095,.T.);
#780=FACE_OUTER_BOUND('',#1096,.T.);
#781=FACE_OUTER_BOUND('',#1097,.T.);
#782=FACE_OUTER_BOUND('',#1098,.T.);
#783=FACE_OUTER_BOUND('',#1099,.T.);
#784=FACE_OUTER_BOUND('',#1100,.T.);
#785=FACE_OUTER_BOUND('',#1101,.T.);
#786=FACE_OUTER_BOUND('',#1102,.T.);
#787=FACE_OUTER_BOUND('',#1103,.T.);
#788=FACE_OUTER_BOUND('',#1104,.T.);
#789=FACE_OUTER_BOUND('',#1105,.T.);
#790=FACE_OUTER_BOUND('',#1106,.T.);
#791=FACE_OUTER_BOUND('',#1107,.T.);
#792=FACE_OUTER_BOUND('',#1108,.T.);
#793=FACE_OUTER_BOUND('',#1109,.T.);
#794=FACE_OUTER_BOUND('',#1110,.T.);
#795=FACE_OUTER_BOUND('',#1111,.T.);
#796=FACE_OUTER_BOUND('',#1112,.T.);
#797=FACE_OUTER_BOUND('',#1113,.T.);
#798=FACE_OUTER_BOUND('',#1114,.T.);
#799=FACE_OUTER_BOUND('',#1115,.T.);
#800=FACE_OUTER_BOUND('',#1116,.T.);
#801=FACE_OUTER_BOUND('',#1117,.T.);
#802=FACE_OUTER_BOUND('',#1118,.T.);
#803=FACE_OUTER_BOUND('',#1119,.T.);
#804=FACE_OUTER_BOUND('',#1120,.T.);
#805=FACE_OUTER_BOUND('',#1121,.T.);
#806=FACE_OUTER_BOUND('',#1122,.T.);
#807=FACE_OUTER_BOUND('',#1123,.T.);
#808=FACE_OUTER_BOUND('',#1124,.T.);
#809=FACE_OUTER_BOUND('',#1125,.T.);
#810=FACE_OUTER_BOUND('',#1126,.T.);
#811=FACE_OUTER_BOUND('',#1127,.T.);
#812=FACE_OUTER_BOUND('',#1128,.T.);
#813=FACE_OUTER_BOUND('',#1129,.T.);
#814=FACE_OUTER_BOUND('',#1130,.T.);
#815=FACE_OUTER_BOUND('',#1131,.T.);
#816=FACE_OUTER_BOUND('',#1132,.T.);
#817=FACE_OUTER_BOUND('',#1133,.T.);
#818=FACE_OUTER_BOUND('',#1134,.T.);
#819=FACE_OUTER_BOUND('',#1135,.T.);
#820=FACE_OUTER_BOUND('',#1136,.T.);
#821=FACE_OUTER_BOUND('',#1137,.T.);
#822=FACE_OUTER_BOUND('',#1138,.T.);
#823=FACE_OUTER_BOUND('',#1139,.T.);
#824=FACE_OUTER_BOUND('',#1140,.T.);
#825=FACE_OUTER_BOUND('',#1141,.T.);
#826=FACE_OUTER_BOUND('',#1142,.T.);
#827=FACE_OUTER_BOUND('',#1143,.T.);
#828=FACE_OUTER_BOUND('',#1144,.T.);
#829=FACE_OUTER_BOUND('',#1145,.T.);
#830=FACE_OUTER_BOUND('',#1146,.T.);
#831=FACE_OUTER_BOUND('',#1147,.T.);
#832=FACE_OUTER_BOUND('',#1148,.T.);
#833=FACE_OUTER_BOUND('',#1149,.T.);
#834=FACE_OUTER_BOUND('',#1150,.T.);
#835=FACE_OUTER_BOUND('',#1151,.T.);
#836=FACE_OUTER_BOUND('',#1152,.T.);
#837=FACE_OUTER_BOUND('',#1153,.T.);
#838=FACE_OUTER_BOUND('',#1154,.T.);
#839=FACE_OUTER_BOUND('',#1155,.T.);
#840=FACE_OUTER_BOUND('',#1156,.T.);
#841=FACE_OUTER_BOUND('',#1157,.T.);
#842=FACE_OUTER_BOUND('',#1158,.T.);
#843=FACE_OUTER_BOUND('',#1159,.T.);
#844=FACE_OUTER_BOUND('',#1160,.T.);
#845=FACE_OUTER_BOUND('',#1161,.T.);
#846=FACE_OUTER_BOUND('',#1162,.T.);
#847=FACE_OUTER_BOUND('',#1163,.T.);
#848=FACE_OUTER_BOUND('',#1164,.T.);
#849=FACE_OUTER_BOUND('',#1165,.T.);
#850=FACE_OUTER_BOUND('',#1166,.T.);
#851=FACE_OUTER_BOUND('',#1167,.T.);
#852=FACE_OUTER_BOUND('',#1168,.T.);
#853=FACE_OUTER_BOUND('',#1169,.T.);
#854=FACE_OUTER_BOUND('',#1170,.T.);
#855=FACE_OUTER_BOUND('',#1171,.T.);
#856=FACE_OUTER_BOUND('',#1172,.T.);
#857=FACE_OUTER_BOUND('',#1173,.T.);
#858=FACE_OUTER_BOUND('',#1174,.T.);
#859=FACE_OUTER_BOUND('',#1175,.T.);
#860=FACE_OUTER_BOUND('',#1176,.T.);
#861=FACE_OUTER_BOUND('',#1177,.T.);
#862=FACE_OUTER_BOUND('',#1178,.T.);
#863=FACE_OUTER_BOUND('',#1179,.T.);
#864=FACE_OUTER_BOUND('',#1180,.T.);
#865=FACE_OUTER_BOUND('',#1181,.T.);
#866=FACE_OUTER_BOUND('',#1182,.T.);
#867=FACE_OUTER_BOUND('',#1183,.T.);
#868=FACE_OUTER_BOUND('',#1184,.T.);
#869=FACE_OUTER_BOUND('',#1185,.T.);
#870=FACE_OUTER_BOUND('',#1186,.T.);
#871=FACE_OUTER_BOUND('',#1187,.T.);
#872=FACE_OUTER_BOUND('',#1188,.T.);
#873=FACE_OUTER_BOUND('',#1189,.T.);
#874=FACE_OUTER_BOUND('',#1190,.T.);
#875=FACE_OUTER_BOUND('',#1191,.T.);
#876=FACE_OUTER_BOUND('',#1192,.T.);
#877=FACE_OUTER_BOUND('',#1193,.T.);
#878=FACE_OUTER_BOUND('',#1194,.T.);
#879=FACE_OUTER_BOUND('',#1195,.T.);
#880=FACE_OUTER_BOUND('',#1196,.T.);
#881=FACE_OUTER_BOUND('',#1197,.T.);
#882=FACE_OUTER_BOUND('',#1198,.T.);
#883=FACE_OUTER_BOUND('',#1199,.T.);
#884=FACE_OUTER_BOUND('',#1200,.T.);
#885=FACE_OUTER_BOUND('',#1201,.T.);
#886=FACE_OUTER_BOUND('',#1202,.T.);
#887=FACE_OUTER_BOUND('',#1203,.T.);
#888=FACE_OUTER_BOUND('',#1204,.T.);
#889=FACE_OUTER_BOUND('',#1205,.T.);
#890=FACE_OUTER_BOUND('',#1206,.T.);
#891=FACE_OUTER_BOUND('',#1207,.T.);
#892=FACE_OUTER_BOUND('',#1208,.T.);
#893=FACE_OUTER_BOUND('',#1209,.T.);
#894=FACE_OUTER_BOUND('',#1210,.T.);
#895=FACE_OUTER_BOUND('',#1211,.T.);
#896=FACE_OUTER_BOUND('',#1212,.T.);
#897=FACE_OUTER_BOUND('',#1213,.T.);
#898=FACE_OUTER_BOUND('',#1214,.T.);
#899=FACE_OUTER_BOUND('',#1215,.T.);
#900=FACE_OUTER_BOUND('',#1216,.T.);
#901=FACE_OUTER_BOUND('',#1217,.T.);
#902=FACE_OUTER_BOUND('',#1218,.T.);
#903=FACE_OUTER_BOUND('',#1219,.T.);
#904=FACE_OUTER_BOUND('',#1220,.T.);
#905=FACE_OUTER_BOUND('',#1221,.T.);
#906=FACE_OUTER_BOUND('',#1222,.T.);
#907=FACE_OUTER_BOUND('',#1223,.T.);
#908=FACE_OUTER_BOUND('',#1224,.T.);
#909=FACE_OUTER_BOUND('',#1225,.T.);
#910=FACE_OUTER_BOUND('',#1226,.T.);
#911=FACE_OUTER_BOUND('',#1227,.T.);
#912=FACE_OUTER_BOUND('',#1228,.T.);
#913=FACE_OUTER_BOUND('',#1229,.T.);
#914=FACE_OUTER_BOUND('',#1230,.T.);
#915=FACE_OUTER_BOUND('',#1231,.T.);
#916=FACE_OUTER_BOUND('',#1232,.T.);
#917=FACE_OUTER_BOUND('',#1233,.T.);
#918=FACE_OUTER_BOUND('',#1234,.T.);
#919=FACE_OUTER_BOUND('',#1235,.T.);
#920=FACE_OUTER_BOUND('',#1236,.T.);
#921=FACE_OUTER_BOUND('',#1237,.T.);
#922=FACE_OUTER_BOUND('',#1238,.T.);
#923=FACE_OUTER_BOUND('',#1239,.T.);
#924=FACE_OUTER_BOUND('',#1240,.T.);
#925=FACE_OUTER_BOUND('',#1241,.T.);
#926=FACE_OUTER_BOUND('',#1242,.T.);
#927=FACE_OUTER_BOUND('',#1243,.T.);
#928=FACE_OUTER_BOUND('',#1244,.T.);
#929=FACE_OUTER_BOUND('',#1245,.T.);
#930=EDGE_LOOP('',(#1246,#1247,#1248,#1249,#1250));
#931=EDGE_LOOP('',(#1251,#1252,#1253,#1254,#1255));
#932=EDGE_LOOP('',(#1256,#1257,#1258,#1259,#1260,#1261,#1262,#1263,#1264,
#1265));
#933=EDGE_LOOP('',(#1266,#1267,#1268,#1269));
#934=EDGE_LOOP('',(#1270,#1271,#1272,#1273,#1274));
#935=EDGE_LOOP('',(#1275,#1276,#1277,#1278,#1279,#1280,#1281,#1282));
#936=EDGE_LOOP('',(#1283,#1284,#1285,#1286,#1287,#1288,#1289,#1290,#1291,
#1292));
#937=EDGE_LOOP('',(#1293,#1294,#1295,#1296));
#938=EDGE_LOOP('',(#1297,#1298,#1299,#1300));
#939=EDGE_LOOP('',(#1301,#1302,#1303,#1304));
#940=EDGE_LOOP('',(#1305,#1306,#1307,#1308));
#941=EDGE_LOOP('',(#1309,#1310,#1311,#1312));
#942=EDGE_LOOP('',(#1313,#1314,#1315,#1316));
#943=EDGE_LOOP('',(#1317,#1318,#1319,#1320));
#944=EDGE_LOOP('',(#1321,#1322,#1323,#1324));
#945=EDGE_LOOP('',(#1325,#1326,#1327,#1328));
#946=EDGE_LOOP('',(#1329,#1330,#1331,#1332));
#947=EDGE_LOOP('',(#1333,#1334,#1335,#1336,#1337,#1338,#1339));
#948=EDGE_LOOP('',(#1340,#1341,#1342,#1343,#1344,#1345));
#949=EDGE_LOOP('',(#1346,#1347,#1348,#1349,#1350,#1351,#1352));
#950=EDGE_LOOP('',(#1353,#1354,#1355,#1356,#1357,#1358));
#951=EDGE_LOOP('',(#1359,#1360,#1361,#1362,#1363,#1364));
#952=EDGE_LOOP('',(#1365,#1366,#1367,#1368));
#953=EDGE_LOOP('',(#1369,#1370,#1371,#1372));
#954=EDGE_LOOP('',(#1373,#1374,#1375,#1376));
#955=EDGE_LOOP('',(#1377,#1378,#1379,#1380));
#956=EDGE_LOOP('',(#1381,#1382,#1383,#1384));
#957=EDGE_LOOP('',(#1385,#1386,#1387,#1388,#1389));
#958=EDGE_LOOP('',(#1390,#1391,#1392,#1393,#1394));
#959=EDGE_LOOP('',(#1395,#1396,#1397,#1398,#1399,#1400));
#960=EDGE_LOOP('',(#1401,#1402,#1403,#1404));
#961=EDGE_LOOP('',(#1405,#1406,#1407,#1408));
#962=EDGE_LOOP('',(#1409,#1410,#1411,#1412));
#963=EDGE_LOOP('',(#1413,#1414,#1415,#1416));
#964=EDGE_LOOP('',(#1417,#1418,#1419,#1420,#1421,#1422));
#965=EDGE_LOOP('',(#1423,#1424,#1425,#1426));
#966=EDGE_LOOP('',(#1427,#1428,#1429,#1430));
#967=EDGE_LOOP('',(#1431,#1432,#1433,#1434));
#968=EDGE_LOOP('',(#1435,#1436,#1437,#1438));
#969=EDGE_LOOP('',(#1439,#1440,#1441,#1442));
#970=EDGE_LOOP('',(#1443,#1444,#1445,#1446));
#971=EDGE_LOOP('',(#1447,#1448,#1449,#1450));
#972=EDGE_LOOP('',(#1451,#1452,#1453,#1454));
#973=EDGE_LOOP('',(#1455,#1456,#1457,#1458));
#974=EDGE_LOOP('',(#1459,#1460,#1461,#1462));
#975=EDGE_LOOP('',(#1463,#1464,#1465,#1466));
#976=EDGE_LOOP('',(#1467,#1468,#1469,#1470));
#977=EDGE_LOOP('',(#1471,#1472,#1473,#1474));
#978=EDGE_LOOP('',(#1475,#1476,#1477,#1478));
#979=EDGE_LOOP('',(#1479,#1480,#1481,#1482));
#980=EDGE_LOOP('',(#1483,#1484,#1485,#1486));
#981=EDGE_LOOP('',(#1487,#1488,#1489,#1490));
#982=EDGE_LOOP('',(#1491,#1492,#1493,#1494));
#983=EDGE_LOOP('',(#1495,#1496,#1497,#1498));
#984=EDGE_LOOP('',(#1499,#1500,#1501,#1502));
#985=EDGE_LOOP('',(#1503,#1504,#1505,#1506,#1507,#1508,#1509,#1510,#1511,
#1512,#1513,#1514,#1515,#1516,#1517,#1518,#1519,#1520,#1521,#1522,#1523,
#1524,#1525,#1526,#1527,#1528,#1529,#1530,#1531,#1532,#1533,#1534,#1535,
#1536,#1537,#1538,#1539,#1540,#1541,#1542));
#986=EDGE_LOOP('',(#1543,#1544,#1545,#1546));
#987=EDGE_LOOP('',(#1547,#1548,#1549,#1550));
#988=EDGE_LOOP('',(#1551,#1552,#1553,#1554));
#989=EDGE_LOOP('',(#1555,#1556,#1557,#1558));
#990=EDGE_LOOP('',(#1559,#1560,#1561,#1562));
#991=EDGE_LOOP('',(#1563,#1564,#1565,#1566));
#992=EDGE_LOOP('',(#1567,#1568,#1569,#1570));
#993=EDGE_LOOP('',(#1571,#1572,#1573,#1574));
#994=EDGE_LOOP('',(#1575,#1576,#1577,#1578));
#995=EDGE_LOOP('',(#1579,#1580,#1581,#1582));
#996=EDGE_LOOP('',(#1583,#1584,#1585,#1586));
#997=EDGE_LOOP('',(#1587,#1588,#1589,#1590));
#998=EDGE_LOOP('',(#1591,#1592,#1593,#1594));
#999=EDGE_LOOP('',(#1595,#1596,#1597,#1598));
#1000=EDGE_LOOP('',(#1599,#1600,#1601,#1602));
#1001=EDGE_LOOP('',(#1603,#1604,#1605,#1606));
#1002=EDGE_LOOP('',(#1607,#1608,#1609,#1610,#1611,#1612));
#1003=EDGE_LOOP('',(#1613,#1614,#1615,#1616,#1617,#1618,#1619,#1620,#1621,
#1622,#1623,#1624,#1625,#1626,#1627,#1628,#1629,#1630,#1631,#1632,#1633,
#1634,#1635,#1636,#1637,#1638,#1639,#1640,#1641));
#1004=EDGE_LOOP('',(#1642,#1643,#1644,#1645));
#1005=EDGE_LOOP('',(#1646,#1647,#1648,#1649,#1650,#1651,#1652,#1653,#1654,
#1655,#1656,#1657));
#1006=EDGE_LOOP('',(#1658,#1659,#1660,#1661));
#1007=EDGE_LOOP('',(#1662,#1663,#1664,#1665));
#1008=EDGE_LOOP('',(#1666,#1667,#1668,#1669,#1670,#1671,#1672,#1673,#1674,
#1675));
#1009=EDGE_LOOP('',(#1676,#1677,#1678,#1679));
#1010=EDGE_LOOP('',(#1680,#1681,#1682,#1683));
#1011=EDGE_LOOP('',(#1684,#1685,#1686,#1687,#1688));
#1012=EDGE_LOOP('',(#1689,#1690,#1691,#1692));
#1013=EDGE_LOOP('',(#1693,#1694,#1695,#1696));
#1014=EDGE_LOOP('',(#1697,#1698,#1699,#1700));
#1015=EDGE_LOOP('',(#1701,#1702,#1703,#1704));
#1016=EDGE_LOOP('',(#1705,#1706,#1707,#1708));
#1017=EDGE_LOOP('',(#1709,#1710,#1711,#1712));
#1018=EDGE_LOOP('',(#1713,#1714,#1715,#1716));
#1019=EDGE_LOOP('',(#1717,#1718,#1719,#1720,#1721));
#1020=EDGE_LOOP('',(#1722,#1723,#1724,#1725,#1726));
#1021=EDGE_LOOP('',(#1727,#1728,#1729,#1730,#1731));
#1022=EDGE_LOOP('',(#1732,#1733,#1734,#1735));
#1023=EDGE_LOOP('',(#1736,#1737,#1738,#1739,#1740,#1741));
#1024=EDGE_LOOP('',(#1742,#1743,#1744,#1745,#1746));
#1025=EDGE_LOOP('',(#1747,#1748,#1749,#1750));
#1026=EDGE_LOOP('',(#1751,#1752,#1753,#1754,#1755,#1756));
#1027=EDGE_LOOP('',(#1757,#1758,#1759,#1760));
#1028=EDGE_LOOP('',(#1761,#1762,#1763,#1764,#1765));
#1029=EDGE_LOOP('',(#1766,#1767,#1768,#1769,#1770));
#1030=EDGE_LOOP('',(#1771,#1772,#1773,#1774,#1775,#1776));
#1031=EDGE_LOOP('',(#1777,#1778,#1779,#1780));
#1032=EDGE_LOOP('',(#1781,#1782,#1783,#1784,#1785));
#1033=EDGE_LOOP('',(#1786,#1787,#1788,#1789,#1790));
#1034=EDGE_LOOP('',(#1791,#1792,#1793,#1794));
#1035=EDGE_LOOP('',(#1795,#1796,#1797,#1798));
#1036=EDGE_LOOP('',(#1799,#1800,#1801,#1802));
#1037=EDGE_LOOP('',(#1803,#1804,#1805,#1806));
#1038=EDGE_LOOP('',(#1807,#1808,#1809,#1810));
#1039=EDGE_LOOP('',(#1811,#1812,#1813,#1814));
#1040=EDGE_LOOP('',(#1815,#1816,#1817,#1818));
#1041=EDGE_LOOP('',(#1819,#1820,#1821,#1822));
#1042=EDGE_LOOP('',(#1823,#1824,#1825,#1826));
#1043=EDGE_LOOP('',(#1827,#1828,#1829,#1830));
#1044=EDGE_LOOP('',(#1831,#1832,#1833,#1834));
#1045=EDGE_LOOP('',(#1835,#1836,#1837,#1838));
#1046=EDGE_LOOP('',(#1839,#1840,#1841,#1842));
#1047=EDGE_LOOP('',(#1843,#1844,#1845,#1846));
#1048=EDGE_LOOP('',(#1847,#1848,#1849,#1850));
#1049=EDGE_LOOP('',(#1851,#1852,#1853,#1854));
#1050=EDGE_LOOP('',(#1855,#1856,#1857,#1858));
#1051=EDGE_LOOP('',(#1859,#1860,#1861,#1862));
#1052=EDGE_LOOP('',(#1863,#1864,#1865,#1866));
#1053=EDGE_LOOP('',(#1867,#1868,#1869,#1870));
#1054=EDGE_LOOP('',(#1871,#1872,#1873,#1874));
#1055=EDGE_LOOP('',(#1875,#1876,#1877,#1878));
#1056=EDGE_LOOP('',(#1879,#1880,#1881,#1882));
#1057=EDGE_LOOP('',(#1883,#1884,#1885,#1886));
#1058=EDGE_LOOP('',(#1887,#1888,#1889,#1890));
#1059=EDGE_LOOP('',(#1891,#1892,#1893,#1894));
#1060=EDGE_LOOP('',(#1895,#1896,#1897,#1898));
#1061=EDGE_LOOP('',(#1899,#1900,#1901,#1902));
#1062=EDGE_LOOP('',(#1903,#1904,#1905,#1906));
#1063=EDGE_LOOP('',(#1907,#1908,#1909,#1910));
#1064=EDGE_LOOP('',(#1911,#1912,#1913,#1914));
#1065=EDGE_LOOP('',(#1915,#1916,#1917,#1918));
#1066=EDGE_LOOP('',(#1919,#1920,#1921,#1922));
#1067=EDGE_LOOP('',(#1923,#1924,#1925,#1926));
#1068=EDGE_LOOP('',(#1927,#1928,#1929,#1930));
#1069=EDGE_LOOP('',(#1931,#1932,#1933,#1934));
#1070=EDGE_LOOP('',(#1935,#1936,#1937,#1938));
#1071=EDGE_LOOP('',(#1939,#1940,#1941,#1942));
#1072=EDGE_LOOP('',(#1943,#1944,#1945,#1946));
#1073=EDGE_LOOP('',(#1947,#1948,#1949,#1950));
#1074=EDGE_LOOP('',(#1951,#1952,#1953,#1954));
#1075=EDGE_LOOP('',(#1955,#1956,#1957,#1958));
#1076=EDGE_LOOP('',(#1959,#1960,#1961,#1962));
#1077=EDGE_LOOP('',(#1963,#1964,#1965,#1966));
#1078=EDGE_LOOP('',(#1967,#1968,#1969,#1970));
#1079=EDGE_LOOP('',(#1971,#1972,#1973,#1974));
#1080=EDGE_LOOP('',(#1975,#1976,#1977,#1978));
#1081=EDGE_LOOP('',(#1979,#1980,#1981,#1982));
#1082=EDGE_LOOP('',(#1983,#1984,#1985,#1986));
#1083=EDGE_LOOP('',(#1987,#1988,#1989,#1990));
#1084=EDGE_LOOP('',(#1991,#1992,#1993,#1994));
#1085=EDGE_LOOP('',(#1995,#1996,#1997,#1998));
#1086=EDGE_LOOP('',(#1999,#2000,#2001,#2002));
#1087=EDGE_LOOP('',(#2003,#2004,#2005,#2006));
#1088=EDGE_LOOP('',(#2007,#2008,#2009,#2010));
#1089=EDGE_LOOP('',(#2011,#2012,#2013,#2014));
#1090=EDGE_LOOP('',(#2015,#2016,#2017,#2018));
#1091=EDGE_LOOP('',(#2019,#2020,#2021,#2022));
#1092=EDGE_LOOP('',(#2023,#2024,#2025,#2026));
#1093=EDGE_LOOP('',(#2027,#2028,#2029,#2030));
#1094=EDGE_LOOP('',(#2031,#2032,#2033,#2034));
#1095=EDGE_LOOP('',(#2035,#2036,#2037,#2038));
#1096=EDGE_LOOP('',(#2039,#2040,#2041,#2042));
#1097=EDGE_LOOP('',(#2043,#2044,#2045,#2046));
#1098=EDGE_LOOP('',(#2047,#2048,#2049,#2050));
#1099=EDGE_LOOP('',(#2051,#2052,#2053,#2054));
#1100=EDGE_LOOP('',(#2055,#2056,#2057,#2058));
#1101=EDGE_LOOP('',(#2059,#2060,#2061,#2062));
#1102=EDGE_LOOP('',(#2063,#2064,#2065,#2066));
#1103=EDGE_LOOP('',(#2067,#2068,#2069,#2070));
#1104=EDGE_LOOP('',(#2071,#2072,#2073,#2074));
#1105=EDGE_LOOP('',(#2075,#2076,#2077,#2078));
#1106=EDGE_LOOP('',(#2079,#2080,#2081,#2082));
#1107=EDGE_LOOP('',(#2083,#2084,#2085,#2086));
#1108=EDGE_LOOP('',(#2087,#2088,#2089,#2090));
#1109=EDGE_LOOP('',(#2091,#2092,#2093,#2094));
#1110=EDGE_LOOP('',(#2095,#2096,#2097,#2098));
#1111=EDGE_LOOP('',(#2099,#2100,#2101,#2102));
#1112=EDGE_LOOP('',(#2103,#2104,#2105,#2106));
#1113=EDGE_LOOP('',(#2107,#2108,#2109,#2110));
#1114=EDGE_LOOP('',(#2111,#2112,#2113,#2114));
#1115=EDGE_LOOP('',(#2115,#2116,#2117,#2118));
#1116=EDGE_LOOP('',(#2119,#2120,#2121,#2122));
#1117=EDGE_LOOP('',(#2123,#2124,#2125,#2126));
#1118=EDGE_LOOP('',(#2127,#2128,#2129,#2130));
#1119=EDGE_LOOP('',(#2131,#2132,#2133,#2134));
#1120=EDGE_LOOP('',(#2135,#2136,#2137,#2138));
#1121=EDGE_LOOP('',(#2139,#2140,#2141,#2142));
#1122=EDGE_LOOP('',(#2143,#2144,#2145,#2146));
#1123=EDGE_LOOP('',(#2147,#2148,#2149,#2150));
#1124=EDGE_LOOP('',(#2151,#2152,#2153,#2154));
#1125=EDGE_LOOP('',(#2155,#2156,#2157,#2158));
#1126=EDGE_LOOP('',(#2159,#2160,#2161,#2162));
#1127=EDGE_LOOP('',(#2163,#2164,#2165,#2166));
#1128=EDGE_LOOP('',(#2167,#2168,#2169,#2170));
#1129=EDGE_LOOP('',(#2171,#2172,#2173,#2174));
#1130=EDGE_LOOP('',(#2175,#2176,#2177,#2178));
#1131=EDGE_LOOP('',(#2179,#2180,#2181,#2182));
#1132=EDGE_LOOP('',(#2183,#2184,#2185,#2186));
#1133=EDGE_LOOP('',(#2187,#2188,#2189,#2190));
#1134=EDGE_LOOP('',(#2191,#2192,#2193,#2194));
#1135=EDGE_LOOP('',(#2195,#2196,#2197,#2198));
#1136=EDGE_LOOP('',(#2199,#2200,#2201,#2202));
#1137=EDGE_LOOP('',(#2203,#2204,#2205,#2206));
#1138=EDGE_LOOP('',(#2207,#2208,#2209,#2210));
#1139=EDGE_LOOP('',(#2211,#2212,#2213,#2214));
#1140=EDGE_LOOP('',(#2215,#2216,#2217,#2218));
#1141=EDGE_LOOP('',(#2219,#2220,#2221,#2222));
#1142=EDGE_LOOP('',(#2223,#2224,#2225,#2226));
#1143=EDGE_LOOP('',(#2227,#2228,#2229,#2230));
#1144=EDGE_LOOP('',(#2231,#2232,#2233,#2234));
#1145=EDGE_LOOP('',(#2235,#2236,#2237,#2238));
#1146=EDGE_LOOP('',(#2239,#2240,#2241,#2242));
#1147=EDGE_LOOP('',(#2243,#2244,#2245,#2246));
#1148=EDGE_LOOP('',(#2247,#2248,#2249,#2250));
#1149=EDGE_LOOP('',(#2251,#2252,#2253,#2254));
#1150=EDGE_LOOP('',(#2255,#2256,#2257,#2258));
#1151=EDGE_LOOP('',(#2259,#2260,#2261,#2262));
#1152=EDGE_LOOP('',(#2263,#2264,#2265,#2266));
#1153=EDGE_LOOP('',(#2267,#2268,#2269,#2270));
#1154=EDGE_LOOP('',(#2271,#2272,#2273,#2274));
#1155=EDGE_LOOP('',(#2275,#2276,#2277,#2278));
#1156=EDGE_LOOP('',(#2279,#2280,#2281,#2282));
#1157=EDGE_LOOP('',(#2283,#2284,#2285,#2286));
#1158=EDGE_LOOP('',(#2287,#2288,#2289,#2290));
#1159=EDGE_LOOP('',(#2291,#2292,#2293,#2294));
#1160=EDGE_LOOP('',(#2295,#2296,#2297,#2298));
#1161=EDGE_LOOP('',(#2299,#2300,#2301,#2302));
#1162=EDGE_LOOP('',(#2303,#2304,#2305,#2306));
#1163=EDGE_LOOP('',(#2307,#2308,#2309,#2310));
#1164=EDGE_LOOP('',(#2311,#2312,#2313,#2314));
#1165=EDGE_LOOP('',(#2315,#2316,#2317,#2318));
#1166=EDGE_LOOP('',(#2319,#2320,#2321,#2322));
#1167=EDGE_LOOP('',(#2323,#2324,#2325,#2326));
#1168=EDGE_LOOP('',(#2327,#2328,#2329,#2330));
#1169=EDGE_LOOP('',(#2331,#2332,#2333,#2334));
#1170=EDGE_LOOP('',(#2335,#2336,#2337,#2338));
#1171=EDGE_LOOP('',(#2339,#2340,#2341,#2342));
#1172=EDGE_LOOP('',(#2343,#2344,#2345,#2346));
#1173=EDGE_LOOP('',(#2347,#2348,#2349,#2350));
#1174=EDGE_LOOP('',(#2351,#2352,#2353,#2354));
#1175=EDGE_LOOP('',(#2355,#2356,#2357,#2358));
#1176=EDGE_LOOP('',(#2359,#2360,#2361,#2362));
#1177=EDGE_LOOP('',(#2363,#2364,#2365,#2366));
#1178=EDGE_LOOP('',(#2367,#2368,#2369,#2370));
#1179=EDGE_LOOP('',(#2371,#2372,#2373,#2374));
#1180=EDGE_LOOP('',(#2375,#2376,#2377,#2378));
#1181=EDGE_LOOP('',(#2379,#2380,#2381,#2382));
#1182=EDGE_LOOP('',(#2383,#2384,#2385,#2386));
#1183=EDGE_LOOP('',(#2387,#2388,#2389,#2390));
#1184=EDGE_LOOP('',(#2391,#2392,#2393,#2394));
#1185=EDGE_LOOP('',(#2395,#2396,#2397,#2398));
#1186=EDGE_LOOP('',(#2399,#2400,#2401,#2402));
#1187=EDGE_LOOP('',(#2403,#2404,#2405,#2406));
#1188=EDGE_LOOP('',(#2407,#2408,#2409,#2410));
#1189=EDGE_LOOP('',(#2411,#2412,#2413,#2414));
#1190=EDGE_LOOP('',(#2415,#2416,#2417,#2418));
#1191=EDGE_LOOP('',(#2419,#2420,#2421,#2422));
#1192=EDGE_LOOP('',(#2423,#2424,#2425,#2426));
#1193=EDGE_LOOP('',(#2427,#2428,#2429,#2430));
#1194=EDGE_LOOP('',(#2431,#2432,#2433,#2434));
#1195=EDGE_LOOP('',(#2435,#2436,#2437,#2438));
#1196=EDGE_LOOP('',(#2439,#2440,#2441,#2442));
#1197=EDGE_LOOP('',(#2443,#2444,#2445,#2446));
#1198=EDGE_LOOP('',(#2447,#2448,#2449,#2450));
#1199=EDGE_LOOP('',(#2451,#2452,#2453,#2454));
#1200=EDGE_LOOP('',(#2455,#2456,#2457,#2458));
#1201=EDGE_LOOP('',(#2459,#2460,#2461,#2462));
#1202=EDGE_LOOP('',(#2463,#2464,#2465,#2466));
#1203=EDGE_LOOP('',(#2467,#2468,#2469,#2470));
#1204=EDGE_LOOP('',(#2471,#2472,#2473,#2474));
#1205=EDGE_LOOP('',(#2475,#2476,#2477,#2478));
#1206=EDGE_LOOP('',(#2479,#2480,#2481,#2482));
#1207=EDGE_LOOP('',(#2483,#2484,#2485,#2486));
#1208=EDGE_LOOP('',(#2487,#2488,#2489,#2490));
#1209=EDGE_LOOP('',(#2491,#2492,#2493,#2494));
#1210=EDGE_LOOP('',(#2495,#2496,#2497,#2498));
#1211=EDGE_LOOP('',(#2499,#2500,#2501,#2502));
#1212=EDGE_LOOP('',(#2503,#2504,#2505,#2506));
#1213=EDGE_LOOP('',(#2507,#2508,#2509,#2510));
#1214=EDGE_LOOP('',(#2511,#2512,#2513,#2514));
#1215=EDGE_LOOP('',(#2515,#2516,#2517,#2518));
#1216=EDGE_LOOP('',(#2519,#2520,#2521,#2522));
#1217=EDGE_LOOP('',(#2523,#2524,#2525,#2526));
#1218=EDGE_LOOP('',(#2527,#2528,#2529,#2530));
#1219=EDGE_LOOP('',(#2531,#2532,#2533,#2534));
#1220=EDGE_LOOP('',(#2535,#2536,#2537,#2538));
#1221=EDGE_LOOP('',(#2539,#2540,#2541,#2542));
#1222=EDGE_LOOP('',(#2543,#2544,#2545,#2546));
#1223=EDGE_LOOP('',(#2547,#2548,#2549,#2550));
#1224=EDGE_LOOP('',(#2551,#2552,#2553,#2554));
#1225=EDGE_LOOP('',(#2555,#2556,#2557,#2558));
#1226=EDGE_LOOP('',(#2559,#2560,#2561,#2562));
#1227=EDGE_LOOP('',(#2563,#2564,#2565,#2566));
#1228=EDGE_LOOP('',(#2567,#2568,#2569,#2570));
#1229=EDGE_LOOP('',(#2571,#2572,#2573,#2574));
#1230=EDGE_LOOP('',(#2575,#2576,#2577,#2578));
#1231=EDGE_LOOP('',(#2579,#2580,#2581,#2582,#2583,#2584,#2585,#2586,#2587,
#2588,#2589,#2590,#2591,#2592,#2593,#2594,#2595,#2596,#2597,#2598,#2599,
#2600));
#1232=EDGE_LOOP('',(#2601,#2602,#2603,#2604,#2605,#2606,#2607,#2608,#2609,
#2610,#2611));
#1233=EDGE_LOOP('',(#2612,#2613,#2614,#2615,#2616,#2617,#2618,#2619,#2620,
#2621,#2622));
#1234=EDGE_LOOP('',(#2623,#2624,#2625,#2626));
#1235=EDGE_LOOP('',(#2627,#2628,#2629,#2630));
#1236=EDGE_LOOP('',(#2631,#2632,#2633,#2634));
#1237=EDGE_LOOP('',(#2635,#2636,#2637,#2638));
#1238=EDGE_LOOP('',(#2639,#2640,#2641,#2642));
#1239=EDGE_LOOP('',(#2643,#2644,#2645,#2646));
#1240=EDGE_LOOP('',(#2647,#2648,#2649,#2650));
#1241=EDGE_LOOP('',(#2651,#2652,#2653,#2654));
#1242=EDGE_LOOP('',(#2655,#2656,#2657,#2658));
#1243=EDGE_LOOP('',(#2659,#2660,#2661,#2662));
#1244=EDGE_LOOP('',(#2663,#2664,#2665,#2666));
#1245=EDGE_LOOP('',(#2667,#2668,#2669));
#1246=ORIENTED_EDGE('',*,*,#3122,.T.);
#1247=ORIENTED_EDGE('',*,*,#3123,.T.);
#1248=ORIENTED_EDGE('',*,*,#3124,.T.);
#1249=ORIENTED_EDGE('',*,*,#3125,.T.);
#1250=ORIENTED_EDGE('',*,*,#3126,.F.);
#1251=ORIENTED_EDGE('',*,*,#3127,.T.);
#1252=ORIENTED_EDGE('',*,*,#3128,.T.);
#1253=ORIENTED_EDGE('',*,*,#3129,.T.);
#1254=ORIENTED_EDGE('',*,*,#3130,.T.);
#1255=ORIENTED_EDGE('',*,*,#3131,.T.);
#1256=ORIENTED_EDGE('',*,*,#3132,.F.);
#1257=ORIENTED_EDGE('',*,*,#3133,.T.);
#1258=ORIENTED_EDGE('',*,*,#3134,.F.);
#1259=ORIENTED_EDGE('',*,*,#3135,.T.);
#1260=ORIENTED_EDGE('',*,*,#3136,.T.);
#1261=ORIENTED_EDGE('',*,*,#3137,.T.);
#1262=ORIENTED_EDGE('',*,*,#3138,.F.);
#1263=ORIENTED_EDGE('',*,*,#3139,.T.);
#1264=ORIENTED_EDGE('',*,*,#3140,.T.);
#1265=ORIENTED_EDGE('',*,*,#3141,.F.);
#1266=ORIENTED_EDGE('',*,*,#3142,.F.);
#1267=ORIENTED_EDGE('',*,*,#3127,.F.);
#1268=ORIENTED_EDGE('',*,*,#3143,.F.);
#1269=ORIENTED_EDGE('',*,*,#3144,.F.);
#1270=ORIENTED_EDGE('',*,*,#3145,.F.);
#1271=ORIENTED_EDGE('',*,*,#3146,.T.);
#1272=ORIENTED_EDGE('',*,*,#3147,.T.);
#1273=ORIENTED_EDGE('',*,*,#3148,.F.);
#1274=ORIENTED_EDGE('',*,*,#3149,.T.);
#1275=ORIENTED_EDGE('',*,*,#3150,.F.);
#1276=ORIENTED_EDGE('',*,*,#3144,.T.);
#1277=ORIENTED_EDGE('',*,*,#3151,.F.);
#1278=ORIENTED_EDGE('',*,*,#3152,.T.);
#1279=ORIENTED_EDGE('',*,*,#3153,.T.);
#1280=ORIENTED_EDGE('',*,*,#3154,.T.);
#1281=ORIENTED_EDGE('',*,*,#3155,.F.);
#1282=ORIENTED_EDGE('',*,*,#3156,.F.);
#1283=ORIENTED_EDGE('',*,*,#3157,.T.);
#1284=ORIENTED_EDGE('',*,*,#3158,.T.);
#1285=ORIENTED_EDGE('',*,*,#3159,.F.);
#1286=ORIENTED_EDGE('',*,*,#3160,.T.);
#1287=ORIENTED_EDGE('',*,*,#3161,.F.);
#1288=ORIENTED_EDGE('',*,*,#3162,.F.);
#1289=ORIENTED_EDGE('',*,*,#3154,.F.);
#1290=ORIENTED_EDGE('',*,*,#3163,.T.);
#1291=ORIENTED_EDGE('',*,*,#3164,.T.);
#1292=ORIENTED_EDGE('',*,*,#3165,.F.);
#1293=ORIENTED_EDGE('',*,*,#3166,.F.);
#1294=ORIENTED_EDGE('',*,*,#3167,.T.);
#1295=ORIENTED_EDGE('',*,*,#3149,.F.);
#1296=ORIENTED_EDGE('',*,*,#3168,.F.);
#1297=ORIENTED_EDGE('',*,*,#3169,.F.);
#1298=ORIENTED_EDGE('',*,*,#3170,.T.);
#1299=ORIENTED_EDGE('',*,*,#3152,.F.);
#1300=ORIENTED_EDGE('',*,*,#3171,.F.);
#1301=ORIENTED_EDGE('',*,*,#3172,.T.);
#1302=ORIENTED_EDGE('',*,*,#3173,.T.);
#1303=ORIENTED_EDGE('',*,*,#3174,.F.);
#1304=ORIENTED_EDGE('',*,*,#3175,.T.);
#1305=ORIENTED_EDGE('',*,*,#3176,.T.);
#1306=ORIENTED_EDGE('',*,*,#3177,.T.);
#1307=ORIENTED_EDGE('',*,*,#3130,.F.);
#1308=ORIENTED_EDGE('',*,*,#3178,.T.);
#1309=ORIENTED_EDGE('',*,*,#3179,.T.);
#1310=ORIENTED_EDGE('',*,*,#3180,.T.);
#1311=ORIENTED_EDGE('',*,*,#3181,.F.);
#1312=ORIENTED_EDGE('',*,*,#3182,.F.);
#1313=ORIENTED_EDGE('',*,*,#3183,.T.);
#1314=ORIENTED_EDGE('',*,*,#3184,.T.);
#1315=ORIENTED_EDGE('',*,*,#3185,.F.);
#1316=ORIENTED_EDGE('',*,*,#3186,.F.);
#1317=ORIENTED_EDGE('',*,*,#3187,.T.);
#1318=ORIENTED_EDGE('',*,*,#3188,.T.);
#1319=ORIENTED_EDGE('',*,*,#3189,.F.);
#1320=ORIENTED_EDGE('',*,*,#3190,.F.);
#1321=ORIENTED_EDGE('',*,*,#3191,.T.);
#1322=ORIENTED_EDGE('',*,*,#3192,.T.);
#1323=ORIENTED_EDGE('',*,*,#3193,.F.);
#1324=ORIENTED_EDGE('',*,*,#3194,.T.);
#1325=ORIENTED_EDGE('',*,*,#3195,.T.);
#1326=ORIENTED_EDGE('',*,*,#3196,.T.);
#1327=ORIENTED_EDGE('',*,*,#3197,.F.);
#1328=ORIENTED_EDGE('',*,*,#3198,.T.);
#1329=ORIENTED_EDGE('',*,*,#3199,.T.);
#1330=ORIENTED_EDGE('',*,*,#3200,.T.);
#1331=ORIENTED_EDGE('',*,*,#3201,.F.);
#1332=ORIENTED_EDGE('',*,*,#3202,.T.);
#1333=ORIENTED_EDGE('',*,*,#3203,.T.);
#1334=ORIENTED_EDGE('',*,*,#3204,.T.);
#1335=ORIENTED_EDGE('',*,*,#3205,.T.);
#1336=ORIENTED_EDGE('',*,*,#3206,.T.);
#1337=ORIENTED_EDGE('',*,*,#3207,.T.);
#1338=ORIENTED_EDGE('',*,*,#3208,.T.);
#1339=ORIENTED_EDGE('',*,*,#3209,.T.);
#1340=ORIENTED_EDGE('',*,*,#3210,.F.);
#1341=ORIENTED_EDGE('',*,*,#3166,.T.);
#1342=ORIENTED_EDGE('',*,*,#3211,.T.);
#1343=ORIENTED_EDGE('',*,*,#3212,.T.);
#1344=ORIENTED_EDGE('',*,*,#3213,.T.);
#1345=ORIENTED_EDGE('',*,*,#3159,.T.);
#1346=ORIENTED_EDGE('',*,*,#3214,.T.);
#1347=ORIENTED_EDGE('',*,*,#3215,.T.);
#1348=ORIENTED_EDGE('',*,*,#3216,.F.);
#1349=ORIENTED_EDGE('',*,*,#3217,.F.);
#1350=ORIENTED_EDGE('',*,*,#3218,.F.);
#1351=ORIENTED_EDGE('',*,*,#3219,.T.);
#1352=ORIENTED_EDGE('',*,*,#3220,.T.);
#1353=ORIENTED_EDGE('',*,*,#3221,.T.);
#1354=ORIENTED_EDGE('',*,*,#3222,.T.);
#1355=ORIENTED_EDGE('',*,*,#3223,.F.);
#1356=ORIENTED_EDGE('',*,*,#3224,.T.);
#1357=ORIENTED_EDGE('',*,*,#3225,.T.);
#1358=ORIENTED_EDGE('',*,*,#3226,.T.);
#1359=ORIENTED_EDGE('',*,*,#3227,.T.);
#1360=ORIENTED_EDGE('',*,*,#3228,.T.);
#1361=ORIENTED_EDGE('',*,*,#3229,.F.);
#1362=ORIENTED_EDGE('',*,*,#3230,.T.);
#1363=ORIENTED_EDGE('',*,*,#3231,.F.);
#1364=ORIENTED_EDGE('',*,*,#3232,.F.);
#1365=ORIENTED_EDGE('',*,*,#3233,.T.);
#1366=ORIENTED_EDGE('',*,*,#3234,.T.);
#1367=ORIENTED_EDGE('',*,*,#3221,.F.);
#1368=ORIENTED_EDGE('',*,*,#3235,.T.);
#1369=ORIENTED_EDGE('',*,*,#3229,.T.);
#1370=ORIENTED_EDGE('',*,*,#3236,.T.);
#1371=ORIENTED_EDGE('',*,*,#3237,.F.);
#1372=ORIENTED_EDGE('',*,*,#3238,.T.);
#1373=ORIENTED_EDGE('',*,*,#3174,.T.);
#1374=ORIENTED_EDGE('',*,*,#3239,.T.);
#1375=ORIENTED_EDGE('',*,*,#3240,.F.);
#1376=ORIENTED_EDGE('',*,*,#3241,.T.);
#1377=ORIENTED_EDGE('',*,*,#3240,.T.);
#1378=ORIENTED_EDGE('',*,*,#3242,.T.);
#1379=ORIENTED_EDGE('',*,*,#3243,.F.);
#1380=ORIENTED_EDGE('',*,*,#3244,.T.);
#1381=ORIENTED_EDGE('',*,*,#3197,.T.);
#1382=ORIENTED_EDGE('',*,*,#3245,.T.);
#1383=ORIENTED_EDGE('',*,*,#3176,.F.);
#1384=ORIENTED_EDGE('',*,*,#3246,.T.);
#1385=ORIENTED_EDGE('',*,*,#3247,.F.);
#1386=ORIENTED_EDGE('',*,*,#3134,.T.);
#1387=ORIENTED_EDGE('',*,*,#3248,.T.);
#1388=ORIENTED_EDGE('',*,*,#3249,.T.);
#1389=ORIENTED_EDGE('',*,*,#3205,.F.);
#1390=ORIENTED_EDGE('',*,*,#3250,.F.);
#1391=ORIENTED_EDGE('',*,*,#3214,.F.);
#1392=ORIENTED_EDGE('',*,*,#3251,.F.);
#1393=ORIENTED_EDGE('',*,*,#3252,.T.);
#1394=ORIENTED_EDGE('',*,*,#3212,.F.);
#1395=ORIENTED_EDGE('',*,*,#3253,.T.);
#1396=ORIENTED_EDGE('',*,*,#3254,.T.);
#1397=ORIENTED_EDGE('',*,*,#3255,.F.);
#1398=ORIENTED_EDGE('',*,*,#3256,.F.);
#1399=ORIENTED_EDGE('',*,*,#3257,.F.);
#1400=ORIENTED_EDGE('',*,*,#3258,.T.);
#1401=ORIENTED_EDGE('',*,*,#3255,.T.);
#1402=ORIENTED_EDGE('',*,*,#3259,.T.);
#1403=ORIENTED_EDGE('',*,*,#3227,.F.);
#1404=ORIENTED_EDGE('',*,*,#3260,.F.);
#1405=ORIENTED_EDGE('',*,*,#3261,.F.);
#1406=ORIENTED_EDGE('',*,*,#3253,.F.);
#1407=ORIENTED_EDGE('',*,*,#3262,.T.);
#1408=ORIENTED_EDGE('',*,*,#3216,.T.);
#1409=ORIENTED_EDGE('',*,*,#3263,.F.);
#1410=ORIENTED_EDGE('',*,*,#3264,.F.);
#1411=ORIENTED_EDGE('',*,*,#3265,.F.);
#1412=ORIENTED_EDGE('',*,*,#3223,.T.);
#1413=ORIENTED_EDGE('',*,*,#3266,.T.);
#1414=ORIENTED_EDGE('',*,*,#3267,.T.);
#1415=ORIENTED_EDGE('',*,*,#3203,.F.);
#1416=ORIENTED_EDGE('',*,*,#3268,.T.);
#1417=ORIENTED_EDGE('',*,*,#3269,.F.);
#1418=ORIENTED_EDGE('',*,*,#3266,.F.);
#1419=ORIENTED_EDGE('',*,*,#3270,.T.);
#1420=ORIENTED_EDGE('',*,*,#3271,.T.);
#1421=ORIENTED_EDGE('',*,*,#3272,.F.);
#1422=ORIENTED_EDGE('',*,*,#3264,.T.);
#1423=ORIENTED_EDGE('',*,*,#3181,.T.);
#1424=ORIENTED_EDGE('',*,*,#3273,.T.);
#1425=ORIENTED_EDGE('',*,*,#3199,.F.);
#1426=ORIENTED_EDGE('',*,*,#3274,.F.);
#1427=ORIENTED_EDGE('',*,*,#3243,.T.);
#1428=ORIENTED_EDGE('',*,*,#3275,.T.);
#1429=ORIENTED_EDGE('',*,*,#3179,.F.);
#1430=ORIENTED_EDGE('',*,*,#3276,.F.);
#1431=ORIENTED_EDGE('',*,*,#3185,.T.);
#1432=ORIENTED_EDGE('',*,*,#3277,.T.);
#1433=ORIENTED_EDGE('',*,*,#3195,.F.);
#1434=ORIENTED_EDGE('',*,*,#3278,.F.);
#1435=ORIENTED_EDGE('',*,*,#3193,.T.);
#1436=ORIENTED_EDGE('',*,*,#3279,.T.);
#1437=ORIENTED_EDGE('',*,*,#3183,.F.);
#1438=ORIENTED_EDGE('',*,*,#3280,.F.);
#1439=ORIENTED_EDGE('',*,*,#3189,.T.);
#1440=ORIENTED_EDGE('',*,*,#3281,.T.);
#1441=ORIENTED_EDGE('',*,*,#3191,.F.);
#1442=ORIENTED_EDGE('',*,*,#3282,.F.);
#1443=ORIENTED_EDGE('',*,*,#3201,.T.);
#1444=ORIENTED_EDGE('',*,*,#3283,.T.);
#1445=ORIENTED_EDGE('',*,*,#3187,.F.);
#1446=ORIENTED_EDGE('',*,*,#3284,.F.);
#1447=ORIENTED_EDGE('',*,*,#3285,.F.);
#1448=ORIENTED_EDGE('',*,*,#3286,.F.);
#1449=ORIENTED_EDGE('',*,*,#3287,.F.);
#1450=ORIENTED_EDGE('',*,*,#3288,.F.);
#1451=ORIENTED_EDGE('',*,*,#3289,.F.);
#1452=ORIENTED_EDGE('',*,*,#3290,.F.);
#1453=ORIENTED_EDGE('',*,*,#3291,.F.);
#1454=ORIENTED_EDGE('',*,*,#3292,.F.);
#1455=ORIENTED_EDGE('',*,*,#3293,.F.);
#1456=ORIENTED_EDGE('',*,*,#3294,.F.);
#1457=ORIENTED_EDGE('',*,*,#3295,.F.);
#1458=ORIENTED_EDGE('',*,*,#3296,.F.);
#1459=ORIENTED_EDGE('',*,*,#3297,.F.);
#1460=ORIENTED_EDGE('',*,*,#3298,.F.);
#1461=ORIENTED_EDGE('',*,*,#3299,.F.);
#1462=ORIENTED_EDGE('',*,*,#3300,.F.);
#1463=ORIENTED_EDGE('',*,*,#3301,.F.);
#1464=ORIENTED_EDGE('',*,*,#3302,.F.);
#1465=ORIENTED_EDGE('',*,*,#3303,.F.);
#1466=ORIENTED_EDGE('',*,*,#3304,.F.);
#1467=ORIENTED_EDGE('',*,*,#3305,.F.);
#1468=ORIENTED_EDGE('',*,*,#3306,.F.);
#1469=ORIENTED_EDGE('',*,*,#3307,.F.);
#1470=ORIENTED_EDGE('',*,*,#3308,.F.);
#1471=ORIENTED_EDGE('',*,*,#3309,.F.);
#1472=ORIENTED_EDGE('',*,*,#3310,.F.);
#1473=ORIENTED_EDGE('',*,*,#3311,.F.);
#1474=ORIENTED_EDGE('',*,*,#3312,.F.);
#1475=ORIENTED_EDGE('',*,*,#3313,.T.);
#1476=ORIENTED_EDGE('',*,*,#3314,.T.);
#1477=ORIENTED_EDGE('',*,*,#3315,.T.);
#1478=ORIENTED_EDGE('',*,*,#3316,.T.);
#1479=ORIENTED_EDGE('',*,*,#3317,.T.);
#1480=ORIENTED_EDGE('',*,*,#3318,.T.);
#1481=ORIENTED_EDGE('',*,*,#3319,.T.);
#1482=ORIENTED_EDGE('',*,*,#3320,.T.);
#1483=ORIENTED_EDGE('',*,*,#3321,.T.);
#1484=ORIENTED_EDGE('',*,*,#3322,.T.);
#1485=ORIENTED_EDGE('',*,*,#3323,.T.);
#1486=ORIENTED_EDGE('',*,*,#3324,.T.);
#1487=ORIENTED_EDGE('',*,*,#3325,.T.);
#1488=ORIENTED_EDGE('',*,*,#3326,.T.);
#1489=ORIENTED_EDGE('',*,*,#3327,.T.);
#1490=ORIENTED_EDGE('',*,*,#3328,.T.);
#1491=ORIENTED_EDGE('',*,*,#3329,.T.);
#1492=ORIENTED_EDGE('',*,*,#3330,.T.);
#1493=ORIENTED_EDGE('',*,*,#3331,.T.);
#1494=ORIENTED_EDGE('',*,*,#3332,.T.);
#1495=ORIENTED_EDGE('',*,*,#3333,.T.);
#1496=ORIENTED_EDGE('',*,*,#3334,.T.);
#1497=ORIENTED_EDGE('',*,*,#3335,.T.);
#1498=ORIENTED_EDGE('',*,*,#3336,.T.);
#1499=ORIENTED_EDGE('',*,*,#3337,.T.);
#1500=ORIENTED_EDGE('',*,*,#3338,.T.);
#1501=ORIENTED_EDGE('',*,*,#3339,.T.);
#1502=ORIENTED_EDGE('',*,*,#3340,.T.);
#1503=ORIENTED_EDGE('',*,*,#3190,.T.);
#1504=ORIENTED_EDGE('',*,*,#3282,.T.);
#1505=ORIENTED_EDGE('',*,*,#3194,.F.);
#1506=ORIENTED_EDGE('',*,*,#3280,.T.);
#1507=ORIENTED_EDGE('',*,*,#3186,.T.);
#1508=ORIENTED_EDGE('',*,*,#3278,.T.);
#1509=ORIENTED_EDGE('',*,*,#3198,.F.);
#1510=ORIENTED_EDGE('',*,*,#3246,.F.);
#1511=ORIENTED_EDGE('',*,*,#3178,.F.);
#1512=ORIENTED_EDGE('',*,*,#3129,.F.);
#1513=ORIENTED_EDGE('',*,*,#3341,.T.);
#1514=ORIENTED_EDGE('',*,*,#3342,.T.);
#1515=ORIENTED_EDGE('',*,*,#3343,.F.);
#1516=ORIENTED_EDGE('',*,*,#3122,.F.);
#1517=ORIENTED_EDGE('',*,*,#3344,.F.);
#1518=ORIENTED_EDGE('',*,*,#3235,.F.);
#1519=ORIENTED_EDGE('',*,*,#3226,.F.);
#1520=ORIENTED_EDGE('',*,*,#3345,.F.);
#1521=ORIENTED_EDGE('',*,*,#3207,.F.);
#1522=ORIENTED_EDGE('',*,*,#3346,.T.);
#1523=ORIENTED_EDGE('',*,*,#3347,.T.);
#1524=ORIENTED_EDGE('',*,*,#3348,.F.);
#1525=ORIENTED_EDGE('',*,*,#3219,.F.);
#1526=ORIENTED_EDGE('',*,*,#3349,.F.);
#1527=ORIENTED_EDGE('',*,*,#3230,.F.);
#1528=ORIENTED_EDGE('',*,*,#3238,.F.);
#1529=ORIENTED_EDGE('',*,*,#3350,.F.);
#1530=ORIENTED_EDGE('',*,*,#3146,.F.);
#1531=ORIENTED_EDGE('',*,*,#3351,.T.);
#1532=ORIENTED_EDGE('',*,*,#3165,.T.);
#1533=ORIENTED_EDGE('',*,*,#3352,.F.);
#1534=ORIENTED_EDGE('',*,*,#3353,.F.);
#1535=ORIENTED_EDGE('',*,*,#3175,.F.);
#1536=ORIENTED_EDGE('',*,*,#3241,.F.);
#1537=ORIENTED_EDGE('',*,*,#3244,.F.);
#1538=ORIENTED_EDGE('',*,*,#3276,.T.);
#1539=ORIENTED_EDGE('',*,*,#3182,.T.);
#1540=ORIENTED_EDGE('',*,*,#3274,.T.);
#1541=ORIENTED_EDGE('',*,*,#3202,.F.);
#1542=ORIENTED_EDGE('',*,*,#3284,.T.);
#1543=ORIENTED_EDGE('',*,*,#3354,.F.);
#1544=ORIENTED_EDGE('',*,*,#3355,.F.);
#1545=ORIENTED_EDGE('',*,*,#3356,.F.);
#1546=ORIENTED_EDGE('',*,*,#3357,.F.);
#1547=ORIENTED_EDGE('',*,*,#3358,.F.);
#1548=ORIENTED_EDGE('',*,*,#3359,.F.);
#1549=ORIENTED_EDGE('',*,*,#3360,.F.);
#1550=ORIENTED_EDGE('',*,*,#3361,.F.);
#1551=ORIENTED_EDGE('',*,*,#3362,.F.);
#1552=ORIENTED_EDGE('',*,*,#3363,.F.);
#1553=ORIENTED_EDGE('',*,*,#3364,.F.);
#1554=ORIENTED_EDGE('',*,*,#3365,.F.);
#1555=ORIENTED_EDGE('',*,*,#3366,.F.);
#1556=ORIENTED_EDGE('',*,*,#3367,.F.);
#1557=ORIENTED_EDGE('',*,*,#3368,.F.);
#1558=ORIENTED_EDGE('',*,*,#3369,.F.);
#1559=ORIENTED_EDGE('',*,*,#3370,.F.);
#1560=ORIENTED_EDGE('',*,*,#3371,.F.);
#1561=ORIENTED_EDGE('',*,*,#3372,.F.);
#1562=ORIENTED_EDGE('',*,*,#3373,.F.);
#1563=ORIENTED_EDGE('',*,*,#3374,.F.);
#1564=ORIENTED_EDGE('',*,*,#3375,.F.);
#1565=ORIENTED_EDGE('',*,*,#3376,.F.);
#1566=ORIENTED_EDGE('',*,*,#3377,.F.);
#1567=ORIENTED_EDGE('',*,*,#3378,.F.);
#1568=ORIENTED_EDGE('',*,*,#3379,.F.);
#1569=ORIENTED_EDGE('',*,*,#3380,.F.);
#1570=ORIENTED_EDGE('',*,*,#3381,.F.);
#1571=ORIENTED_EDGE('',*,*,#3382,.F.);
#1572=ORIENTED_EDGE('',*,*,#3383,.F.);
#1573=ORIENTED_EDGE('',*,*,#3384,.F.);
#1574=ORIENTED_EDGE('',*,*,#3385,.F.);
#1575=ORIENTED_EDGE('',*,*,#3386,.T.);
#1576=ORIENTED_EDGE('',*,*,#3387,.T.);
#1577=ORIENTED_EDGE('',*,*,#3388,.T.);
#1578=ORIENTED_EDGE('',*,*,#3389,.T.);
#1579=ORIENTED_EDGE('',*,*,#3390,.T.);
#1580=ORIENTED_EDGE('',*,*,#3391,.T.);
#1581=ORIENTED_EDGE('',*,*,#3392,.T.);
#1582=ORIENTED_EDGE('',*,*,#3393,.T.);
#1583=ORIENTED_EDGE('',*,*,#3394,.T.);
#1584=ORIENTED_EDGE('',*,*,#3395,.T.);
#1585=ORIENTED_EDGE('',*,*,#3396,.T.);
#1586=ORIENTED_EDGE('',*,*,#3397,.T.);
#1587=ORIENTED_EDGE('',*,*,#3398,.T.);
#1588=ORIENTED_EDGE('',*,*,#3399,.T.);
#1589=ORIENTED_EDGE('',*,*,#3400,.T.);
#1590=ORIENTED_EDGE('',*,*,#3401,.T.);
#1591=ORIENTED_EDGE('',*,*,#3402,.T.);
#1592=ORIENTED_EDGE('',*,*,#3403,.T.);
#1593=ORIENTED_EDGE('',*,*,#3404,.T.);
#1594=ORIENTED_EDGE('',*,*,#3405,.T.);
#1595=ORIENTED_EDGE('',*,*,#3406,.T.);
#1596=ORIENTED_EDGE('',*,*,#3407,.T.);
#1597=ORIENTED_EDGE('',*,*,#3408,.T.);
#1598=ORIENTED_EDGE('',*,*,#3409,.T.);
#1599=ORIENTED_EDGE('',*,*,#3410,.T.);
#1600=ORIENTED_EDGE('',*,*,#3411,.T.);
#1601=ORIENTED_EDGE('',*,*,#3412,.T.);
#1602=ORIENTED_EDGE('',*,*,#3413,.T.);
#1603=ORIENTED_EDGE('',*,*,#3414,.T.);
#1604=ORIENTED_EDGE('',*,*,#3415,.T.);
#1605=ORIENTED_EDGE('',*,*,#3416,.T.);
#1606=ORIENTED_EDGE('',*,*,#3417,.T.);
#1607=ORIENTED_EDGE('',*,*,#3418,.F.);
#1608=ORIENTED_EDGE('',*,*,#3272,.T.);
#1609=ORIENTED_EDGE('',*,*,#3419,.T.);
#1610=ORIENTED_EDGE('',*,*,#3414,.F.);
#1611=ORIENTED_EDGE('',*,*,#3420,.T.);
#1612=ORIENTED_EDGE('',*,*,#3421,.T.);
#1613=ORIENTED_EDGE('',*,*,#3422,.F.);
#1614=ORIENTED_EDGE('',*,*,#3423,.F.);
#1615=ORIENTED_EDGE('',*,*,#3139,.F.);
#1616=ORIENTED_EDGE('',*,*,#3424,.F.);
#1617=ORIENTED_EDGE('',*,*,#3425,.F.);
#1618=ORIENTED_EDGE('',*,*,#3426,.F.);
#1619=ORIENTED_EDGE('',*,*,#3427,.F.);
#1620=ORIENTED_EDGE('',*,*,#3421,.F.);
#1621=ORIENTED_EDGE('',*,*,#3428,.F.);
#1622=ORIENTED_EDGE('',*,*,#3429,.F.);
#1623=ORIENTED_EDGE('',*,*,#3430,.F.);
#1624=ORIENTED_EDGE('',*,*,#3431,.F.);
#1625=ORIENTED_EDGE('',*,*,#3432,.F.);
#1626=ORIENTED_EDGE('',*,*,#3433,.T.);
#1627=ORIENTED_EDGE('',*,*,#3434,.T.);
#1628=ORIENTED_EDGE('',*,*,#3435,.T.);
#1629=ORIENTED_EDGE('',*,*,#3436,.T.);
#1630=ORIENTED_EDGE('',*,*,#3437,.T.);
#1631=ORIENTED_EDGE('',*,*,#3438,.T.);
#1632=ORIENTED_EDGE('',*,*,#3439,.T.);
#1633=ORIENTED_EDGE('',*,*,#3440,.F.);
#1634=ORIENTED_EDGE('',*,*,#3160,.F.);
#1635=ORIENTED_EDGE('',*,*,#3213,.F.);
#1636=ORIENTED_EDGE('',*,*,#3252,.F.);
#1637=ORIENTED_EDGE('',*,*,#3441,.F.);
#1638=ORIENTED_EDGE('',*,*,#3347,.F.);
#1639=ORIENTED_EDGE('',*,*,#3442,.F.);
#1640=ORIENTED_EDGE('',*,*,#3248,.F.);
#1641=ORIENTED_EDGE('',*,*,#3133,.F.);
#1642=ORIENTED_EDGE('',*,*,#3443,.F.);
#1643=ORIENTED_EDGE('',*,*,#3444,.F.);
#1644=ORIENTED_EDGE('',*,*,#3445,.F.);
#1645=ORIENTED_EDGE('',*,*,#3446,.F.);
#1646=ORIENTED_EDGE('',*,*,#3447,.F.);
#1647=ORIENTED_EDGE('',*,*,#3432,.T.);
#1648=ORIENTED_EDGE('',*,*,#3448,.T.);
#1649=ORIENTED_EDGE('',*,*,#3449,.F.);
#1650=ORIENTED_EDGE('',*,*,#3450,.F.);
#1651=ORIENTED_EDGE('',*,*,#3425,.T.);
#1652=ORIENTED_EDGE('',*,*,#3451,.T.);
#1653=ORIENTED_EDGE('',*,*,#3452,.T.);
#1654=ORIENTED_EDGE('',*,*,#3161,.T.);
#1655=ORIENTED_EDGE('',*,*,#3440,.T.);
#1656=ORIENTED_EDGE('',*,*,#3453,.T.);
#1657=ORIENTED_EDGE('',*,*,#3454,.T.);
#1658=ORIENTED_EDGE('',*,*,#3455,.F.);
#1659=ORIENTED_EDGE('',*,*,#3456,.F.);
#1660=ORIENTED_EDGE('',*,*,#3457,.F.);
#1661=ORIENTED_EDGE('',*,*,#3458,.F.);
#1662=ORIENTED_EDGE('',*,*,#3452,.F.);
#1663=ORIENTED_EDGE('',*,*,#3459,.T.);
#1664=ORIENTED_EDGE('',*,*,#3155,.T.);
#1665=ORIENTED_EDGE('',*,*,#3162,.T.);
#1666=ORIENTED_EDGE('',*,*,#3460,.F.);
#1667=ORIENTED_EDGE('',*,*,#3156,.T.);
#1668=ORIENTED_EDGE('',*,*,#3459,.F.);
#1669=ORIENTED_EDGE('',*,*,#3451,.F.);
#1670=ORIENTED_EDGE('',*,*,#3424,.T.);
#1671=ORIENTED_EDGE('',*,*,#3138,.T.);
#1672=ORIENTED_EDGE('',*,*,#3461,.F.);
#1673=ORIENTED_EDGE('',*,*,#3462,.F.);
#1674=ORIENTED_EDGE('',*,*,#3342,.F.);
#1675=ORIENTED_EDGE('',*,*,#3463,.F.);
#1676=ORIENTED_EDGE('',*,*,#3464,.F.);
#1677=ORIENTED_EDGE('',*,*,#3233,.F.);
#1678=ORIENTED_EDGE('',*,*,#3344,.T.);
#1679=ORIENTED_EDGE('',*,*,#3126,.T.);
#1680=ORIENTED_EDGE('',*,*,#3465,.F.);
#1681=ORIENTED_EDGE('',*,*,#3147,.F.);
#1682=ORIENTED_EDGE('',*,*,#3350,.T.);
#1683=ORIENTED_EDGE('',*,*,#3237,.T.);
#1684=ORIENTED_EDGE('',*,*,#3466,.F.);
#1685=ORIENTED_EDGE('',*,*,#3169,.T.);
#1686=ORIENTED_EDGE('',*,*,#3467,.F.);
#1687=ORIENTED_EDGE('',*,*,#3172,.F.);
#1688=ORIENTED_EDGE('',*,*,#3353,.T.);
#1689=ORIENTED_EDGE('',*,*,#3382,.T.);
#1690=ORIENTED_EDGE('',*,*,#3468,.T.);
#1691=ORIENTED_EDGE('',*,*,#3455,.T.);
#1692=ORIENTED_EDGE('',*,*,#3469,.F.);
#1693=ORIENTED_EDGE('',*,*,#3385,.T.);
#1694=ORIENTED_EDGE('',*,*,#3470,.T.);
#1695=ORIENTED_EDGE('',*,*,#3456,.T.);
#1696=ORIENTED_EDGE('',*,*,#3468,.F.);
#1697=ORIENTED_EDGE('',*,*,#3384,.T.);
#1698=ORIENTED_EDGE('',*,*,#3471,.T.);
#1699=ORIENTED_EDGE('',*,*,#3457,.T.);
#1700=ORIENTED_EDGE('',*,*,#3470,.F.);
#1701=ORIENTED_EDGE('',*,*,#3383,.T.);
#1702=ORIENTED_EDGE('',*,*,#3469,.T.);
#1703=ORIENTED_EDGE('',*,*,#3458,.T.);
#1704=ORIENTED_EDGE('',*,*,#3471,.F.);
#1705=ORIENTED_EDGE('',*,*,#3249,.F.);
#1706=ORIENTED_EDGE('',*,*,#3442,.T.);
#1707=ORIENTED_EDGE('',*,*,#3346,.F.);
#1708=ORIENTED_EDGE('',*,*,#3206,.F.);
#1709=ORIENTED_EDGE('',*,*,#3348,.T.);
#1710=ORIENTED_EDGE('',*,*,#3441,.T.);
#1711=ORIENTED_EDGE('',*,*,#3251,.T.);
#1712=ORIENTED_EDGE('',*,*,#3220,.F.);
#1713=ORIENTED_EDGE('',*,*,#3345,.T.);
#1714=ORIENTED_EDGE('',*,*,#3472,.F.);
#1715=ORIENTED_EDGE('',*,*,#3449,.T.);
#1716=ORIENTED_EDGE('',*,*,#3473,.F.);
#1717=ORIENTED_EDGE('',*,*,#3473,.T.);
#1718=ORIENTED_EDGE('',*,*,#3448,.F.);
#1719=ORIENTED_EDGE('',*,*,#3431,.T.);
#1720=ORIENTED_EDGE('',*,*,#3474,.F.);
#1721=ORIENTED_EDGE('',*,*,#3208,.F.);
#1722=ORIENTED_EDGE('',*,*,#3225,.F.);
#1723=ORIENTED_EDGE('',*,*,#3475,.T.);
#1724=ORIENTED_EDGE('',*,*,#3426,.T.);
#1725=ORIENTED_EDGE('',*,*,#3450,.T.);
#1726=ORIENTED_EDGE('',*,*,#3472,.T.);
#1727=ORIENTED_EDGE('',*,*,#3224,.F.);
#1728=ORIENTED_EDGE('',*,*,#3265,.T.);
#1729=ORIENTED_EDGE('',*,*,#3418,.T.);
#1730=ORIENTED_EDGE('',*,*,#3427,.T.);
#1731=ORIENTED_EDGE('',*,*,#3475,.F.);
#1732=ORIENTED_EDGE('',*,*,#3417,.F.);
#1733=ORIENTED_EDGE('',*,*,#3476,.T.);
#1734=ORIENTED_EDGE('',*,*,#3428,.T.);
#1735=ORIENTED_EDGE('',*,*,#3420,.F.);
#1736=ORIENTED_EDGE('',*,*,#3270,.F.);
#1737=ORIENTED_EDGE('',*,*,#3477,.T.);
#1738=ORIENTED_EDGE('',*,*,#3429,.T.);
#1739=ORIENTED_EDGE('',*,*,#3476,.F.);
#1740=ORIENTED_EDGE('',*,*,#3416,.F.);
#1741=ORIENTED_EDGE('',*,*,#3478,.F.);
#1742=ORIENTED_EDGE('',*,*,#3209,.F.);
#1743=ORIENTED_EDGE('',*,*,#3474,.T.);
#1744=ORIENTED_EDGE('',*,*,#3430,.T.);
#1745=ORIENTED_EDGE('',*,*,#3477,.F.);
#1746=ORIENTED_EDGE('',*,*,#3268,.F.);
#1747=ORIENTED_EDGE('',*,*,#3479,.T.);
#1748=ORIENTED_EDGE('',*,*,#3257,.T.);
#1749=ORIENTED_EDGE('',*,*,#3480,.F.);
#1750=ORIENTED_EDGE('',*,*,#3444,.T.);
#1751=ORIENTED_EDGE('',*,*,#3479,.F.);
#1752=ORIENTED_EDGE('',*,*,#3443,.T.);
#1753=ORIENTED_EDGE('',*,*,#3481,.T.);
#1754=ORIENTED_EDGE('',*,*,#3435,.F.);
#1755=ORIENTED_EDGE('',*,*,#3482,.F.);
#1756=ORIENTED_EDGE('',*,*,#3258,.F.);
#1757=ORIENTED_EDGE('',*,*,#3349,.T.);
#1758=ORIENTED_EDGE('',*,*,#3483,.T.);
#1759=ORIENTED_EDGE('',*,*,#3454,.F.);
#1760=ORIENTED_EDGE('',*,*,#3484,.T.);
#1761=ORIENTED_EDGE('',*,*,#3453,.F.);
#1762=ORIENTED_EDGE('',*,*,#3439,.F.);
#1763=ORIENTED_EDGE('',*,*,#3485,.F.);
#1764=ORIENTED_EDGE('',*,*,#3231,.T.);
#1765=ORIENTED_EDGE('',*,*,#3484,.F.);
#1766=ORIENTED_EDGE('',*,*,#3485,.T.);
#1767=ORIENTED_EDGE('',*,*,#3438,.F.);
#1768=ORIENTED_EDGE('',*,*,#3486,.F.);
#1769=ORIENTED_EDGE('',*,*,#3260,.T.);
#1770=ORIENTED_EDGE('',*,*,#3232,.T.);
#1771=ORIENTED_EDGE('',*,*,#3256,.T.);
#1772=ORIENTED_EDGE('',*,*,#3486,.T.);
#1773=ORIENTED_EDGE('',*,*,#3437,.F.);
#1774=ORIENTED_EDGE('',*,*,#3487,.F.);
#1775=ORIENTED_EDGE('',*,*,#3445,.T.);
#1776=ORIENTED_EDGE('',*,*,#3480,.T.);
#1777=ORIENTED_EDGE('',*,*,#3487,.T.);
#1778=ORIENTED_EDGE('',*,*,#3436,.F.);
#1779=ORIENTED_EDGE('',*,*,#3481,.F.);
#1780=ORIENTED_EDGE('',*,*,#3446,.T.);
#1781=ORIENTED_EDGE('',*,*,#3488,.T.);
#1782=ORIENTED_EDGE('',*,*,#3433,.F.);
#1783=ORIENTED_EDGE('',*,*,#3447,.T.);
#1784=ORIENTED_EDGE('',*,*,#3483,.F.);
#1785=ORIENTED_EDGE('',*,*,#3218,.T.);
#1786=ORIENTED_EDGE('',*,*,#3482,.T.);
#1787=ORIENTED_EDGE('',*,*,#3434,.F.);
#1788=ORIENTED_EDGE('',*,*,#3488,.F.);
#1789=ORIENTED_EDGE('',*,*,#3217,.T.);
#1790=ORIENTED_EDGE('',*,*,#3262,.F.);
#1791=ORIENTED_EDGE('',*,*,#3478,.T.);
#1792=ORIENTED_EDGE('',*,*,#3415,.F.);
#1793=ORIENTED_EDGE('',*,*,#3419,.F.);
#1794=ORIENTED_EDGE('',*,*,#3271,.F.);
#1795=ORIENTED_EDGE('',*,*,#3489,.T.);
#1796=ORIENTED_EDGE('',*,*,#3490,.T.);
#1797=ORIENTED_EDGE('',*,*,#3491,.T.);
#1798=ORIENTED_EDGE('',*,*,#3492,.T.);
#1799=ORIENTED_EDGE('',*,*,#3493,.F.);
#1800=ORIENTED_EDGE('',*,*,#3494,.T.);
#1801=ORIENTED_EDGE('',*,*,#3495,.T.);
#1802=ORIENTED_EDGE('',*,*,#3381,.T.);
#1803=ORIENTED_EDGE('',*,*,#3496,.F.);
#1804=ORIENTED_EDGE('',*,*,#3497,.T.);
#1805=ORIENTED_EDGE('',*,*,#3493,.T.);
#1806=ORIENTED_EDGE('',*,*,#3380,.T.);
#1807=ORIENTED_EDGE('',*,*,#3498,.F.);
#1808=ORIENTED_EDGE('',*,*,#3499,.T.);
#1809=ORIENTED_EDGE('',*,*,#3496,.T.);
#1810=ORIENTED_EDGE('',*,*,#3379,.T.);
#1811=ORIENTED_EDGE('',*,*,#3495,.F.);
#1812=ORIENTED_EDGE('',*,*,#3500,.T.);
#1813=ORIENTED_EDGE('',*,*,#3498,.T.);
#1814=ORIENTED_EDGE('',*,*,#3378,.T.);
#1815=ORIENTED_EDGE('',*,*,#3501,.F.);
#1816=ORIENTED_EDGE('',*,*,#3309,.T.);
#1817=ORIENTED_EDGE('',*,*,#3502,.T.);
#1818=ORIENTED_EDGE('',*,*,#3503,.F.);
#1819=ORIENTED_EDGE('',*,*,#3502,.F.);
#1820=ORIENTED_EDGE('',*,*,#3312,.T.);
#1821=ORIENTED_EDGE('',*,*,#3504,.T.);
#1822=ORIENTED_EDGE('',*,*,#3505,.F.);
#1823=ORIENTED_EDGE('',*,*,#3504,.F.);
#1824=ORIENTED_EDGE('',*,*,#3311,.T.);
#1825=ORIENTED_EDGE('',*,*,#3506,.T.);
#1826=ORIENTED_EDGE('',*,*,#3507,.F.);
#1827=ORIENTED_EDGE('',*,*,#3506,.F.);
#1828=ORIENTED_EDGE('',*,*,#3310,.T.);
#1829=ORIENTED_EDGE('',*,*,#3501,.T.);
#1830=ORIENTED_EDGE('',*,*,#3508,.F.);
#1831=ORIENTED_EDGE('',*,*,#3503,.T.);
#1832=ORIENTED_EDGE('',*,*,#3505,.T.);
#1833=ORIENTED_EDGE('',*,*,#3507,.T.);
#1834=ORIENTED_EDGE('',*,*,#3508,.T.);
#1835=ORIENTED_EDGE('',*,*,#3509,.T.);
#1836=ORIENTED_EDGE('',*,*,#3510,.T.);
#1837=ORIENTED_EDGE('',*,*,#3511,.T.);
#1838=ORIENTED_EDGE('',*,*,#3512,.T.);
#1839=ORIENTED_EDGE('',*,*,#3513,.F.);
#1840=ORIENTED_EDGE('',*,*,#3514,.T.);
#1841=ORIENTED_EDGE('',*,*,#3515,.T.);
#1842=ORIENTED_EDGE('',*,*,#3388,.F.);
#1843=ORIENTED_EDGE('',*,*,#3515,.F.);
#1844=ORIENTED_EDGE('',*,*,#3516,.T.);
#1845=ORIENTED_EDGE('',*,*,#3517,.T.);
#1846=ORIENTED_EDGE('',*,*,#3389,.F.);
#1847=ORIENTED_EDGE('',*,*,#3517,.F.);
#1848=ORIENTED_EDGE('',*,*,#3518,.T.);
#1849=ORIENTED_EDGE('',*,*,#3519,.T.);
#1850=ORIENTED_EDGE('',*,*,#3386,.F.);
#1851=ORIENTED_EDGE('',*,*,#3519,.F.);
#1852=ORIENTED_EDGE('',*,*,#3520,.T.);
#1853=ORIENTED_EDGE('',*,*,#3513,.T.);
#1854=ORIENTED_EDGE('',*,*,#3387,.F.);
#1855=ORIENTED_EDGE('',*,*,#3314,.F.);
#1856=ORIENTED_EDGE('',*,*,#3521,.T.);
#1857=ORIENTED_EDGE('',*,*,#3522,.T.);
#1858=ORIENTED_EDGE('',*,*,#3523,.F.);
#1859=ORIENTED_EDGE('',*,*,#3315,.F.);
#1860=ORIENTED_EDGE('',*,*,#3523,.T.);
#1861=ORIENTED_EDGE('',*,*,#3524,.T.);
#1862=ORIENTED_EDGE('',*,*,#3525,.F.);
#1863=ORIENTED_EDGE('',*,*,#3316,.F.);
#1864=ORIENTED_EDGE('',*,*,#3525,.T.);
#1865=ORIENTED_EDGE('',*,*,#3526,.T.);
#1866=ORIENTED_EDGE('',*,*,#3527,.F.);
#1867=ORIENTED_EDGE('',*,*,#3313,.F.);
#1868=ORIENTED_EDGE('',*,*,#3527,.T.);
#1869=ORIENTED_EDGE('',*,*,#3528,.T.);
#1870=ORIENTED_EDGE('',*,*,#3521,.F.);
#1871=ORIENTED_EDGE('',*,*,#3522,.F.);
#1872=ORIENTED_EDGE('',*,*,#3528,.F.);
#1873=ORIENTED_EDGE('',*,*,#3526,.F.);
#1874=ORIENTED_EDGE('',*,*,#3524,.F.);
#1875=ORIENTED_EDGE('',*,*,#3529,.F.);
#1876=ORIENTED_EDGE('',*,*,#3520,.F.);
#1877=ORIENTED_EDGE('',*,*,#3530,.F.);
#1878=ORIENTED_EDGE('',*,*,#3509,.F.);
#1879=ORIENTED_EDGE('',*,*,#3530,.T.);
#1880=ORIENTED_EDGE('',*,*,#3518,.F.);
#1881=ORIENTED_EDGE('',*,*,#3531,.F.);
#1882=ORIENTED_EDGE('',*,*,#3510,.F.);
#1883=ORIENTED_EDGE('',*,*,#3529,.T.);
#1884=ORIENTED_EDGE('',*,*,#3512,.F.);
#1885=ORIENTED_EDGE('',*,*,#3532,.F.);
#1886=ORIENTED_EDGE('',*,*,#3514,.F.);
#1887=ORIENTED_EDGE('',*,*,#3531,.T.);
#1888=ORIENTED_EDGE('',*,*,#3516,.F.);
#1889=ORIENTED_EDGE('',*,*,#3532,.T.);
#1890=ORIENTED_EDGE('',*,*,#3511,.F.);
#1891=ORIENTED_EDGE('',*,*,#3533,.F.);
#1892=ORIENTED_EDGE('',*,*,#3489,.F.);
#1893=ORIENTED_EDGE('',*,*,#3534,.F.);
#1894=ORIENTED_EDGE('',*,*,#3500,.F.);
#1895=ORIENTED_EDGE('',*,*,#3534,.T.);
#1896=ORIENTED_EDGE('',*,*,#3492,.F.);
#1897=ORIENTED_EDGE('',*,*,#3535,.F.);
#1898=ORIENTED_EDGE('',*,*,#3499,.F.);
#1899=ORIENTED_EDGE('',*,*,#3533,.T.);
#1900=ORIENTED_EDGE('',*,*,#3494,.F.);
#1901=ORIENTED_EDGE('',*,*,#3536,.F.);
#1902=ORIENTED_EDGE('',*,*,#3490,.F.);
#1903=ORIENTED_EDGE('',*,*,#3535,.T.);
#1904=ORIENTED_EDGE('',*,*,#3491,.F.);
#1905=ORIENTED_EDGE('',*,*,#3536,.T.);
#1906=ORIENTED_EDGE('',*,*,#3497,.F.);
#1907=ORIENTED_EDGE('',*,*,#3537,.T.);
#1908=ORIENTED_EDGE('',*,*,#3538,.T.);
#1909=ORIENTED_EDGE('',*,*,#3539,.T.);
#1910=ORIENTED_EDGE('',*,*,#3540,.T.);
#1911=ORIENTED_EDGE('',*,*,#3541,.F.);
#1912=ORIENTED_EDGE('',*,*,#3542,.T.);
#1913=ORIENTED_EDGE('',*,*,#3543,.T.);
#1914=ORIENTED_EDGE('',*,*,#3377,.T.);
#1915=ORIENTED_EDGE('',*,*,#3544,.F.);
#1916=ORIENTED_EDGE('',*,*,#3545,.T.);
#1917=ORIENTED_EDGE('',*,*,#3541,.T.);
#1918=ORIENTED_EDGE('',*,*,#3376,.T.);
#1919=ORIENTED_EDGE('',*,*,#3546,.F.);
#1920=ORIENTED_EDGE('',*,*,#3547,.T.);
#1921=ORIENTED_EDGE('',*,*,#3544,.T.);
#1922=ORIENTED_EDGE('',*,*,#3375,.T.);
#1923=ORIENTED_EDGE('',*,*,#3543,.F.);
#1924=ORIENTED_EDGE('',*,*,#3548,.T.);
#1925=ORIENTED_EDGE('',*,*,#3546,.T.);
#1926=ORIENTED_EDGE('',*,*,#3374,.T.);
#1927=ORIENTED_EDGE('',*,*,#3549,.F.);
#1928=ORIENTED_EDGE('',*,*,#3305,.T.);
#1929=ORIENTED_EDGE('',*,*,#3550,.T.);
#1930=ORIENTED_EDGE('',*,*,#3551,.F.);
#1931=ORIENTED_EDGE('',*,*,#3550,.F.);
#1932=ORIENTED_EDGE('',*,*,#3308,.T.);
#1933=ORIENTED_EDGE('',*,*,#3552,.T.);
#1934=ORIENTED_EDGE('',*,*,#3553,.F.);
#1935=ORIENTED_EDGE('',*,*,#3552,.F.);
#1936=ORIENTED_EDGE('',*,*,#3307,.T.);
#1937=ORIENTED_EDGE('',*,*,#3554,.T.);
#1938=ORIENTED_EDGE('',*,*,#3555,.F.);
#1939=ORIENTED_EDGE('',*,*,#3554,.F.);
#1940=ORIENTED_EDGE('',*,*,#3306,.T.);
#1941=ORIENTED_EDGE('',*,*,#3549,.T.);
#1942=ORIENTED_EDGE('',*,*,#3556,.F.);
#1943=ORIENTED_EDGE('',*,*,#3551,.T.);
#1944=ORIENTED_EDGE('',*,*,#3553,.T.);
#1945=ORIENTED_EDGE('',*,*,#3555,.T.);
#1946=ORIENTED_EDGE('',*,*,#3556,.T.);
#1947=ORIENTED_EDGE('',*,*,#3557,.T.);
#1948=ORIENTED_EDGE('',*,*,#3558,.T.);
#1949=ORIENTED_EDGE('',*,*,#3559,.T.);
#1950=ORIENTED_EDGE('',*,*,#3560,.T.);
#1951=ORIENTED_EDGE('',*,*,#3561,.F.);
#1952=ORIENTED_EDGE('',*,*,#3562,.T.);
#1953=ORIENTED_EDGE('',*,*,#3563,.T.);
#1954=ORIENTED_EDGE('',*,*,#3392,.F.);
#1955=ORIENTED_EDGE('',*,*,#3563,.F.);
#1956=ORIENTED_EDGE('',*,*,#3564,.T.);
#1957=ORIENTED_EDGE('',*,*,#3565,.T.);
#1958=ORIENTED_EDGE('',*,*,#3393,.F.);
#1959=ORIENTED_EDGE('',*,*,#3565,.F.);
#1960=ORIENTED_EDGE('',*,*,#3566,.T.);
#1961=ORIENTED_EDGE('',*,*,#3567,.T.);
#1962=ORIENTED_EDGE('',*,*,#3390,.F.);
#1963=ORIENTED_EDGE('',*,*,#3567,.F.);
#1964=ORIENTED_EDGE('',*,*,#3568,.T.);
#1965=ORIENTED_EDGE('',*,*,#3561,.T.);
#1966=ORIENTED_EDGE('',*,*,#3391,.F.);
#1967=ORIENTED_EDGE('',*,*,#3318,.F.);
#1968=ORIENTED_EDGE('',*,*,#3569,.T.);
#1969=ORIENTED_EDGE('',*,*,#3570,.T.);
#1970=ORIENTED_EDGE('',*,*,#3571,.F.);
#1971=ORIENTED_EDGE('',*,*,#3319,.F.);
#1972=ORIENTED_EDGE('',*,*,#3571,.T.);
#1973=ORIENTED_EDGE('',*,*,#3572,.T.);
#1974=ORIENTED_EDGE('',*,*,#3573,.F.);
#1975=ORIENTED_EDGE('',*,*,#3320,.F.);
#1976=ORIENTED_EDGE('',*,*,#3573,.T.);
#1977=ORIENTED_EDGE('',*,*,#3574,.T.);
#1978=ORIENTED_EDGE('',*,*,#3575,.F.);
#1979=ORIENTED_EDGE('',*,*,#3317,.F.);
#1980=ORIENTED_EDGE('',*,*,#3575,.T.);
#1981=ORIENTED_EDGE('',*,*,#3576,.T.);
#1982=ORIENTED_EDGE('',*,*,#3569,.F.);
#1983=ORIENTED_EDGE('',*,*,#3570,.F.);
#1984=ORIENTED_EDGE('',*,*,#3576,.F.);
#1985=ORIENTED_EDGE('',*,*,#3574,.F.);
#1986=ORIENTED_EDGE('',*,*,#3572,.F.);
#1987=ORIENTED_EDGE('',*,*,#3577,.F.);
#1988=ORIENTED_EDGE('',*,*,#3568,.F.);
#1989=ORIENTED_EDGE('',*,*,#3578,.F.);
#1990=ORIENTED_EDGE('',*,*,#3557,.F.);
#1991=ORIENTED_EDGE('',*,*,#3578,.T.);
#1992=ORIENTED_EDGE('',*,*,#3566,.F.);
#1993=ORIENTED_EDGE('',*,*,#3579,.F.);
#1994=ORIENTED_EDGE('',*,*,#3558,.F.);
#1995=ORIENTED_EDGE('',*,*,#3577,.T.);
#1996=ORIENTED_EDGE('',*,*,#3560,.F.);
#1997=ORIENTED_EDGE('',*,*,#3580,.F.);
#1998=ORIENTED_EDGE('',*,*,#3562,.F.);
#1999=ORIENTED_EDGE('',*,*,#3579,.T.);
#2000=ORIENTED_EDGE('',*,*,#3564,.F.);
#2001=ORIENTED_EDGE('',*,*,#3580,.T.);
#2002=ORIENTED_EDGE('',*,*,#3559,.F.);
#2003=ORIENTED_EDGE('',*,*,#3581,.F.);
#2004=ORIENTED_EDGE('',*,*,#3537,.F.);
#2005=ORIENTED_EDGE('',*,*,#3582,.F.);
#2006=ORIENTED_EDGE('',*,*,#3548,.F.);
#2007=ORIENTED_EDGE('',*,*,#3582,.T.);
#2008=ORIENTED_EDGE('',*,*,#3540,.F.);
#2009=ORIENTED_EDGE('',*,*,#3583,.F.);
#2010=ORIENTED_EDGE('',*,*,#3547,.F.);
#2011=ORIENTED_EDGE('',*,*,#3581,.T.);
#2012=ORIENTED_EDGE('',*,*,#3542,.F.);
#2013=ORIENTED_EDGE('',*,*,#3584,.F.);
#2014=ORIENTED_EDGE('',*,*,#3538,.F.);
#2015=ORIENTED_EDGE('',*,*,#3583,.T.);
#2016=ORIENTED_EDGE('',*,*,#3539,.F.);
#2017=ORIENTED_EDGE('',*,*,#3584,.T.);
#2018=ORIENTED_EDGE('',*,*,#3545,.F.);
#2019=ORIENTED_EDGE('',*,*,#3585,.T.);
#2020=ORIENTED_EDGE('',*,*,#3586,.T.);
#2021=ORIENTED_EDGE('',*,*,#3587,.T.);
#2022=ORIENTED_EDGE('',*,*,#3588,.T.);
#2023=ORIENTED_EDGE('',*,*,#3589,.F.);
#2024=ORIENTED_EDGE('',*,*,#3590,.T.);
#2025=ORIENTED_EDGE('',*,*,#3591,.T.);
#2026=ORIENTED_EDGE('',*,*,#3373,.T.);
#2027=ORIENTED_EDGE('',*,*,#3592,.F.);
#2028=ORIENTED_EDGE('',*,*,#3593,.T.);
#2029=ORIENTED_EDGE('',*,*,#3589,.T.);
#2030=ORIENTED_EDGE('',*,*,#3372,.T.);
#2031=ORIENTED_EDGE('',*,*,#3594,.F.);
#2032=ORIENTED_EDGE('',*,*,#3595,.T.);
#2033=ORIENTED_EDGE('',*,*,#3592,.T.);
#2034=ORIENTED_EDGE('',*,*,#3371,.T.);
#2035=ORIENTED_EDGE('',*,*,#3591,.F.);
#2036=ORIENTED_EDGE('',*,*,#3596,.T.);
#2037=ORIENTED_EDGE('',*,*,#3594,.T.);
#2038=ORIENTED_EDGE('',*,*,#3370,.T.);
#2039=ORIENTED_EDGE('',*,*,#3597,.F.);
#2040=ORIENTED_EDGE('',*,*,#3301,.T.);
#2041=ORIENTED_EDGE('',*,*,#3598,.T.);
#2042=ORIENTED_EDGE('',*,*,#3599,.F.);
#2043=ORIENTED_EDGE('',*,*,#3598,.F.);
#2044=ORIENTED_EDGE('',*,*,#3304,.T.);
#2045=ORIENTED_EDGE('',*,*,#3600,.T.);
#2046=ORIENTED_EDGE('',*,*,#3601,.F.);
#2047=ORIENTED_EDGE('',*,*,#3600,.F.);
#2048=ORIENTED_EDGE('',*,*,#3303,.T.);
#2049=ORIENTED_EDGE('',*,*,#3602,.T.);
#2050=ORIENTED_EDGE('',*,*,#3603,.F.);
#2051=ORIENTED_EDGE('',*,*,#3602,.F.);
#2052=ORIENTED_EDGE('',*,*,#3302,.T.);
#2053=ORIENTED_EDGE('',*,*,#3597,.T.);
#2054=ORIENTED_EDGE('',*,*,#3604,.F.);
#2055=ORIENTED_EDGE('',*,*,#3599,.T.);
#2056=ORIENTED_EDGE('',*,*,#3601,.T.);
#2057=ORIENTED_EDGE('',*,*,#3603,.T.);
#2058=ORIENTED_EDGE('',*,*,#3604,.T.);
#2059=ORIENTED_EDGE('',*,*,#3605,.T.);
#2060=ORIENTED_EDGE('',*,*,#3606,.T.);
#2061=ORIENTED_EDGE('',*,*,#3607,.T.);
#2062=ORIENTED_EDGE('',*,*,#3608,.T.);
#2063=ORIENTED_EDGE('',*,*,#3609,.F.);
#2064=ORIENTED_EDGE('',*,*,#3610,.T.);
#2065=ORIENTED_EDGE('',*,*,#3611,.T.);
#2066=ORIENTED_EDGE('',*,*,#3396,.F.);
#2067=ORIENTED_EDGE('',*,*,#3611,.F.);
#2068=ORIENTED_EDGE('',*,*,#3612,.T.);
#2069=ORIENTED_EDGE('',*,*,#3613,.T.);
#2070=ORIENTED_EDGE('',*,*,#3397,.F.);
#2071=ORIENTED_EDGE('',*,*,#3613,.F.);
#2072=ORIENTED_EDGE('',*,*,#3614,.T.);
#2073=ORIENTED_EDGE('',*,*,#3615,.T.);
#2074=ORIENTED_EDGE('',*,*,#3394,.F.);
#2075=ORIENTED_EDGE('',*,*,#3615,.F.);
#2076=ORIENTED_EDGE('',*,*,#3616,.T.);
#2077=ORIENTED_EDGE('',*,*,#3609,.T.);
#2078=ORIENTED_EDGE('',*,*,#3395,.F.);
#2079=ORIENTED_EDGE('',*,*,#3322,.F.);
#2080=ORIENTED_EDGE('',*,*,#3617,.T.);
#2081=ORIENTED_EDGE('',*,*,#3618,.T.);
#2082=ORIENTED_EDGE('',*,*,#3619,.F.);
#2083=ORIENTED_EDGE('',*,*,#3323,.F.);
#2084=ORIENTED_EDGE('',*,*,#3619,.T.);
#2085=ORIENTED_EDGE('',*,*,#3620,.T.);
#2086=ORIENTED_EDGE('',*,*,#3621,.F.);
#2087=ORIENTED_EDGE('',*,*,#3324,.F.);
#2088=ORIENTED_EDGE('',*,*,#3621,.T.);
#2089=ORIENTED_EDGE('',*,*,#3622,.T.);
#2090=ORIENTED_EDGE('',*,*,#3623,.F.);
#2091=ORIENTED_EDGE('',*,*,#3321,.F.);
#2092=ORIENTED_EDGE('',*,*,#3623,.T.);
#2093=ORIENTED_EDGE('',*,*,#3624,.T.);
#2094=ORIENTED_EDGE('',*,*,#3617,.F.);
#2095=ORIENTED_EDGE('',*,*,#3618,.F.);
#2096=ORIENTED_EDGE('',*,*,#3624,.F.);
#2097=ORIENTED_EDGE('',*,*,#3622,.F.);
#2098=ORIENTED_EDGE('',*,*,#3620,.F.);
#2099=ORIENTED_EDGE('',*,*,#3625,.F.);
#2100=ORIENTED_EDGE('',*,*,#3616,.F.);
#2101=ORIENTED_EDGE('',*,*,#3626,.F.);
#2102=ORIENTED_EDGE('',*,*,#3605,.F.);
#2103=ORIENTED_EDGE('',*,*,#3626,.T.);
#2104=ORIENTED_EDGE('',*,*,#3614,.F.);
#2105=ORIENTED_EDGE('',*,*,#3627,.F.);
#2106=ORIENTED_EDGE('',*,*,#3606,.F.);
#2107=ORIENTED_EDGE('',*,*,#3625,.T.);
#2108=ORIENTED_EDGE('',*,*,#3608,.F.);
#2109=ORIENTED_EDGE('',*,*,#3628,.F.);
#2110=ORIENTED_EDGE('',*,*,#3610,.F.);
#2111=ORIENTED_EDGE('',*,*,#3627,.T.);
#2112=ORIENTED_EDGE('',*,*,#3612,.F.);
#2113=ORIENTED_EDGE('',*,*,#3628,.T.);
#2114=ORIENTED_EDGE('',*,*,#3607,.F.);
#2115=ORIENTED_EDGE('',*,*,#3629,.F.);
#2116=ORIENTED_EDGE('',*,*,#3585,.F.);
#2117=ORIENTED_EDGE('',*,*,#3630,.F.);
#2118=ORIENTED_EDGE('',*,*,#3596,.F.);
#2119=ORIENTED_EDGE('',*,*,#3630,.T.);
#2120=ORIENTED_EDGE('',*,*,#3588,.F.);
#2121=ORIENTED_EDGE('',*,*,#3631,.F.);
#2122=ORIENTED_EDGE('',*,*,#3595,.F.);
#2123=ORIENTED_EDGE('',*,*,#3629,.T.);
#2124=ORIENTED_EDGE('',*,*,#3590,.F.);
#2125=ORIENTED_EDGE('',*,*,#3632,.F.);
#2126=ORIENTED_EDGE('',*,*,#3586,.F.);
#2127=ORIENTED_EDGE('',*,*,#3631,.T.);
#2128=ORIENTED_EDGE('',*,*,#3587,.F.);
#2129=ORIENTED_EDGE('',*,*,#3632,.T.);
#2130=ORIENTED_EDGE('',*,*,#3593,.F.);
#2131=ORIENTED_EDGE('',*,*,#3633,.T.);
#2132=ORIENTED_EDGE('',*,*,#3634,.T.);
#2133=ORIENTED_EDGE('',*,*,#3635,.T.);
#2134=ORIENTED_EDGE('',*,*,#3636,.T.);
#2135=ORIENTED_EDGE('',*,*,#3637,.F.);
#2136=ORIENTED_EDGE('',*,*,#3638,.T.);
#2137=ORIENTED_EDGE('',*,*,#3639,.T.);
#2138=ORIENTED_EDGE('',*,*,#3369,.T.);
#2139=ORIENTED_EDGE('',*,*,#3640,.F.);
#2140=ORIENTED_EDGE('',*,*,#3641,.T.);
#2141=ORIENTED_EDGE('',*,*,#3637,.T.);
#2142=ORIENTED_EDGE('',*,*,#3368,.T.);
#2143=ORIENTED_EDGE('',*,*,#3642,.F.);
#2144=ORIENTED_EDGE('',*,*,#3643,.T.);
#2145=ORIENTED_EDGE('',*,*,#3640,.T.);
#2146=ORIENTED_EDGE('',*,*,#3367,.T.);
#2147=ORIENTED_EDGE('',*,*,#3639,.F.);
#2148=ORIENTED_EDGE('',*,*,#3644,.T.);
#2149=ORIENTED_EDGE('',*,*,#3642,.T.);
#2150=ORIENTED_EDGE('',*,*,#3366,.T.);
#2151=ORIENTED_EDGE('',*,*,#3645,.F.);
#2152=ORIENTED_EDGE('',*,*,#3297,.T.);
#2153=ORIENTED_EDGE('',*,*,#3646,.T.);
#2154=ORIENTED_EDGE('',*,*,#3647,.F.);
#2155=ORIENTED_EDGE('',*,*,#3646,.F.);
#2156=ORIENTED_EDGE('',*,*,#3300,.T.);
#2157=ORIENTED_EDGE('',*,*,#3648,.T.);
#2158=ORIENTED_EDGE('',*,*,#3649,.F.);
#2159=ORIENTED_EDGE('',*,*,#3648,.F.);
#2160=ORIENTED_EDGE('',*,*,#3299,.T.);
#2161=ORIENTED_EDGE('',*,*,#3650,.T.);
#2162=ORIENTED_EDGE('',*,*,#3651,.F.);
#2163=ORIENTED_EDGE('',*,*,#3650,.F.);
#2164=ORIENTED_EDGE('',*,*,#3298,.T.);
#2165=ORIENTED_EDGE('',*,*,#3645,.T.);
#2166=ORIENTED_EDGE('',*,*,#3652,.F.);
#2167=ORIENTED_EDGE('',*,*,#3647,.T.);
#2168=ORIENTED_EDGE('',*,*,#3649,.T.);
#2169=ORIENTED_EDGE('',*,*,#3651,.T.);
#2170=ORIENTED_EDGE('',*,*,#3652,.T.);
#2171=ORIENTED_EDGE('',*,*,#3653,.T.);
#2172=ORIENTED_EDGE('',*,*,#3654,.T.);
#2173=ORIENTED_EDGE('',*,*,#3655,.T.);
#2174=ORIENTED_EDGE('',*,*,#3656,.T.);
#2175=ORIENTED_EDGE('',*,*,#3657,.F.);
#2176=ORIENTED_EDGE('',*,*,#3658,.T.);
#2177=ORIENTED_EDGE('',*,*,#3659,.T.);
#2178=ORIENTED_EDGE('',*,*,#3400,.F.);
#2179=ORIENTED_EDGE('',*,*,#3659,.F.);
#2180=ORIENTED_EDGE('',*,*,#3660,.T.);
#2181=ORIENTED_EDGE('',*,*,#3661,.T.);
#2182=ORIENTED_EDGE('',*,*,#3401,.F.);
#2183=ORIENTED_EDGE('',*,*,#3661,.F.);
#2184=ORIENTED_EDGE('',*,*,#3662,.T.);
#2185=ORIENTED_EDGE('',*,*,#3663,.T.);
#2186=ORIENTED_EDGE('',*,*,#3398,.F.);
#2187=ORIENTED_EDGE('',*,*,#3663,.F.);
#2188=ORIENTED_EDGE('',*,*,#3664,.T.);
#2189=ORIENTED_EDGE('',*,*,#3657,.T.);
#2190=ORIENTED_EDGE('',*,*,#3399,.F.);
#2191=ORIENTED_EDGE('',*,*,#3326,.F.);
#2192=ORIENTED_EDGE('',*,*,#3665,.T.);
#2193=ORIENTED_EDGE('',*,*,#3666,.T.);
#2194=ORIENTED_EDGE('',*,*,#3667,.F.);
#2195=ORIENTED_EDGE('',*,*,#3327,.F.);
#2196=ORIENTED_EDGE('',*,*,#3667,.T.);
#2197=ORIENTED_EDGE('',*,*,#3668,.T.);
#2198=ORIENTED_EDGE('',*,*,#3669,.F.);
#2199=ORIENTED_EDGE('',*,*,#3328,.F.);
#2200=ORIENTED_EDGE('',*,*,#3669,.T.);
#2201=ORIENTED_EDGE('',*,*,#3670,.T.);
#2202=ORIENTED_EDGE('',*,*,#3671,.F.);
#2203=ORIENTED_EDGE('',*,*,#3325,.F.);
#2204=ORIENTED_EDGE('',*,*,#3671,.T.);
#2205=ORIENTED_EDGE('',*,*,#3672,.T.);
#2206=ORIENTED_EDGE('',*,*,#3665,.F.);
#2207=ORIENTED_EDGE('',*,*,#3666,.F.);
#2208=ORIENTED_EDGE('',*,*,#3672,.F.);
#2209=ORIENTED_EDGE('',*,*,#3670,.F.);
#2210=ORIENTED_EDGE('',*,*,#3668,.F.);
#2211=ORIENTED_EDGE('',*,*,#3673,.F.);
#2212=ORIENTED_EDGE('',*,*,#3664,.F.);
#2213=ORIENTED_EDGE('',*,*,#3674,.F.);
#2214=ORIENTED_EDGE('',*,*,#3653,.F.);
#2215=ORIENTED_EDGE('',*,*,#3674,.T.);
#2216=ORIENTED_EDGE('',*,*,#3662,.F.);
#2217=ORIENTED_EDGE('',*,*,#3675,.F.);
#2218=ORIENTED_EDGE('',*,*,#3654,.F.);
#2219=ORIENTED_EDGE('',*,*,#3673,.T.);
#2220=ORIENTED_EDGE('',*,*,#3656,.F.);
#2221=ORIENTED_EDGE('',*,*,#3676,.F.);
#2222=ORIENTED_EDGE('',*,*,#3658,.F.);
#2223=ORIENTED_EDGE('',*,*,#3675,.T.);
#2224=ORIENTED_EDGE('',*,*,#3660,.F.);
#2225=ORIENTED_EDGE('',*,*,#3676,.T.);
#2226=ORIENTED_EDGE('',*,*,#3655,.F.);
#2227=ORIENTED_EDGE('',*,*,#3677,.F.);
#2228=ORIENTED_EDGE('',*,*,#3633,.F.);
#2229=ORIENTED_EDGE('',*,*,#3678,.F.);
#2230=ORIENTED_EDGE('',*,*,#3644,.F.);
#2231=ORIENTED_EDGE('',*,*,#3678,.T.);
#2232=ORIENTED_EDGE('',*,*,#3636,.F.);
#2233=ORIENTED_EDGE('',*,*,#3679,.F.);
#2234=ORIENTED_EDGE('',*,*,#3643,.F.);
#2235=ORIENTED_EDGE('',*,*,#3677,.T.);
#2236=ORIENTED_EDGE('',*,*,#3638,.F.);
#2237=ORIENTED_EDGE('',*,*,#3680,.F.);
#2238=ORIENTED_EDGE('',*,*,#3634,.F.);
#2239=ORIENTED_EDGE('',*,*,#3679,.T.);
#2240=ORIENTED_EDGE('',*,*,#3635,.F.);
#2241=ORIENTED_EDGE('',*,*,#3680,.T.);
#2242=ORIENTED_EDGE('',*,*,#3641,.F.);
#2243=ORIENTED_EDGE('',*,*,#3681,.T.);
#2244=ORIENTED_EDGE('',*,*,#3682,.T.);
#2245=ORIENTED_EDGE('',*,*,#3683,.T.);
#2246=ORIENTED_EDGE('',*,*,#3684,.T.);
#2247=ORIENTED_EDGE('',*,*,#3685,.F.);
#2248=ORIENTED_EDGE('',*,*,#3686,.T.);
#2249=ORIENTED_EDGE('',*,*,#3687,.T.);
#2250=ORIENTED_EDGE('',*,*,#3365,.T.);
#2251=ORIENTED_EDGE('',*,*,#3688,.F.);
#2252=ORIENTED_EDGE('',*,*,#3689,.T.);
#2253=ORIENTED_EDGE('',*,*,#3685,.T.);
#2254=ORIENTED_EDGE('',*,*,#3364,.T.);
#2255=ORIENTED_EDGE('',*,*,#3690,.F.);
#2256=ORIENTED_EDGE('',*,*,#3691,.T.);
#2257=ORIENTED_EDGE('',*,*,#3688,.T.);
#2258=ORIENTED_EDGE('',*,*,#3363,.T.);
#2259=ORIENTED_EDGE('',*,*,#3687,.F.);
#2260=ORIENTED_EDGE('',*,*,#3692,.T.);
#2261=ORIENTED_EDGE('',*,*,#3690,.T.);
#2262=ORIENTED_EDGE('',*,*,#3362,.T.);
#2263=ORIENTED_EDGE('',*,*,#3693,.F.);
#2264=ORIENTED_EDGE('',*,*,#3293,.T.);
#2265=ORIENTED_EDGE('',*,*,#3694,.T.);
#2266=ORIENTED_EDGE('',*,*,#3695,.F.);
#2267=ORIENTED_EDGE('',*,*,#3694,.F.);
#2268=ORIENTED_EDGE('',*,*,#3296,.T.);
#2269=ORIENTED_EDGE('',*,*,#3696,.T.);
#2270=ORIENTED_EDGE('',*,*,#3697,.F.);
#2271=ORIENTED_EDGE('',*,*,#3696,.F.);
#2272=ORIENTED_EDGE('',*,*,#3295,.T.);
#2273=ORIENTED_EDGE('',*,*,#3698,.T.);
#2274=ORIENTED_EDGE('',*,*,#3699,.F.);
#2275=ORIENTED_EDGE('',*,*,#3698,.F.);
#2276=ORIENTED_EDGE('',*,*,#3294,.T.);
#2277=ORIENTED_EDGE('',*,*,#3693,.T.);
#2278=ORIENTED_EDGE('',*,*,#3700,.F.);
#2279=ORIENTED_EDGE('',*,*,#3695,.T.);
#2280=ORIENTED_EDGE('',*,*,#3697,.T.);
#2281=ORIENTED_EDGE('',*,*,#3699,.T.);
#2282=ORIENTED_EDGE('',*,*,#3700,.T.);
#2283=ORIENTED_EDGE('',*,*,#3701,.T.);
#2284=ORIENTED_EDGE('',*,*,#3702,.T.);
#2285=ORIENTED_EDGE('',*,*,#3703,.T.);
#2286=ORIENTED_EDGE('',*,*,#3704,.T.);
#2287=ORIENTED_EDGE('',*,*,#3705,.F.);
#2288=ORIENTED_EDGE('',*,*,#3706,.T.);
#2289=ORIENTED_EDGE('',*,*,#3707,.T.);
#2290=ORIENTED_EDGE('',*,*,#3404,.F.);
#2291=ORIENTED_EDGE('',*,*,#3707,.F.);
#2292=ORIENTED_EDGE('',*,*,#3708,.T.);
#2293=ORIENTED_EDGE('',*,*,#3709,.T.);
#2294=ORIENTED_EDGE('',*,*,#3405,.F.);
#2295=ORIENTED_EDGE('',*,*,#3709,.F.);
#2296=ORIENTED_EDGE('',*,*,#3710,.T.);
#2297=ORIENTED_EDGE('',*,*,#3711,.T.);
#2298=ORIENTED_EDGE('',*,*,#3402,.F.);
#2299=ORIENTED_EDGE('',*,*,#3711,.F.);
#2300=ORIENTED_EDGE('',*,*,#3712,.T.);
#2301=ORIENTED_EDGE('',*,*,#3705,.T.);
#2302=ORIENTED_EDGE('',*,*,#3403,.F.);
#2303=ORIENTED_EDGE('',*,*,#3330,.F.);
#2304=ORIENTED_EDGE('',*,*,#3713,.T.);
#2305=ORIENTED_EDGE('',*,*,#3714,.T.);
#2306=ORIENTED_EDGE('',*,*,#3715,.F.);
#2307=ORIENTED_EDGE('',*,*,#3331,.F.);
#2308=ORIENTED_EDGE('',*,*,#3715,.T.);
#2309=ORIENTED_EDGE('',*,*,#3716,.T.);
#2310=ORIENTED_EDGE('',*,*,#3717,.F.);
#2311=ORIENTED_EDGE('',*,*,#3332,.F.);
#2312=ORIENTED_EDGE('',*,*,#3717,.T.);
#2313=ORIENTED_EDGE('',*,*,#3718,.T.);
#2314=ORIENTED_EDGE('',*,*,#3719,.F.);
#2315=ORIENTED_EDGE('',*,*,#3329,.F.);
#2316=ORIENTED_EDGE('',*,*,#3719,.T.);
#2317=ORIENTED_EDGE('',*,*,#3720,.T.);
#2318=ORIENTED_EDGE('',*,*,#3713,.F.);
#2319=ORIENTED_EDGE('',*,*,#3714,.F.);
#2320=ORIENTED_EDGE('',*,*,#3720,.F.);
#2321=ORIENTED_EDGE('',*,*,#3718,.F.);
#2322=ORIENTED_EDGE('',*,*,#3716,.F.);
#2323=ORIENTED_EDGE('',*,*,#3721,.F.);
#2324=ORIENTED_EDGE('',*,*,#3712,.F.);
#2325=ORIENTED_EDGE('',*,*,#3722,.F.);
#2326=ORIENTED_EDGE('',*,*,#3701,.F.);
#2327=ORIENTED_EDGE('',*,*,#3722,.T.);
#2328=ORIENTED_EDGE('',*,*,#3710,.F.);
#2329=ORIENTED_EDGE('',*,*,#3723,.F.);
#2330=ORIENTED_EDGE('',*,*,#3702,.F.);
#2331=ORIENTED_EDGE('',*,*,#3721,.T.);
#2332=ORIENTED_EDGE('',*,*,#3704,.F.);
#2333=ORIENTED_EDGE('',*,*,#3724,.F.);
#2334=ORIENTED_EDGE('',*,*,#3706,.F.);
#2335=ORIENTED_EDGE('',*,*,#3723,.T.);
#2336=ORIENTED_EDGE('',*,*,#3708,.F.);
#2337=ORIENTED_EDGE('',*,*,#3724,.T.);
#2338=ORIENTED_EDGE('',*,*,#3703,.F.);
#2339=ORIENTED_EDGE('',*,*,#3725,.F.);
#2340=ORIENTED_EDGE('',*,*,#3681,.F.);
#2341=ORIENTED_EDGE('',*,*,#3726,.F.);
#2342=ORIENTED_EDGE('',*,*,#3692,.F.);
#2343=ORIENTED_EDGE('',*,*,#3726,.T.);
#2344=ORIENTED_EDGE('',*,*,#3684,.F.);
#2345=ORIENTED_EDGE('',*,*,#3727,.F.);
#2346=ORIENTED_EDGE('',*,*,#3691,.F.);
#2347=ORIENTED_EDGE('',*,*,#3725,.T.);
#2348=ORIENTED_EDGE('',*,*,#3686,.F.);
#2349=ORIENTED_EDGE('',*,*,#3728,.F.);
#2350=ORIENTED_EDGE('',*,*,#3682,.F.);
#2351=ORIENTED_EDGE('',*,*,#3727,.T.);
#2352=ORIENTED_EDGE('',*,*,#3683,.F.);
#2353=ORIENTED_EDGE('',*,*,#3728,.T.);
#2354=ORIENTED_EDGE('',*,*,#3689,.F.);
#2355=ORIENTED_EDGE('',*,*,#3729,.T.);
#2356=ORIENTED_EDGE('',*,*,#3730,.T.);
#2357=ORIENTED_EDGE('',*,*,#3731,.T.);
#2358=ORIENTED_EDGE('',*,*,#3732,.T.);
#2359=ORIENTED_EDGE('',*,*,#3733,.F.);
#2360=ORIENTED_EDGE('',*,*,#3734,.T.);
#2361=ORIENTED_EDGE('',*,*,#3735,.T.);
#2362=ORIENTED_EDGE('',*,*,#3361,.T.);
#2363=ORIENTED_EDGE('',*,*,#3736,.F.);
#2364=ORIENTED_EDGE('',*,*,#3737,.T.);
#2365=ORIENTED_EDGE('',*,*,#3733,.T.);
#2366=ORIENTED_EDGE('',*,*,#3360,.T.);
#2367=ORIENTED_EDGE('',*,*,#3738,.F.);
#2368=ORIENTED_EDGE('',*,*,#3739,.T.);
#2369=ORIENTED_EDGE('',*,*,#3736,.T.);
#2370=ORIENTED_EDGE('',*,*,#3359,.T.);
#2371=ORIENTED_EDGE('',*,*,#3735,.F.);
#2372=ORIENTED_EDGE('',*,*,#3740,.T.);
#2373=ORIENTED_EDGE('',*,*,#3738,.T.);
#2374=ORIENTED_EDGE('',*,*,#3358,.T.);
#2375=ORIENTED_EDGE('',*,*,#3741,.F.);
#2376=ORIENTED_EDGE('',*,*,#3289,.T.);
#2377=ORIENTED_EDGE('',*,*,#3742,.T.);
#2378=ORIENTED_EDGE('',*,*,#3743,.F.);
#2379=ORIENTED_EDGE('',*,*,#3742,.F.);
#2380=ORIENTED_EDGE('',*,*,#3292,.T.);
#2381=ORIENTED_EDGE('',*,*,#3744,.T.);
#2382=ORIENTED_EDGE('',*,*,#3745,.F.);
#2383=ORIENTED_EDGE('',*,*,#3744,.F.);
#2384=ORIENTED_EDGE('',*,*,#3291,.T.);
#2385=ORIENTED_EDGE('',*,*,#3746,.T.);
#2386=ORIENTED_EDGE('',*,*,#3747,.F.);
#2387=ORIENTED_EDGE('',*,*,#3746,.F.);
#2388=ORIENTED_EDGE('',*,*,#3290,.T.);
#2389=ORIENTED_EDGE('',*,*,#3741,.T.);
#2390=ORIENTED_EDGE('',*,*,#3748,.F.);
#2391=ORIENTED_EDGE('',*,*,#3743,.T.);
#2392=ORIENTED_EDGE('',*,*,#3745,.T.);
#2393=ORIENTED_EDGE('',*,*,#3747,.T.);
#2394=ORIENTED_EDGE('',*,*,#3748,.T.);
#2395=ORIENTED_EDGE('',*,*,#3749,.T.);
#2396=ORIENTED_EDGE('',*,*,#3750,.T.);
#2397=ORIENTED_EDGE('',*,*,#3751,.T.);
#2398=ORIENTED_EDGE('',*,*,#3752,.T.);
#2399=ORIENTED_EDGE('',*,*,#3753,.F.);
#2400=ORIENTED_EDGE('',*,*,#3754,.T.);
#2401=ORIENTED_EDGE('',*,*,#3755,.T.);
#2402=ORIENTED_EDGE('',*,*,#3408,.F.);
#2403=ORIENTED_EDGE('',*,*,#3755,.F.);
#2404=ORIENTED_EDGE('',*,*,#3756,.T.);
#2405=ORIENTED_EDGE('',*,*,#3757,.T.);
#2406=ORIENTED_EDGE('',*,*,#3409,.F.);
#2407=ORIENTED_EDGE('',*,*,#3757,.F.);
#2408=ORIENTED_EDGE('',*,*,#3758,.T.);
#2409=ORIENTED_EDGE('',*,*,#3759,.T.);
#2410=ORIENTED_EDGE('',*,*,#3406,.F.);
#2411=ORIENTED_EDGE('',*,*,#3759,.F.);
#2412=ORIENTED_EDGE('',*,*,#3760,.T.);
#2413=ORIENTED_EDGE('',*,*,#3753,.T.);
#2414=ORIENTED_EDGE('',*,*,#3407,.F.);
#2415=ORIENTED_EDGE('',*,*,#3334,.F.);
#2416=ORIENTED_EDGE('',*,*,#3761,.T.);
#2417=ORIENTED_EDGE('',*,*,#3762,.T.);
#2418=ORIENTED_EDGE('',*,*,#3763,.F.);
#2419=ORIENTED_EDGE('',*,*,#3335,.F.);
#2420=ORIENTED_EDGE('',*,*,#3763,.T.);
#2421=ORIENTED_EDGE('',*,*,#3764,.T.);
#2422=ORIENTED_EDGE('',*,*,#3765,.F.);
#2423=ORIENTED_EDGE('',*,*,#3336,.F.);
#2424=ORIENTED_EDGE('',*,*,#3765,.T.);
#2425=ORIENTED_EDGE('',*,*,#3766,.T.);
#2426=ORIENTED_EDGE('',*,*,#3767,.F.);
#2427=ORIENTED_EDGE('',*,*,#3333,.F.);
#2428=ORIENTED_EDGE('',*,*,#3767,.T.);
#2429=ORIENTED_EDGE('',*,*,#3768,.T.);
#2430=ORIENTED_EDGE('',*,*,#3761,.F.);
#2431=ORIENTED_EDGE('',*,*,#3762,.F.);
#2432=ORIENTED_EDGE('',*,*,#3768,.F.);
#2433=ORIENTED_EDGE('',*,*,#3766,.F.);
#2434=ORIENTED_EDGE('',*,*,#3764,.F.);
#2435=ORIENTED_EDGE('',*,*,#3769,.F.);
#2436=ORIENTED_EDGE('',*,*,#3760,.F.);
#2437=ORIENTED_EDGE('',*,*,#3770,.F.);
#2438=ORIENTED_EDGE('',*,*,#3749,.F.);
#2439=ORIENTED_EDGE('',*,*,#3770,.T.);
#2440=ORIENTED_EDGE('',*,*,#3758,.F.);
#2441=ORIENTED_EDGE('',*,*,#3771,.F.);
#2442=ORIENTED_EDGE('',*,*,#3750,.F.);
#2443=ORIENTED_EDGE('',*,*,#3769,.T.);
#2444=ORIENTED_EDGE('',*,*,#3752,.F.);
#2445=ORIENTED_EDGE('',*,*,#3772,.F.);
#2446=ORIENTED_EDGE('',*,*,#3754,.F.);
#2447=ORIENTED_EDGE('',*,*,#3771,.T.);
#2448=ORIENTED_EDGE('',*,*,#3756,.F.);
#2449=ORIENTED_EDGE('',*,*,#3772,.T.);
#2450=ORIENTED_EDGE('',*,*,#3751,.F.);
#2451=ORIENTED_EDGE('',*,*,#3773,.F.);
#2452=ORIENTED_EDGE('',*,*,#3729,.F.);
#2453=ORIENTED_EDGE('',*,*,#3774,.F.);
#2454=ORIENTED_EDGE('',*,*,#3740,.F.);
#2455=ORIENTED_EDGE('',*,*,#3774,.T.);
#2456=ORIENTED_EDGE('',*,*,#3732,.F.);
#2457=ORIENTED_EDGE('',*,*,#3775,.F.);
#2458=ORIENTED_EDGE('',*,*,#3739,.F.);
#2459=ORIENTED_EDGE('',*,*,#3773,.T.);
#2460=ORIENTED_EDGE('',*,*,#3734,.F.);
#2461=ORIENTED_EDGE('',*,*,#3776,.F.);
#2462=ORIENTED_EDGE('',*,*,#3730,.F.);
#2463=ORIENTED_EDGE('',*,*,#3775,.T.);
#2464=ORIENTED_EDGE('',*,*,#3731,.F.);
#2465=ORIENTED_EDGE('',*,*,#3776,.T.);
#2466=ORIENTED_EDGE('',*,*,#3737,.F.);
#2467=ORIENTED_EDGE('',*,*,#3777,.T.);
#2468=ORIENTED_EDGE('',*,*,#3778,.T.);
#2469=ORIENTED_EDGE('',*,*,#3779,.T.);
#2470=ORIENTED_EDGE('',*,*,#3780,.T.);
#2471=ORIENTED_EDGE('',*,*,#3781,.F.);
#2472=ORIENTED_EDGE('',*,*,#3782,.T.);
#2473=ORIENTED_EDGE('',*,*,#3783,.T.);
#2474=ORIENTED_EDGE('',*,*,#3357,.T.);
#2475=ORIENTED_EDGE('',*,*,#3784,.F.);
#2476=ORIENTED_EDGE('',*,*,#3785,.T.);
#2477=ORIENTED_EDGE('',*,*,#3781,.T.);
#2478=ORIENTED_EDGE('',*,*,#3356,.T.);
#2479=ORIENTED_EDGE('',*,*,#3786,.F.);
#2480=ORIENTED_EDGE('',*,*,#3787,.T.);
#2481=ORIENTED_EDGE('',*,*,#3784,.T.);
#2482=ORIENTED_EDGE('',*,*,#3355,.T.);
#2483=ORIENTED_EDGE('',*,*,#3783,.F.);
#2484=ORIENTED_EDGE('',*,*,#3788,.T.);
#2485=ORIENTED_EDGE('',*,*,#3786,.T.);
#2486=ORIENTED_EDGE('',*,*,#3354,.T.);
#2487=ORIENTED_EDGE('',*,*,#3789,.F.);
#2488=ORIENTED_EDGE('',*,*,#3285,.T.);
#2489=ORIENTED_EDGE('',*,*,#3790,.T.);
#2490=ORIENTED_EDGE('',*,*,#3791,.F.);
#2491=ORIENTED_EDGE('',*,*,#3790,.F.);
#2492=ORIENTED_EDGE('',*,*,#3288,.T.);
#2493=ORIENTED_EDGE('',*,*,#3792,.T.);
#2494=ORIENTED_EDGE('',*,*,#3793,.F.);
#2495=ORIENTED_EDGE('',*,*,#3792,.F.);
#2496=ORIENTED_EDGE('',*,*,#3287,.T.);
#2497=ORIENTED_EDGE('',*,*,#3794,.T.);
#2498=ORIENTED_EDGE('',*,*,#3795,.F.);
#2499=ORIENTED_EDGE('',*,*,#3794,.F.);
#2500=ORIENTED_EDGE('',*,*,#3286,.T.);
#2501=ORIENTED_EDGE('',*,*,#3789,.T.);
#2502=ORIENTED_EDGE('',*,*,#3796,.F.);
#2503=ORIENTED_EDGE('',*,*,#3791,.T.);
#2504=ORIENTED_EDGE('',*,*,#3793,.T.);
#2505=ORIENTED_EDGE('',*,*,#3795,.T.);
#2506=ORIENTED_EDGE('',*,*,#3796,.T.);
#2507=ORIENTED_EDGE('',*,*,#3797,.T.);
#2508=ORIENTED_EDGE('',*,*,#3798,.T.);
#2509=ORIENTED_EDGE('',*,*,#3799,.T.);
#2510=ORIENTED_EDGE('',*,*,#3800,.T.);
#2511=ORIENTED_EDGE('',*,*,#3801,.F.);
#2512=ORIENTED_EDGE('',*,*,#3802,.T.);
#2513=ORIENTED_EDGE('',*,*,#3803,.T.);
#2514=ORIENTED_EDGE('',*,*,#3412,.F.);
#2515=ORIENTED_EDGE('',*,*,#3803,.F.);
#2516=ORIENTED_EDGE('',*,*,#3804,.T.);
#2517=ORIENTED_EDGE('',*,*,#3805,.T.);
#2518=ORIENTED_EDGE('',*,*,#3413,.F.);
#2519=ORIENTED_EDGE('',*,*,#3805,.F.);
#2520=ORIENTED_EDGE('',*,*,#3806,.T.);
#2521=ORIENTED_EDGE('',*,*,#3807,.T.);
#2522=ORIENTED_EDGE('',*,*,#3410,.F.);
#2523=ORIENTED_EDGE('',*,*,#3807,.F.);
#2524=ORIENTED_EDGE('',*,*,#3808,.T.);
#2525=ORIENTED_EDGE('',*,*,#3801,.T.);
#2526=ORIENTED_EDGE('',*,*,#3411,.F.);
#2527=ORIENTED_EDGE('',*,*,#3338,.F.);
#2528=ORIENTED_EDGE('',*,*,#3809,.T.);
#2529=ORIENTED_EDGE('',*,*,#3810,.T.);
#2530=ORIENTED_EDGE('',*,*,#3811,.F.);
#2531=ORIENTED_EDGE('',*,*,#3339,.F.);
#2532=ORIENTED_EDGE('',*,*,#3811,.T.);
#2533=ORIENTED_EDGE('',*,*,#3812,.T.);
#2534=ORIENTED_EDGE('',*,*,#3813,.F.);
#2535=ORIENTED_EDGE('',*,*,#3340,.F.);
#2536=ORIENTED_EDGE('',*,*,#3813,.T.);
#2537=ORIENTED_EDGE('',*,*,#3814,.T.);
#2538=ORIENTED_EDGE('',*,*,#3815,.F.);
#2539=ORIENTED_EDGE('',*,*,#3337,.F.);
#2540=ORIENTED_EDGE('',*,*,#3815,.T.);
#2541=ORIENTED_EDGE('',*,*,#3816,.T.);
#2542=ORIENTED_EDGE('',*,*,#3809,.F.);
#2543=ORIENTED_EDGE('',*,*,#3810,.F.);
#2544=ORIENTED_EDGE('',*,*,#3816,.F.);
#2545=ORIENTED_EDGE('',*,*,#3814,.F.);
#2546=ORIENTED_EDGE('',*,*,#3812,.F.);
#2547=ORIENTED_EDGE('',*,*,#3817,.F.);
#2548=ORIENTED_EDGE('',*,*,#3808,.F.);
#2549=ORIENTED_EDGE('',*,*,#3818,.F.);
#2550=ORIENTED_EDGE('',*,*,#3797,.F.);
#2551=ORIENTED_EDGE('',*,*,#3818,.T.);
#2552=ORIENTED_EDGE('',*,*,#3806,.F.);
#2553=ORIENTED_EDGE('',*,*,#3819,.F.);
#2554=ORIENTED_EDGE('',*,*,#3798,.F.);
#2555=ORIENTED_EDGE('',*,*,#3817,.T.);
#2556=ORIENTED_EDGE('',*,*,#3800,.F.);
#2557=ORIENTED_EDGE('',*,*,#3820,.F.);
#2558=ORIENTED_EDGE('',*,*,#3802,.F.);
#2559=ORIENTED_EDGE('',*,*,#3819,.T.);
#2560=ORIENTED_EDGE('',*,*,#3804,.F.);
#2561=ORIENTED_EDGE('',*,*,#3820,.T.);
#2562=ORIENTED_EDGE('',*,*,#3799,.F.);
#2563=ORIENTED_EDGE('',*,*,#3821,.F.);
#2564=ORIENTED_EDGE('',*,*,#3777,.F.);
#2565=ORIENTED_EDGE('',*,*,#3822,.F.);
#2566=ORIENTED_EDGE('',*,*,#3788,.F.);
#2567=ORIENTED_EDGE('',*,*,#3822,.T.);
#2568=ORIENTED_EDGE('',*,*,#3780,.F.);
#2569=ORIENTED_EDGE('',*,*,#3823,.F.);
#2570=ORIENTED_EDGE('',*,*,#3787,.F.);
#2571=ORIENTED_EDGE('',*,*,#3821,.T.);
#2572=ORIENTED_EDGE('',*,*,#3782,.F.);
#2573=ORIENTED_EDGE('',*,*,#3824,.F.);
#2574=ORIENTED_EDGE('',*,*,#3778,.F.);
#2575=ORIENTED_EDGE('',*,*,#3823,.T.);
#2576=ORIENTED_EDGE('',*,*,#3779,.F.);
#2577=ORIENTED_EDGE('',*,*,#3824,.T.);
#2578=ORIENTED_EDGE('',*,*,#3785,.F.);
#2579=ORIENTED_EDGE('',*,*,#3173,.F.);
#2580=ORIENTED_EDGE('',*,*,#3467,.T.);
#2581=ORIENTED_EDGE('',*,*,#3171,.T.);
#2582=ORIENTED_EDGE('',*,*,#3151,.T.);
#2583=ORIENTED_EDGE('',*,*,#3143,.T.);
#2584=ORIENTED_EDGE('',*,*,#3131,.F.);
#2585=ORIENTED_EDGE('',*,*,#3177,.F.);
#2586=ORIENTED_EDGE('',*,*,#3245,.F.);
#2587=ORIENTED_EDGE('',*,*,#3196,.F.);
#2588=ORIENTED_EDGE('',*,*,#3277,.F.);
#2589=ORIENTED_EDGE('',*,*,#3184,.F.);
#2590=ORIENTED_EDGE('',*,*,#3279,.F.);
#2591=ORIENTED_EDGE('',*,*,#3192,.F.);
#2592=ORIENTED_EDGE('',*,*,#3281,.F.);
#2593=ORIENTED_EDGE('',*,*,#3188,.F.);
#2594=ORIENTED_EDGE('',*,*,#3283,.F.);
#2595=ORIENTED_EDGE('',*,*,#3200,.F.);
#2596=ORIENTED_EDGE('',*,*,#3273,.F.);
#2597=ORIENTED_EDGE('',*,*,#3180,.F.);
#2598=ORIENTED_EDGE('',*,*,#3275,.F.);
#2599=ORIENTED_EDGE('',*,*,#3242,.F.);
#2600=ORIENTED_EDGE('',*,*,#3239,.F.);
#2601=ORIENTED_EDGE('',*,*,#3464,.T.);
#2602=ORIENTED_EDGE('',*,*,#3125,.F.);
#2603=ORIENTED_EDGE('',*,*,#3825,.T.);
#2604=ORIENTED_EDGE('',*,*,#3135,.F.);
#2605=ORIENTED_EDGE('',*,*,#3247,.T.);
#2606=ORIENTED_EDGE('',*,*,#3204,.F.);
#2607=ORIENTED_EDGE('',*,*,#3267,.F.);
#2608=ORIENTED_EDGE('',*,*,#3269,.T.);
#2609=ORIENTED_EDGE('',*,*,#3263,.T.);
#2610=ORIENTED_EDGE('',*,*,#3222,.F.);
#2611=ORIENTED_EDGE('',*,*,#3234,.F.);
#2612=ORIENTED_EDGE('',*,*,#3228,.F.);
#2613=ORIENTED_EDGE('',*,*,#3259,.F.);
#2614=ORIENTED_EDGE('',*,*,#3254,.F.);
#2615=ORIENTED_EDGE('',*,*,#3261,.T.);
#2616=ORIENTED_EDGE('',*,*,#3215,.F.);
#2617=ORIENTED_EDGE('',*,*,#3250,.T.);
#2618=ORIENTED_EDGE('',*,*,#3211,.F.);
#2619=ORIENTED_EDGE('',*,*,#3168,.T.);
#2620=ORIENTED_EDGE('',*,*,#3148,.T.);
#2621=ORIENTED_EDGE('',*,*,#3465,.T.);
#2622=ORIENTED_EDGE('',*,*,#3236,.F.);
#2623=ORIENTED_EDGE('',*,*,#3826,.F.);
#2624=ORIENTED_EDGE('',*,*,#3136,.F.);
#2625=ORIENTED_EDGE('',*,*,#3825,.F.);
#2626=ORIENTED_EDGE('',*,*,#3124,.F.);
#2627=ORIENTED_EDGE('',*,*,#3827,.T.);
#2628=ORIENTED_EDGE('',*,*,#3167,.F.);
#2629=ORIENTED_EDGE('',*,*,#3210,.T.);
#2630=ORIENTED_EDGE('',*,*,#3158,.F.);
#2631=ORIENTED_EDGE('',*,*,#3153,.F.);
#2632=ORIENTED_EDGE('',*,*,#3170,.F.);
#2633=ORIENTED_EDGE('',*,*,#3828,.F.);
#2634=ORIENTED_EDGE('',*,*,#3163,.F.);
#2635=ORIENTED_EDGE('',*,*,#3828,.T.);
#2636=ORIENTED_EDGE('',*,*,#3466,.T.);
#2637=ORIENTED_EDGE('',*,*,#3352,.T.);
#2638=ORIENTED_EDGE('',*,*,#3164,.F.);
#2639=ORIENTED_EDGE('',*,*,#3351,.F.);
#2640=ORIENTED_EDGE('',*,*,#3145,.T.);
#2641=ORIENTED_EDGE('',*,*,#3827,.F.);
#2642=ORIENTED_EDGE('',*,*,#3157,.F.);
#2643=ORIENTED_EDGE('',*,*,#3460,.T.);
#2644=ORIENTED_EDGE('',*,*,#3829,.T.);
#2645=ORIENTED_EDGE('',*,*,#3142,.T.);
#2646=ORIENTED_EDGE('',*,*,#3150,.T.);
#2647=ORIENTED_EDGE('',*,*,#3463,.T.);
#2648=ORIENTED_EDGE('',*,*,#3341,.F.);
#2649=ORIENTED_EDGE('',*,*,#3128,.F.);
#2650=ORIENTED_EDGE('',*,*,#3829,.F.);
#2651=ORIENTED_EDGE('',*,*,#3461,.T.);
#2652=ORIENTED_EDGE('',*,*,#3137,.F.);
#2653=ORIENTED_EDGE('',*,*,#3826,.T.);
#2654=ORIENTED_EDGE('',*,*,#3830,.F.);
#2655=ORIENTED_EDGE('',*,*,#3462,.T.);
#2656=ORIENTED_EDGE('',*,*,#3830,.T.);
#2657=ORIENTED_EDGE('',*,*,#3123,.F.);
#2658=ORIENTED_EDGE('',*,*,#3343,.T.);
#2659=ORIENTED_EDGE('',*,*,#3422,.T.);
#2660=ORIENTED_EDGE('',*,*,#3132,.T.);
#2661=ORIENTED_EDGE('',*,*,#3831,.T.);
#2662=ORIENTED_EDGE('',*,*,#3832,.T.);
#2663=ORIENTED_EDGE('',*,*,#3423,.T.);
#2664=ORIENTED_EDGE('',*,*,#3832,.F.);
#2665=ORIENTED_EDGE('',*,*,#3833,.T.);
#2666=ORIENTED_EDGE('',*,*,#3140,.F.);
#2667=ORIENTED_EDGE('',*,*,#3831,.F.);
#2668=ORIENTED_EDGE('',*,*,#3141,.T.);
#2669=ORIENTED_EDGE('',*,*,#3833,.F.);
#2670=VERTEX_POINT('',#6836);
#2671=VERTEX_POINT('',#6837);
#2672=VERTEX_POINT('',#6839);
#2673=VERTEX_POINT('',#6841);
#2674=VERTEX_POINT('',#6843);
#2675=VERTEX_POINT('',#6847);
#2676=VERTEX_POINT('',#6848);
#2677=VERTEX_POINT('',#6850);
#2678=VERTEX_POINT('',#6852);
#2679=VERTEX_POINT('',#6854);
#2680=VERTEX_POINT('',#6858);
#2681=VERTEX_POINT('',#6859);
#2682=VERTEX_POINT('',#6861);
#2683=VERTEX_POINT('',#6863);
#2684=VERTEX_POINT('',#6865);
#2685=VERTEX_POINT('',#6867);
#2686=VERTEX_POINT('',#6869);
#2687=VERTEX_POINT('',#6871);
#2688=VERTEX_POINT('',#6873);
#2689=VERTEX_POINT('',#6875);
#2690=VERTEX_POINT('',#6879);
#2691=VERTEX_POINT('',#6881);
#2692=VERTEX_POINT('',#6885);
#2693=VERTEX_POINT('',#6886);
#2694=VERTEX_POINT('',#6888);
#2695=VERTEX_POINT('',#6890);
#2696=VERTEX_POINT('',#6892);
#2697=VERTEX_POINT('',#6896);
#2698=VERTEX_POINT('',#6898);
#2699=VERTEX_POINT('',#6900);
#2700=VERTEX_POINT('',#6902);
#2701=VERTEX_POINT('',#6904);
#2702=VERTEX_POINT('',#6906);
#2703=VERTEX_POINT('',#6910);
#2704=VERTEX_POINT('',#6911);
#2705=VERTEX_POINT('',#6913);
#2706=VERTEX_POINT('',#6915);
#2707=VERTEX_POINT('',#6917);
#2708=VERTEX_POINT('',#6919);
#2709=VERTEX_POINT('',#6922);
#2710=VERTEX_POINT('',#6924);
#2711=VERTEX_POINT('',#6928);
#2712=VERTEX_POINT('',#6929);
#2713=VERTEX_POINT('',#6934);
#2714=VERTEX_POINT('',#6935);
#2715=VERTEX_POINT('',#6940);
#2716=VERTEX_POINT('',#6941);
#2717=VERTEX_POINT('',#6943);
#2718=VERTEX_POINT('',#6945);
#2719=VERTEX_POINT('',#6949);
#2720=VERTEX_POINT('',#6950);
#2721=VERTEX_POINT('',#6955);
#2722=VERTEX_POINT('',#6956);
#2723=VERTEX_POINT('',#6958);
#2724=VERTEX_POINT('',#6960);
#2725=VERTEX_POINT('',#6964);
#2726=VERTEX_POINT('',#6965);
#2727=VERTEX_POINT('',#6967);
#2728=VERTEX_POINT('',#6969);
#2729=VERTEX_POINT('',#6973);
#2730=VERTEX_POINT('',#6974);
#2731=VERTEX_POINT('',#6976);
#2732=VERTEX_POINT('',#6978);
#2733=VERTEX_POINT('',#6982);
#2734=VERTEX_POINT('',#6983);
#2735=VERTEX_POINT('',#6985);
#2736=VERTEX_POINT('',#6987);
#2737=VERTEX_POINT('',#6991);
#2738=VERTEX_POINT('',#6992);
#2739=VERTEX_POINT('',#6994);
#2740=VERTEX_POINT('',#6996);
#2741=VERTEX_POINT('',#7000);
#2742=VERTEX_POINT('',#7001);
#2743=VERTEX_POINT('',#7003);
#2744=VERTEX_POINT('',#7005);
#2745=VERTEX_POINT('',#7009);
#2746=VERTEX_POINT('',#7010);
#2747=VERTEX_POINT('',#7012);
#2748=VERTEX_POINT('',#7014);
#2749=VERTEX_POINT('',#7016);
#2750=VERTEX_POINT('',#7018);
#2751=VERTEX_POINT('',#7020);
#2752=VERTEX_POINT('',#7025);
#2753=VERTEX_POINT('',#7027);
#2754=VERTEX_POINT('',#7031);
#2755=VERTEX_POINT('',#7032);
#2756=VERTEX_POINT('',#7034);
#2757=VERTEX_POINT('',#7036);
#2758=VERTEX_POINT('',#7038);
#2759=VERTEX_POINT('',#7040);
#2760=VERTEX_POINT('',#7042);
#2761=VERTEX_POINT('',#7046);
#2762=VERTEX_POINT('',#7047);
#2763=VERTEX_POINT('',#7049);
#2764=VERTEX_POINT('',#7051);
#2765=VERTEX_POINT('',#7053);
#2766=VERTEX_POINT('',#7055);
#2767=VERTEX_POINT('',#7059);
#2768=VERTEX_POINT('',#7060);
#2769=VERTEX_POINT('',#7062);
#2770=VERTEX_POINT('',#7064);
#2771=VERTEX_POINT('',#7066);
#2772=VERTEX_POINT('',#7068);
#2773=VERTEX_POINT('',#7072);
#2774=VERTEX_POINT('',#7073);
#2775=VERTEX_POINT('',#7078);
#2776=VERTEX_POINT('',#7080);
#2777=VERTEX_POINT('',#7084);
#2778=VERTEX_POINT('',#7086);
#2779=VERTEX_POINT('',#7090);
#2780=VERTEX_POINT('',#7092);
#2781=VERTEX_POINT('',#7100);
#2782=VERTEX_POINT('',#7105);
#2783=VERTEX_POINT('',#7109);
#2784=VERTEX_POINT('',#7110);
#2785=VERTEX_POINT('',#7112);
#2786=VERTEX_POINT('',#7114);
#2787=VERTEX_POINT('',#7116);
#2788=VERTEX_POINT('',#7118);
#2789=VERTEX_POINT('',#7128);
#2790=VERTEX_POINT('',#7130);
#2791=VERTEX_POINT('',#7134);
#2792=VERTEX_POINT('',#7135);
#2793=VERTEX_POINT('',#7141);
#2794=VERTEX_POINT('',#7143);
#2795=VERTEX_POINT('',#7165);
#2796=VERTEX_POINT('',#7166);
#2797=VERTEX_POINT('',#7168);
#2798=VERTEX_POINT('',#7170);
#2799=VERTEX_POINT('',#7173);
#2800=VERTEX_POINT('',#7174);
#2801=VERTEX_POINT('',#7176);
#2802=VERTEX_POINT('',#7178);
#2803=VERTEX_POINT('',#7181);
#2804=VERTEX_POINT('',#7182);
#2805=VERTEX_POINT('',#7184);
#2806=VERTEX_POINT('',#7186);
#2807=VERTEX_POINT('',#7189);
#2808=VERTEX_POINT('',#7190);
#2809=VERTEX_POINT('',#7192);
#2810=VERTEX_POINT('',#7194);
#2811=VERTEX_POINT('',#7197);
#2812=VERTEX_POINT('',#7198);
#2813=VERTEX_POINT('',#7200);
#2814=VERTEX_POINT('',#7202);
#2815=VERTEX_POINT('',#7205);
#2816=VERTEX_POINT('',#7206);
#2817=VERTEX_POINT('',#7208);
#2818=VERTEX_POINT('',#7210);
#2819=VERTEX_POINT('',#7213);
#2820=VERTEX_POINT('',#7214);
#2821=VERTEX_POINT('',#7216);
#2822=VERTEX_POINT('',#7218);
#2823=VERTEX_POINT('',#7221);
#2824=VERTEX_POINT('',#7222);
#2825=VERTEX_POINT('',#7224);
#2826=VERTEX_POINT('',#7226);
#2827=VERTEX_POINT('',#7229);
#2828=VERTEX_POINT('',#7230);
#2829=VERTEX_POINT('',#7232);
#2830=VERTEX_POINT('',#7234);
#2831=VERTEX_POINT('',#7237);
#2832=VERTEX_POINT('',#7238);
#2833=VERTEX_POINT('',#7240);
#2834=VERTEX_POINT('',#7242);
#2835=VERTEX_POINT('',#7245);
#2836=VERTEX_POINT('',#7246);
#2837=VERTEX_POINT('',#7248);
#2838=VERTEX_POINT('',#7250);
#2839=VERTEX_POINT('',#7253);
#2840=VERTEX_POINT('',#7254);
#2841=VERTEX_POINT('',#7256);
#2842=VERTEX_POINT('',#7258);
#2843=VERTEX_POINT('',#7261);
#2844=VERTEX_POINT('',#7262);
#2845=VERTEX_POINT('',#7264);
#2846=VERTEX_POINT('',#7266);
#2847=VERTEX_POINT('',#7269);
#2848=VERTEX_POINT('',#7270);
#2849=VERTEX_POINT('',#7272);
#2850=VERTEX_POINT('',#7274);
#2851=VERTEX_POINT('',#7277);
#2852=VERTEX_POINT('',#7279);
#2853=VERTEX_POINT('',#7284);
#2854=VERTEX_POINT('',#7286);
#2855=VERTEX_POINT('',#7292);
#2856=VERTEX_POINT('',#7296);
#2857=VERTEX_POINT('',#7297);
#2858=VERTEX_POINT('',#7299);
#2859=VERTEX_POINT('',#7301);
#2860=VERTEX_POINT('',#7304);
#2861=VERTEX_POINT('',#7305);
#2862=VERTEX_POINT('',#7307);
#2863=VERTEX_POINT('',#7309);
#2864=VERTEX_POINT('',#7312);
#2865=VERTEX_POINT('',#7313);
#2866=VERTEX_POINT('',#7315);
#2867=VERTEX_POINT('',#7317);
#2868=VERTEX_POINT('',#7320);
#2869=VERTEX_POINT('',#7321);
#2870=VERTEX_POINT('',#7323);
#2871=VERTEX_POINT('',#7325);
#2872=VERTEX_POINT('',#7328);
#2873=VERTEX_POINT('',#7329);
#2874=VERTEX_POINT('',#7331);
#2875=VERTEX_POINT('',#7333);
#2876=VERTEX_POINT('',#7336);
#2877=VERTEX_POINT('',#7337);
#2878=VERTEX_POINT('',#7339);
#2879=VERTEX_POINT('',#7341);
#2880=VERTEX_POINT('',#7344);
#2881=VERTEX_POINT('',#7345);
#2882=VERTEX_POINT('',#7347);
#2883=VERTEX_POINT('',#7349);
#2884=VERTEX_POINT('',#7352);
#2885=VERTEX_POINT('',#7353);
#2886=VERTEX_POINT('',#7355);
#2887=VERTEX_POINT('',#7357);
#2888=VERTEX_POINT('',#7360);
#2889=VERTEX_POINT('',#7361);
#2890=VERTEX_POINT('',#7363);
#2891=VERTEX_POINT('',#7365);
#2892=VERTEX_POINT('',#7368);
#2893=VERTEX_POINT('',#7369);
#2894=VERTEX_POINT('',#7371);
#2895=VERTEX_POINT('',#7373);
#2896=VERTEX_POINT('',#7376);
#2897=VERTEX_POINT('',#7377);
#2898=VERTEX_POINT('',#7379);
#2899=VERTEX_POINT('',#7381);
#2900=VERTEX_POINT('',#7384);
#2901=VERTEX_POINT('',#7385);
#2902=VERTEX_POINT('',#7387);
#2903=VERTEX_POINT('',#7389);
#2904=VERTEX_POINT('',#7392);
#2905=VERTEX_POINT('',#7393);
#2906=VERTEX_POINT('',#7395);
#2907=VERTEX_POINT('',#7397);
#2908=VERTEX_POINT('',#7400);
#2909=VERTEX_POINT('',#7401);
#2910=VERTEX_POINT('',#7403);
#2911=VERTEX_POINT('',#7405);
#2912=VERTEX_POINT('',#7408);
#2913=VERTEX_POINT('',#7409);
#2914=VERTEX_POINT('',#7411);
#2915=VERTEX_POINT('',#7413);
#2916=VERTEX_POINT('',#7417);
#2917=VERTEX_POINT('',#7418);
#2918=VERTEX_POINT('',#7420);
#2919=VERTEX_POINT('',#7422);
#2920=VERTEX_POINT('',#7426);
#2921=VERTEX_POINT('',#7429);
#2922=VERTEX_POINT('',#7433);
#2923=VERTEX_POINT('',#7436);
#2924=VERTEX_POINT('',#7438);
#2925=VERTEX_POINT('',#7440);
#2926=VERTEX_POINT('',#7443);
#2927=VERTEX_POINT('',#7445);
#2928=VERTEX_POINT('',#7447);
#2929=VERTEX_POINT('',#7449);
#2930=VERTEX_POINT('',#7451);
#2931=VERTEX_POINT('',#7453);
#2932=VERTEX_POINT('',#7455);
#2933=VERTEX_POINT('',#7457);
#2934=VERTEX_POINT('',#7459);
#2935=VERTEX_POINT('',#7461);
#2936=VERTEX_POINT('',#7463);
#2937=VERTEX_POINT('',#7465);
#2938=VERTEX_POINT('',#7471);
#2939=VERTEX_POINT('',#7472);
#2940=VERTEX_POINT('',#7474);
#2941=VERTEX_POINT('',#7476);
#2942=VERTEX_POINT('',#7480);
#2943=VERTEX_POINT('',#7482);
#2944=VERTEX_POINT('',#7484);
#2945=VERTEX_POINT('',#7487);
#2946=VERTEX_POINT('',#7490);
#2947=VERTEX_POINT('',#7493);
#2948=VERTEX_POINT('',#7494);
#2949=VERTEX_POINT('',#7496);
#2950=VERTEX_POINT('',#7498);
#2951=VERTEX_POINT('',#7504);
#2952=VERTEX_POINT('',#7506);
#2953=VERTEX_POINT('',#7562);
#2954=VERTEX_POINT('',#7563);
#2955=VERTEX_POINT('',#7565);
#2956=VERTEX_POINT('',#7567);
#2957=VERTEX_POINT('',#7571);
#2958=VERTEX_POINT('',#7573);
#2959=VERTEX_POINT('',#7577);
#2960=VERTEX_POINT('',#7581);
#2961=VERTEX_POINT('',#7587);
#2962=VERTEX_POINT('',#7589);
#2963=VERTEX_POINT('',#7593);
#2964=VERTEX_POINT('',#7597);
#2965=VERTEX_POINT('',#7604);
#2966=VERTEX_POINT('',#7605);
#2967=VERTEX_POINT('',#7607);
#2968=VERTEX_POINT('',#7609);
#2969=VERTEX_POINT('',#7613);
#2970=VERTEX_POINT('',#7615);
#2971=VERTEX_POINT('',#7619);
#2972=VERTEX_POINT('',#7623);
#2973=VERTEX_POINT('',#7629);
#2974=VERTEX_POINT('',#7631);
#2975=VERTEX_POINT('',#7635);
#2976=VERTEX_POINT('',#7639);
#2977=VERTEX_POINT('',#7662);
#2978=VERTEX_POINT('',#7663);
#2979=VERTEX_POINT('',#7665);
#2980=VERTEX_POINT('',#7667);
#2981=VERTEX_POINT('',#7671);
#2982=VERTEX_POINT('',#7673);
#2983=VERTEX_POINT('',#7677);
#2984=VERTEX_POINT('',#7681);
#2985=VERTEX_POINT('',#7687);
#2986=VERTEX_POINT('',#7689);
#2987=VERTEX_POINT('',#7693);
#2988=VERTEX_POINT('',#7697);
#2989=VERTEX_POINT('',#7704);
#2990=VERTEX_POINT('',#7705);
#2991=VERTEX_POINT('',#7707);
#2992=VERTEX_POINT('',#7709);
#2993=VERTEX_POINT('',#7713);
#2994=VERTEX_POINT('',#7715);
#2995=VERTEX_POINT('',#7719);
#2996=VERTEX_POINT('',#7723);
#2997=VERTEX_POINT('',#7729);
#2998=VERTEX_POINT('',#7731);
#2999=VERTEX_POINT('',#7735);
#3000=VERTEX_POINT('',#7739);
#3001=VERTEX_POINT('',#7762);
#3002=VERTEX_POINT('',#7763);
#3003=VERTEX_POINT('',#7765);
#3004=VERTEX_POINT('',#7767);
#3005=VERTEX_POINT('',#7771);
#3006=VERTEX_POINT('',#7773);
#3007=VERTEX_POINT('',#7777);
#3008=VERTEX_POINT('',#7781);
#3009=VERTEX_POINT('',#7787);
#3010=VERTEX_POINT('',#7789);
#3011=VERTEX_POINT('',#7793);
#3012=VERTEX_POINT('',#7797);
#3013=VERTEX_POINT('',#7804);
#3014=VERTEX_POINT('',#7805);
#3015=VERTEX_POINT('',#7807);
#3016=VERTEX_POINT('',#7809);
#3017=VERTEX_POINT('',#7813);
#3018=VERTEX_POINT('',#7815);
#3019=VERTEX_POINT('',#7819);
#3020=VERTEX_POINT('',#7823);
#3021=VERTEX_POINT('',#7829);
#3022=VERTEX_POINT('',#7831);
#3023=VERTEX_POINT('',#7835);
#3024=VERTEX_POINT('',#7839);
#3025=VERTEX_POINT('',#7862);
#3026=VERTEX_POINT('',#7863);
#3027=VERTEX_POINT('',#7865);
#3028=VERTEX_POINT('',#7867);
#3029=VERTEX_POINT('',#7871);
#3030=VERTEX_POINT('',#7873);
#3031=VERTEX_POINT('',#7877);
#3032=VERTEX_POINT('',#7881);
#3033=VERTEX_POINT('',#7887);
#3034=VERTEX_POINT('',#7889);
#3035=VERTEX_POINT('',#7893);
#3036=VERTEX_POINT('',#7897);
#3037=VERTEX_POINT('',#7904);
#3038=VERTEX_POINT('',#7905);
#3039=VERTEX_POINT('',#7907);
#3040=VERTEX_POINT('',#7909);
#3041=VERTEX_POINT('',#7913);
#3042=VERTEX_POINT('',#7915);
#3043=VERTEX_POINT('',#7919);
#3044=VERTEX_POINT('',#7923);
#3045=VERTEX_POINT('',#7929);
#3046=VERTEX_POINT('',#7931);
#3047=VERTEX_POINT('',#7935);
#3048=VERTEX_POINT('',#7939);
#3049=VERTEX_POINT('',#7962);
#3050=VERTEX_POINT('',#7963);
#3051=VERTEX_POINT('',#7965);
#3052=VERTEX_POINT('',#7967);
#3053=VERTEX_POINT('',#7971);
#3054=VERTEX_POINT('',#7973);
#3055=VERTEX_POINT('',#7977);
#3056=VERTEX_POINT('',#7981);
#3057=VERTEX_POINT('',#7987);
#3058=VERTEX_POINT('',#7989);
#3059=VERTEX_POINT('',#7993);
#3060=VERTEX_POINT('',#7997);
#3061=VERTEX_POINT('',#8004);
#3062=VERTEX_POINT('',#8005);
#3063=VERTEX_POINT('',#8007);
#3064=VERTEX_POINT('',#8009);
#3065=VERTEX_POINT('',#8013);
#3066=VERTEX_POINT('',#8015);
#3067=VERTEX_POINT('',#8019);
#3068=VERTEX_POINT('',#8023);
#3069=VERTEX_POINT('',#8029);
#3070=VERTEX_POINT('',#8031);
#3071=VERTEX_POINT('',#8035);
#3072=VERTEX_POINT('',#8039);
#3073=VERTEX_POINT('',#8062);
#3074=VERTEX_POINT('',#8063);
#3075=VERTEX_POINT('',#8065);
#3076=VERTEX_POINT('',#8067);
#3077=VERTEX_POINT('',#8071);
#3078=VERTEX_POINT('',#8073);
#3079=VERTEX_POINT('',#8077);
#3080=VERTEX_POINT('',#8081);
#3081=VERTEX_POINT('',#8087);
#3082=VERTEX_POINT('',#8089);
#3083=VERTEX_POINT('',#8093);
#3084=VERTEX_POINT('',#8097);
#3085=VERTEX_POINT('',#8104);
#3086=VERTEX_POINT('',#8105);
#3087=VERTEX_POINT('',#8107);
#3088=VERTEX_POINT('',#8109);
#3089=VERTEX_POINT('',#8113);
#3090=VERTEX_POINT('',#8115);
#3091=VERTEX_POINT('',#8119);
#3092=VERTEX_POINT('',#8123);
#3093=VERTEX_POINT('',#8129);
#3094=VERTEX_POINT('',#8131);
#3095=VERTEX_POINT('',#8135);
#3096=VERTEX_POINT('',#8139);
#3097=VERTEX_POINT('',#8162);
#3098=VERTEX_POINT('',#8163);
#3099=VERTEX_POINT('',#8165);
#3100=VERTEX_POINT('',#8167);
#3101=VERTEX_POINT('',#8171);
#3102=VERTEX_POINT('',#8173);
#3103=VERTEX_POINT('',#8177);
#3104=VERTEX_POINT('',#8181);
#3105=VERTEX_POINT('',#8187);
#3106=VERTEX_POINT('',#8189);
#3107=VERTEX_POINT('',#8193);
#3108=VERTEX_POINT('',#8197);
#3109=VERTEX_POINT('',#8204);
#3110=VERTEX_POINT('',#8205);
#3111=VERTEX_POINT('',#8207);
#3112=VERTEX_POINT('',#8209);
#3113=VERTEX_POINT('',#8213);
#3114=VERTEX_POINT('',#8215);
#3115=VERTEX_POINT('',#8219);
#3116=VERTEX_POINT('',#8223);
#3117=VERTEX_POINT('',#8229);
#3118=VERTEX_POINT('',#8231);
#3119=VERTEX_POINT('',#8235);
#3120=VERTEX_POINT('',#8239);
#3121=VERTEX_POINT('',#8280);
#3122=EDGE_CURVE('',#2670,#2671,#3834,.T.);
#3123=EDGE_CURVE('',#2671,#2672,#3835,.T.);
#3124=EDGE_CURVE('',#2672,#2673,#3836,.T.);
#3125=EDGE_CURVE('',#2673,#2674,#3837,.T.);
#3126=EDGE_CURVE('',#2670,#2674,#3838,.T.);
#3127=EDGE_CURVE('',#2675,#2676,#3839,.T.);
#3128=EDGE_CURVE('',#2676,#2677,#3840,.T.);
#3129=EDGE_CURVE('',#2677,#2678,#3841,.T.);
#3130=EDGE_CURVE('',#2678,#2679,#3842,.T.);
#3131=EDGE_CURVE('',#2679,#2675,#3843,.T.);
#3132=EDGE_CURVE('',#2680,#2681,#3844,.T.);
#3133=EDGE_CURVE('',#2680,#2682,#3845,.T.);
#3134=EDGE_CURVE('',#2683,#2682,#3846,.T.);
#3135=EDGE_CURVE('',#2683,#2684,#3847,.T.);
#3136=EDGE_CURVE('',#2684,#2685,#3848,.T.);
#3137=EDGE_CURVE('',#2685,#2686,#3849,.T.);
#3138=EDGE_CURVE('',#2687,#2686,#3850,.T.);
#3139=EDGE_CURVE('',#2687,#2688,#3851,.T.);
#3140=EDGE_CURVE('',#2688,#2689,#3852,.T.);
#3141=EDGE_CURVE('',#2681,#2689,#3853,.T.);
#3142=EDGE_CURVE('',#2676,#2690,#3854,.T.);
#3143=EDGE_CURVE('',#2691,#2675,#3855,.T.);
#3144=EDGE_CURVE('',#2690,#2691,#3856,.T.);
#3145=EDGE_CURVE('',#2692,#2693,#3857,.T.);
#3146=EDGE_CURVE('',#2692,#2694,#3858,.T.);
#3147=EDGE_CURVE('',#2694,#2695,#3859,.T.);
#3148=EDGE_CURVE('',#2696,#2695,#3860,.T.);
#3149=EDGE_CURVE('',#2696,#2693,#3861,.T.);
#3150=EDGE_CURVE('',#2690,#2697,#3862,.T.);
#3151=EDGE_CURVE('',#2698,#2691,#3863,.T.);
#3152=EDGE_CURVE('',#2698,#2699,#3864,.T.);
#3153=EDGE_CURVE('',#2699,#2700,#3865,.T.);
#3154=EDGE_CURVE('',#2700,#2701,#3866,.T.);
#3155=EDGE_CURVE('',#2702,#2701,#3867,.T.);
#3156=EDGE_CURVE('',#2697,#2702,#3868,.T.);
#3157=EDGE_CURVE('',#2703,#2704,#3869,.T.);
#3158=EDGE_CURVE('',#2704,#2705,#3870,.T.);
#3159=EDGE_CURVE('',#2706,#2705,#3871,.T.);
#3160=EDGE_CURVE('',#2706,#2707,#3872,.T.);
#3161=EDGE_CURVE('',#2708,#2707,#3873,.T.);
#3162=EDGE_CURVE('',#2701,#2708,#3874,.T.);
#3163=EDGE_CURVE('',#2700,#2709,#3875,.T.);
#3164=EDGE_CURVE('',#2709,#2710,#3876,.T.);
#3165=EDGE_CURVE('',#2703,#2710,#3877,.T.);
#3166=EDGE_CURVE('',#2711,#2712,#3878,.T.);
#3167=EDGE_CURVE('',#2711,#2693,#3879,.T.);
#3168=EDGE_CURVE('',#2712,#2696,#3880,.T.);
#3169=EDGE_CURVE('',#2713,#2714,#3881,.T.);
#3170=EDGE_CURVE('',#2713,#2699,#3882,.T.);
#3171=EDGE_CURVE('',#2714,#2698,#3883,.T.);
#3172=EDGE_CURVE('',#2715,#2716,#3884,.T.);
#3173=EDGE_CURVE('',#2716,#2717,#3885,.T.);
#3174=EDGE_CURVE('',#2718,#2717,#3886,.T.);
#3175=EDGE_CURVE('',#2718,#2715,#3887,.T.);
#3176=EDGE_CURVE('',#2719,#2720,#3888,.T.);
#3177=EDGE_CURVE('',#2720,#2679,#3889,.T.);
#3178=EDGE_CURVE('',#2678,#2719,#3890,.T.);
#3179=EDGE_CURVE('',#2721,#2722,#3891,.T.);
#3180=EDGE_CURVE('',#2722,#2723,#3892,.T.);
#3181=EDGE_CURVE('',#2724,#2723,#3893,.T.);
#3182=EDGE_CURVE('',#2721,#2724,#3894,.T.);
#3183=EDGE_CURVE('',#2725,#2726,#3895,.T.);
#3184=EDGE_CURVE('',#2726,#2727,#3896,.T.);
#3185=EDGE_CURVE('',#2728,#2727,#3897,.T.);
#3186=EDGE_CURVE('',#2725,#2728,#3898,.T.);
#3187=EDGE_CURVE('',#2729,#2730,#3899,.T.);
#3188=EDGE_CURVE('',#2730,#2731,#3900,.T.);
#3189=EDGE_CURVE('',#2732,#2731,#3901,.T.);
#3190=EDGE_CURVE('',#2729,#2732,#3902,.T.);
#3191=EDGE_CURVE('',#2733,#2734,#3903,.T.);
#3192=EDGE_CURVE('',#2734,#2735,#3904,.T.);
#3193=EDGE_CURVE('',#2736,#2735,#3905,.T.);
#3194=EDGE_CURVE('',#2736,#2733,#3906,.T.);
#3195=EDGE_CURVE('',#2737,#2738,#3907,.T.);
#3196=EDGE_CURVE('',#2738,#2739,#3908,.T.);
#3197=EDGE_CURVE('',#2740,#2739,#3909,.T.);
#3198=EDGE_CURVE('',#2740,#2737,#3910,.T.);
#3199=EDGE_CURVE('',#2741,#2742,#3911,.T.);
#3200=EDGE_CURVE('',#2742,#2743,#3912,.T.);
#3201=EDGE_CURVE('',#2744,#2743,#3913,.T.);
#3202=EDGE_CURVE('',#2744,#2741,#3914,.T.);
#3203=EDGE_CURVE('',#2745,#2746,#3915,.T.);
#3204=EDGE_CURVE('',#2746,#2747,#3916,.T.);
#3205=EDGE_CURVE('',#2747,#2748,#70,.T.);
#3206=EDGE_CURVE('',#2748,#2749,#3917,.T.);
#3207=EDGE_CURVE('',#2749,#2750,#3918,.T.);
#3208=EDGE_CURVE('',#2750,#2751,#3919,.T.);
#3209=EDGE_CURVE('',#2751,#2745,#3920,.T.);
#3210=EDGE_CURVE('',#2711,#2705,#3921,.T.);
#3211=EDGE_CURVE('',#2712,#2752,#3922,.T.);
#3212=EDGE_CURVE('',#2752,#2753,#3923,.T.);
#3213=EDGE_CURVE('',#2753,#2706,#3924,.T.);
#3214=EDGE_CURVE('',#2754,#2755,#71,.T.);
#3215=EDGE_CURVE('',#2755,#2756,#3925,.T.);
#3216=EDGE_CURVE('',#2757,#2756,#3926,.T.);
#3217=EDGE_CURVE('',#2758,#2757,#3927,.T.);
#3218=EDGE_CURVE('',#2759,#2758,#3928,.T.);
#3219=EDGE_CURVE('',#2759,#2760,#3929,.T.);
#3220=EDGE_CURVE('',#2760,#2754,#3930,.T.);
#3221=EDGE_CURVE('',#2761,#2762,#3931,.T.);
#3222=EDGE_CURVE('',#2762,#2763,#3932,.T.);
#3223=EDGE_CURVE('',#2764,#2763,#3933,.T.);
#3224=EDGE_CURVE('',#2764,#2765,#3934,.T.);
#3225=EDGE_CURVE('',#2765,#2766,#3935,.T.);
#3226=EDGE_CURVE('',#2766,#2761,#3936,.T.);
#3227=EDGE_CURVE('',#2767,#2768,#3937,.T.);
#3228=EDGE_CURVE('',#2768,#2769,#3938,.T.);
#3229=EDGE_CURVE('',#2770,#2769,#3939,.T.);
#3230=EDGE_CURVE('',#2770,#2771,#3940,.T.);
#3231=EDGE_CURVE('',#2772,#2771,#3941,.T.);
#3232=EDGE_CURVE('',#2767,#2772,#3942,.T.);
#3233=EDGE_CURVE('',#2773,#2774,#3943,.T.);
#3234=EDGE_CURVE('',#2774,#2762,#3944,.T.);
#3235=EDGE_CURVE('',#2761,#2773,#3945,.T.);
#3236=EDGE_CURVE('',#2769,#2775,#3946,.T.);
#3237=EDGE_CURVE('',#2776,#2775,#3947,.T.);
#3238=EDGE_CURVE('',#2776,#2770,#3948,.T.);
#3239=EDGE_CURVE('',#2717,#2777,#3949,.T.);
#3240=EDGE_CURVE('',#2778,#2777,#3950,.T.);
#3241=EDGE_CURVE('',#2778,#2718,#3951,.T.);
#3242=EDGE_CURVE('',#2777,#2779,#3952,.T.);
#3243=EDGE_CURVE('',#2780,#2779,#3953,.T.);
#3244=EDGE_CURVE('',#2780,#2778,#3954,.T.);
#3245=EDGE_CURVE('',#2739,#2720,#3955,.T.);
#3246=EDGE_CURVE('',#2719,#2740,#3956,.T.);
#3247=EDGE_CURVE('',#2683,#2747,#68,.T.);
#3248=EDGE_CURVE('',#2682,#2781,#72,.T.);
#3249=EDGE_CURVE('',#2781,#2748,#3957,.T.);
#3250=EDGE_CURVE('',#2755,#2752,#69,.T.);
#3251=EDGE_CURVE('',#2782,#2754,#3958,.T.);
#3252=EDGE_CURVE('',#2782,#2753,#73,.T.);
#3253=EDGE_CURVE('',#2783,#2784,#3959,.T.);
#3254=EDGE_CURVE('',#2784,#2785,#3960,.T.);
#3255=EDGE_CURVE('',#2786,#2785,#3961,.T.);
#3256=EDGE_CURVE('',#2787,#2786,#3962,.T.);
#3257=EDGE_CURVE('',#2788,#2787,#3963,.T.);
#3258=EDGE_CURVE('',#2788,#2783,#3964,.T.);
#3259=EDGE_CURVE('',#2785,#2768,#3965,.T.);
#3260=EDGE_CURVE('',#2786,#2767,#3966,.T.);
#3261=EDGE_CURVE('',#2784,#2756,#3967,.T.);
#3262=EDGE_CURVE('',#2783,#2757,#3968,.T.);
#3263=EDGE_CURVE('',#2789,#2763,#3969,.T.);
#3264=EDGE_CURVE('',#2790,#2789,#3970,.T.);
#3265=EDGE_CURVE('',#2764,#2790,#3971,.T.);
#3266=EDGE_CURVE('',#2791,#2792,#3972,.T.);
#3267=EDGE_CURVE('',#2792,#2746,#3973,.T.);
#3268=EDGE_CURVE('',#2745,#2791,#3974,.T.);
#3269=EDGE_CURVE('',#2792,#2789,#3975,.T.);
#3270=EDGE_CURVE('',#2791,#2793,#3976,.T.);
#3271=EDGE_CURVE('',#2793,#2794,#3977,.T.);
#3272=EDGE_CURVE('',#2790,#2794,#3978,.T.);
#3273=EDGE_CURVE('',#2723,#2742,#3979,.T.);
#3274=EDGE_CURVE('',#2724,#2741,#3980,.T.);
#3275=EDGE_CURVE('',#2779,#2722,#3981,.T.);
#3276=EDGE_CURVE('',#2780,#2721,#3982,.T.);
#3277=EDGE_CURVE('',#2727,#2738,#3983,.T.);
#3278=EDGE_CURVE('',#2728,#2737,#3984,.T.);
#3279=EDGE_CURVE('',#2735,#2726,#3985,.T.);
#3280=EDGE_CURVE('',#2736,#2725,#3986,.T.);
#3281=EDGE_CURVE('',#2731,#2734,#3987,.T.);
#3282=EDGE_CURVE('',#2732,#2733,#3988,.T.);
#3283=EDGE_CURVE('',#2743,#2730,#3989,.T.);
#3284=EDGE_CURVE('',#2744,#2729,#3990,.T.);
#3285=EDGE_CURVE('',#2795,#2796,#3991,.T.);
#3286=EDGE_CURVE('',#2797,#2795,#3992,.T.);
#3287=EDGE_CURVE('',#2798,#2797,#3993,.T.);
#3288=EDGE_CURVE('',#2796,#2798,#3994,.T.);
#3289=EDGE_CURVE('',#2799,#2800,#3995,.T.);
#3290=EDGE_CURVE('',#2801,#2799,#3996,.T.);
#3291=EDGE_CURVE('',#2802,#2801,#3997,.T.);
#3292=EDGE_CURVE('',#2800,#2802,#3998,.T.);
#3293=EDGE_CURVE('',#2803,#2804,#3999,.T.);
#3294=EDGE_CURVE('',#2805,#2803,#4000,.T.);
#3295=EDGE_CURVE('',#2806,#2805,#4001,.T.);
#3296=EDGE_CURVE('',#2804,#2806,#4002,.T.);
#3297=EDGE_CURVE('',#2807,#2808,#4003,.T.);
#3298=EDGE_CURVE('',#2809,#2807,#4004,.T.);
#3299=EDGE_CURVE('',#2810,#2809,#4005,.T.);
#3300=EDGE_CURVE('',#2808,#2810,#4006,.T.);
#3301=EDGE_CURVE('',#2811,#2812,#4007,.T.);
#3302=EDGE_CURVE('',#2813,#2811,#4008,.T.);
#3303=EDGE_CURVE('',#2814,#2813,#4009,.T.);
#3304=EDGE_CURVE('',#2812,#2814,#4010,.T.);
#3305=EDGE_CURVE('',#2815,#2816,#4011,.T.);
#3306=EDGE_CURVE('',#2817,#2815,#4012,.T.);
#3307=EDGE_CURVE('',#2818,#2817,#4013,.T.);
#3308=EDGE_CURVE('',#2816,#2818,#4014,.T.);
#3309=EDGE_CURVE('',#2819,#2820,#4015,.T.);
#3310=EDGE_CURVE('',#2821,#2819,#4016,.T.);
#3311=EDGE_CURVE('',#2822,#2821,#4017,.T.);
#3312=EDGE_CURVE('',#2820,#2822,#4018,.T.);
#3313=EDGE_CURVE('',#2823,#2824,#4019,.T.);
#3314=EDGE_CURVE('',#2824,#2825,#4020,.T.);
#3315=EDGE_CURVE('',#2825,#2826,#4021,.T.);
#3316=EDGE_CURVE('',#2826,#2823,#4022,.T.);
#3317=EDGE_CURVE('',#2827,#2828,#4023,.T.);
#3318=EDGE_CURVE('',#2828,#2829,#4024,.T.);
#3319=EDGE_CURVE('',#2829,#2830,#4025,.T.);
#3320=EDGE_CURVE('',#2830,#2827,#4026,.T.);
#3321=EDGE_CURVE('',#2831,#2832,#4027,.T.);
#3322=EDGE_CURVE('',#2832,#2833,#4028,.T.);
#3323=EDGE_CURVE('',#2833,#2834,#4029,.T.);
#3324=EDGE_CURVE('',#2834,#2831,#4030,.T.);
#3325=EDGE_CURVE('',#2835,#2836,#4031,.T.);
#3326=EDGE_CURVE('',#2836,#2837,#4032,.T.);
#3327=EDGE_CURVE('',#2837,#2838,#4033,.T.);
#3328=EDGE_CURVE('',#2838,#2835,#4034,.T.);
#3329=EDGE_CURVE('',#2839,#2840,#4035,.T.);
#3330=EDGE_CURVE('',#2840,#2841,#4036,.T.);
#3331=EDGE_CURVE('',#2841,#2842,#4037,.T.);
#3332=EDGE_CURVE('',#2842,#2839,#4038,.T.);
#3333=EDGE_CURVE('',#2843,#2844,#4039,.T.);
#3334=EDGE_CURVE('',#2844,#2845,#4040,.T.);
#3335=EDGE_CURVE('',#2845,#2846,#4041,.T.);
#3336=EDGE_CURVE('',#2846,#2843,#4042,.T.);
#3337=EDGE_CURVE('',#2847,#2848,#4043,.T.);
#3338=EDGE_CURVE('',#2848,#2849,#4044,.T.);
#3339=EDGE_CURVE('',#2849,#2850,#4045,.T.);
#3340=EDGE_CURVE('',#2850,#2847,#4046,.T.);
#3341=EDGE_CURVE('',#2677,#2851,#4047,.T.);
#3342=EDGE_CURVE('',#2851,#2852,#4048,.T.);
#3343=EDGE_CURVE('',#2671,#2852,#4049,.T.);
#3344=EDGE_CURVE('',#2773,#2670,#4050,.T.);
#3345=EDGE_CURVE('',#2750,#2766,#4051,.T.);
#3346=EDGE_CURVE('',#2749,#2853,#4052,.T.);
#3347=EDGE_CURVE('',#2853,#2854,#4053,.T.);
#3348=EDGE_CURVE('',#2760,#2854,#4054,.T.);
#3349=EDGE_CURVE('',#2771,#2759,#4055,.T.);
#3350=EDGE_CURVE('',#2694,#2776,#4056,.T.);
#3351=EDGE_CURVE('',#2692,#2703,#4057,.T.);
#3352=EDGE_CURVE('',#2855,#2710,#4058,.T.);
#3353=EDGE_CURVE('',#2715,#2855,#4059,.T.);
#3354=EDGE_CURVE('',#2856,#2857,#4060,.T.);
#3355=EDGE_CURVE('',#2858,#2856,#4061,.T.);
#3356=EDGE_CURVE('',#2859,#2858,#4062,.T.);
#3357=EDGE_CURVE('',#2857,#2859,#4063,.T.);
#3358=EDGE_CURVE('',#2860,#2861,#4064,.T.);
#3359=EDGE_CURVE('',#2862,#2860,#4065,.T.);
#3360=EDGE_CURVE('',#2863,#2862,#4066,.T.);
#3361=EDGE_CURVE('',#2861,#2863,#4067,.T.);
#3362=EDGE_CURVE('',#2864,#2865,#4068,.T.);
#3363=EDGE_CURVE('',#2866,#2864,#4069,.T.);
#3364=EDGE_CURVE('',#2867,#2866,#4070,.T.);
#3365=EDGE_CURVE('',#2865,#2867,#4071,.T.);
#3366=EDGE_CURVE('',#2868,#2869,#4072,.T.);
#3367=EDGE_CURVE('',#2870,#2868,#4073,.T.);
#3368=EDGE_CURVE('',#2871,#2870,#4074,.T.);
#3369=EDGE_CURVE('',#2869,#2871,#4075,.T.);
#3370=EDGE_CURVE('',#2872,#2873,#4076,.T.);
#3371=EDGE_CURVE('',#2874,#2872,#4077,.T.);
#3372=EDGE_CURVE('',#2875,#2874,#4078,.T.);
#3373=EDGE_CURVE('',#2873,#2875,#4079,.T.);
#3374=EDGE_CURVE('',#2876,#2877,#4080,.T.);
#3375=EDGE_CURVE('',#2878,#2876,#4081,.T.);
#3376=EDGE_CURVE('',#2879,#2878,#4082,.T.);
#3377=EDGE_CURVE('',#2877,#2879,#4083,.T.);
#3378=EDGE_CURVE('',#2880,#2881,#4084,.T.);
#3379=EDGE_CURVE('',#2882,#2880,#4085,.T.);
#3380=EDGE_CURVE('',#2883,#2882,#4086,.T.);
#3381=EDGE_CURVE('',#2881,#2883,#4087,.T.);
#3382=EDGE_CURVE('',#2884,#2885,#4088,.T.);
#3383=EDGE_CURVE('',#2886,#2884,#4089,.T.);
#3384=EDGE_CURVE('',#2887,#2886,#4090,.T.);
#3385=EDGE_CURVE('',#2885,#2887,#4091,.T.);
#3386=EDGE_CURVE('',#2888,#2889,#4092,.T.);
#3387=EDGE_CURVE('',#2889,#2890,#4093,.T.);
#3388=EDGE_CURVE('',#2890,#2891,#4094,.T.);
#3389=EDGE_CURVE('',#2891,#2888,#4095,.T.);
#3390=EDGE_CURVE('',#2892,#2893,#4096,.T.);
#3391=EDGE_CURVE('',#2893,#2894,#4097,.T.);
#3392=EDGE_CURVE('',#2894,#2895,#4098,.T.);
#3393=EDGE_CURVE('',#2895,#2892,#4099,.T.);
#3394=EDGE_CURVE('',#2896,#2897,#4100,.T.);
#3395=EDGE_CURVE('',#2897,#2898,#4101,.T.);
#3396=EDGE_CURVE('',#2898,#2899,#4102,.T.);
#3397=EDGE_CURVE('',#2899,#2896,#4103,.T.);
#3398=EDGE_CURVE('',#2900,#2901,#4104,.T.);
#3399=EDGE_CURVE('',#2901,#2902,#4105,.T.);
#3400=EDGE_CURVE('',#2902,#2903,#4106,.T.);
#3401=EDGE_CURVE('',#2903,#2900,#4107,.T.);
#3402=EDGE_CURVE('',#2904,#2905,#4108,.T.);
#3403=EDGE_CURVE('',#2905,#2906,#4109,.T.);
#3404=EDGE_CURVE('',#2906,#2907,#4110,.T.);
#3405=EDGE_CURVE('',#2907,#2904,#4111,.T.);
#3406=EDGE_CURVE('',#2908,#2909,#4112,.T.);
#3407=EDGE_CURVE('',#2909,#2910,#4113,.T.);
#3408=EDGE_CURVE('',#2910,#2911,#4114,.T.);
#3409=EDGE_CURVE('',#2911,#2908,#4115,.T.);
#3410=EDGE_CURVE('',#2912,#2913,#4116,.T.);
#3411=EDGE_CURVE('',#2913,#2914,#4117,.T.);
#3412=EDGE_CURVE('',#2914,#2915,#4118,.T.);
#3413=EDGE_CURVE('',#2915,#2912,#4119,.T.);
#3414=EDGE_CURVE('',#2916,#2917,#4120,.T.);
#3415=EDGE_CURVE('',#2917,#2918,#4121,.T.);
#3416=EDGE_CURVE('',#2918,#2919,#4122,.T.);
#3417=EDGE_CURVE('',#2919,#2916,#4123,.T.);
#3418=EDGE_CURVE('',#2790,#2920,#4124,.T.);
#3419=EDGE_CURVE('',#2794,#2917,#4125,.T.);
#3420=EDGE_CURVE('',#2916,#2921,#4126,.T.);
#3421=EDGE_CURVE('',#2921,#2920,#4127,.T.);
#3422=EDGE_CURVE('',#2922,#2680,#4128,.T.);
#3423=EDGE_CURVE('',#2688,#2922,#4129,.T.);
#3424=EDGE_CURVE('',#2923,#2687,#4130,.T.);
#3425=EDGE_CURVE('',#2924,#2923,#4131,.T.);
#3426=EDGE_CURVE('',#2925,#2924,#4132,.T.);
#3427=EDGE_CURVE('',#2920,#2925,#4133,.T.);
#3428=EDGE_CURVE('',#2926,#2921,#4134,.T.);
#3429=EDGE_CURVE('',#2927,#2926,#4135,.T.);
#3430=EDGE_CURVE('',#2928,#2927,#4136,.T.);
#3431=EDGE_CURVE('',#2929,#2928,#4137,.T.);
#3432=EDGE_CURVE('',#2930,#2929,#4138,.T.);
#3433=EDGE_CURVE('',#2930,#2931,#4139,.T.);
#3434=EDGE_CURVE('',#2931,#2932,#4140,.T.);
#3435=EDGE_CURVE('',#2932,#2933,#4141,.T.);
#3436=EDGE_CURVE('',#2933,#2934,#4142,.T.);
#3437=EDGE_CURVE('',#2934,#2935,#4143,.T.);
#3438=EDGE_CURVE('',#2935,#2936,#4144,.T.);
#3439=EDGE_CURVE('',#2936,#2937,#4145,.T.);
#3440=EDGE_CURVE('',#2707,#2937,#4146,.T.);
#3441=EDGE_CURVE('',#2854,#2782,#4147,.T.);
#3442=EDGE_CURVE('',#2781,#2853,#4148,.T.);
#3443=EDGE_CURVE('',#2938,#2939,#4149,.T.);
#3444=EDGE_CURVE('',#2940,#2938,#4150,.T.);
#3445=EDGE_CURVE('',#2941,#2940,#4151,.T.);
#3446=EDGE_CURVE('',#2939,#2941,#4152,.T.);
#3447=EDGE_CURVE('',#2930,#2942,#4153,.T.);
#3448=EDGE_CURVE('',#2929,#2943,#4154,.T.);
#3449=EDGE_CURVE('',#2944,#2943,#4155,.T.);
#3450=EDGE_CURVE('',#2924,#2944,#4156,.T.);
#3451=EDGE_CURVE('',#2923,#2945,#4157,.T.);
#3452=EDGE_CURVE('',#2945,#2708,#4158,.T.);
#3453=EDGE_CURVE('',#2937,#2946,#4159,.T.);
#3454=EDGE_CURVE('',#2946,#2942,#4160,.T.);
#3455=EDGE_CURVE('',#2947,#2948,#4161,.T.);
#3456=EDGE_CURVE('',#2949,#2947,#4162,.T.);
#3457=EDGE_CURVE('',#2950,#2949,#4163,.T.);
#3458=EDGE_CURVE('',#2948,#2950,#4164,.T.);
#3459=EDGE_CURVE('',#2945,#2702,#4165,.T.);
#3460=EDGE_CURVE('',#2697,#2951,#4166,.T.);
#3461=EDGE_CURVE('',#2952,#2686,#4167,.T.);
#3462=EDGE_CURVE('',#2852,#2952,#4168,.T.);
#3463=EDGE_CURVE('',#2951,#2851,#4169,.T.);
#3464=EDGE_CURVE('',#2774,#2674,#4170,.T.);
#3465=EDGE_CURVE('',#2695,#2775,#4171,.T.);
#3466=EDGE_CURVE('',#2713,#2855,#4172,.T.);
#3467=EDGE_CURVE('',#2716,#2714,#4173,.T.);
#3468=EDGE_CURVE('',#2885,#2947,#4174,.T.);
#3469=EDGE_CURVE('',#2884,#2948,#4175,.T.);
#3470=EDGE_CURVE('',#2887,#2949,#4176,.T.);
#3471=EDGE_CURVE('',#2886,#2950,#4177,.T.);
#3472=EDGE_CURVE('',#2944,#2766,#4178,.T.);
#3473=EDGE_CURVE('',#2750,#2943,#4179,.T.);
#3474=EDGE_CURVE('',#2751,#2928,#4180,.T.);
#3475=EDGE_CURVE('',#2765,#2925,#4181,.T.);
#3476=EDGE_CURVE('',#2919,#2926,#4182,.T.);
#3477=EDGE_CURVE('',#2791,#2927,#4183,.T.);
#3478=EDGE_CURVE('',#2793,#2918,#4184,.T.);
#3479=EDGE_CURVE('',#2938,#2788,#4185,.T.);
#3480=EDGE_CURVE('',#2940,#2787,#4186,.T.);
#3481=EDGE_CURVE('',#2939,#2933,#4187,.T.);
#3482=EDGE_CURVE('',#2783,#2932,#4188,.T.);
#3483=EDGE_CURVE('',#2759,#2942,#4189,.T.);
#3484=EDGE_CURVE('',#2946,#2771,#4190,.T.);
#3485=EDGE_CURVE('',#2772,#2936,#4191,.T.);
#3486=EDGE_CURVE('',#2786,#2935,#4192,.T.);
#3487=EDGE_CURVE('',#2941,#2934,#4193,.T.);
#3488=EDGE_CURVE('',#2758,#2931,#4194,.T.);
#3489=EDGE_CURVE('',#2953,#2954,#4195,.T.);
#3490=EDGE_CURVE('',#2954,#2955,#4196,.T.);
#3491=EDGE_CURVE('',#2955,#2956,#4197,.T.);
#3492=EDGE_CURVE('',#2956,#2953,#4198,.T.);
#3493=EDGE_CURVE('',#2957,#2883,#4199,.T.);
#3494=EDGE_CURVE('',#2957,#2958,#4200,.T.);
#3495=EDGE_CURVE('',#2958,#2881,#4201,.T.);
#3496=EDGE_CURVE('',#2959,#2882,#4202,.T.);
#3497=EDGE_CURVE('',#2959,#2957,#4203,.T.);
#3498=EDGE_CURVE('',#2960,#2880,#4204,.T.);
#3499=EDGE_CURVE('',#2960,#2959,#4205,.T.);
#3500=EDGE_CURVE('',#2958,#2960,#4206,.T.);
#3501=EDGE_CURVE('',#2819,#2961,#4207,.T.);
#3502=EDGE_CURVE('',#2820,#2962,#4208,.T.);
#3503=EDGE_CURVE('',#2961,#2962,#4209,.T.);
#3504=EDGE_CURVE('',#2822,#2963,#4210,.T.);
#3505=EDGE_CURVE('',#2962,#2963,#4211,.T.);
#3506=EDGE_CURVE('',#2821,#2964,#4212,.T.);
#3507=EDGE_CURVE('',#2963,#2964,#4213,.T.);
#3508=EDGE_CURVE('',#2964,#2961,#4214,.T.);
#3509=EDGE_CURVE('',#2965,#2966,#4215,.T.);
#3510=EDGE_CURVE('',#2966,#2967,#4216,.T.);
#3511=EDGE_CURVE('',#2967,#2968,#4217,.T.);
#3512=EDGE_CURVE('',#2968,#2965,#4218,.T.);
#3513=EDGE_CURVE('',#2969,#2890,#4219,.T.);
#3514=EDGE_CURVE('',#2969,#2970,#4220,.T.);
#3515=EDGE_CURVE('',#2970,#2891,#4221,.T.);
#3516=EDGE_CURVE('',#2970,#2971,#4222,.T.);
#3517=EDGE_CURVE('',#2971,#2888,#4223,.T.);
#3518=EDGE_CURVE('',#2971,#2972,#4224,.T.);
#3519=EDGE_CURVE('',#2972,#2889,#4225,.T.);
#3520=EDGE_CURVE('',#2972,#2969,#4226,.T.);
#3521=EDGE_CURVE('',#2824,#2973,#4227,.T.);
#3522=EDGE_CURVE('',#2973,#2974,#4228,.T.);
#3523=EDGE_CURVE('',#2825,#2974,#4229,.T.);
#3524=EDGE_CURVE('',#2974,#2975,#4230,.T.);
#3525=EDGE_CURVE('',#2826,#2975,#4231,.T.);
#3526=EDGE_CURVE('',#2975,#2976,#4232,.T.);
#3527=EDGE_CURVE('',#2823,#2976,#4233,.T.);
#3528=EDGE_CURVE('',#2976,#2973,#4234,.T.);
#3529=EDGE_CURVE('',#2969,#2965,#4235,.T.);
#3530=EDGE_CURVE('',#2966,#2972,#4236,.T.);
#3531=EDGE_CURVE('',#2967,#2971,#4237,.T.);
#3532=EDGE_CURVE('',#2970,#2968,#4238,.T.);
#3533=EDGE_CURVE('',#2954,#2958,#4239,.T.);
#3534=EDGE_CURVE('',#2960,#2953,#4240,.T.);
#3535=EDGE_CURVE('',#2959,#2956,#4241,.T.);
#3536=EDGE_CURVE('',#2955,#2957,#4242,.T.);
#3537=EDGE_CURVE('',#2977,#2978,#4243,.T.);
#3538=EDGE_CURVE('',#2978,#2979,#4244,.T.);
#3539=EDGE_CURVE('',#2979,#2980,#4245,.T.);
#3540=EDGE_CURVE('',#2980,#2977,#4246,.T.);
#3541=EDGE_CURVE('',#2981,#2879,#4247,.T.);
#3542=EDGE_CURVE('',#2981,#2982,#4248,.T.);
#3543=EDGE_CURVE('',#2982,#2877,#4249,.T.);
#3544=EDGE_CURVE('',#2983,#2878,#4250,.T.);
#3545=EDGE_CURVE('',#2983,#2981,#4251,.T.);
#3546=EDGE_CURVE('',#2984,#2876,#4252,.T.);
#3547=EDGE_CURVE('',#2984,#2983,#4253,.T.);
#3548=EDGE_CURVE('',#2982,#2984,#4254,.T.);
#3549=EDGE_CURVE('',#2815,#2985,#4255,.T.);
#3550=EDGE_CURVE('',#2816,#2986,#4256,.T.);
#3551=EDGE_CURVE('',#2985,#2986,#4257,.T.);
#3552=EDGE_CURVE('',#2818,#2987,#4258,.T.);
#3553=EDGE_CURVE('',#2986,#2987,#4259,.T.);
#3554=EDGE_CURVE('',#2817,#2988,#4260,.T.);
#3555=EDGE_CURVE('',#2987,#2988,#4261,.T.);
#3556=EDGE_CURVE('',#2988,#2985,#4262,.T.);
#3557=EDGE_CURVE('',#2989,#2990,#4263,.T.);
#3558=EDGE_CURVE('',#2990,#2991,#4264,.T.);
#3559=EDGE_CURVE('',#2991,#2992,#4265,.T.);
#3560=EDGE_CURVE('',#2992,#2989,#4266,.T.);
#3561=EDGE_CURVE('',#2993,#2894,#4267,.T.);
#3562=EDGE_CURVE('',#2993,#2994,#4268,.T.);
#3563=EDGE_CURVE('',#2994,#2895,#4269,.T.);
#3564=EDGE_CURVE('',#2994,#2995,#4270,.T.);
#3565=EDGE_CURVE('',#2995,#2892,#4271,.T.);
#3566=EDGE_CURVE('',#2995,#2996,#4272,.T.);
#3567=EDGE_CURVE('',#2996,#2893,#4273,.T.);
#3568=EDGE_CURVE('',#2996,#2993,#4274,.T.);
#3569=EDGE_CURVE('',#2828,#2997,#4275,.T.);
#3570=EDGE_CURVE('',#2997,#2998,#4276,.T.);
#3571=EDGE_CURVE('',#2829,#2998,#4277,.T.);
#3572=EDGE_CURVE('',#2998,#2999,#4278,.T.);
#3573=EDGE_CURVE('',#2830,#2999,#4279,.T.);
#3574=EDGE_CURVE('',#2999,#3000,#4280,.T.);
#3575=EDGE_CURVE('',#2827,#3000,#4281,.T.);
#3576=EDGE_CURVE('',#3000,#2997,#4282,.T.);
#3577=EDGE_CURVE('',#2993,#2989,#4283,.T.);
#3578=EDGE_CURVE('',#2990,#2996,#4284,.T.);
#3579=EDGE_CURVE('',#2991,#2995,#4285,.T.);
#3580=EDGE_CURVE('',#2994,#2992,#4286,.T.);
#3581=EDGE_CURVE('',#2978,#2982,#4287,.T.);
#3582=EDGE_CURVE('',#2984,#2977,#4288,.T.);
#3583=EDGE_CURVE('',#2983,#2980,#4289,.T.);
#3584=EDGE_CURVE('',#2979,#2981,#4290,.T.);
#3585=EDGE_CURVE('',#3001,#3002,#4291,.T.);
#3586=EDGE_CURVE('',#3002,#3003,#4292,.T.);
#3587=EDGE_CURVE('',#3003,#3004,#4293,.T.);
#3588=EDGE_CURVE('',#3004,#3001,#4294,.T.);
#3589=EDGE_CURVE('',#3005,#2875,#4295,.T.);
#3590=EDGE_CURVE('',#3005,#3006,#4296,.T.);
#3591=EDGE_CURVE('',#3006,#2873,#4297,.T.);
#3592=EDGE_CURVE('',#3007,#2874,#4298,.T.);
#3593=EDGE_CURVE('',#3007,#3005,#4299,.T.);
#3594=EDGE_CURVE('',#3008,#2872,#4300,.T.);
#3595=EDGE_CURVE('',#3008,#3007,#4301,.T.);
#3596=EDGE_CURVE('',#3006,#3008,#4302,.T.);
#3597=EDGE_CURVE('',#2811,#3009,#4303,.T.);
#3598=EDGE_CURVE('',#2812,#3010,#4304,.T.);
#3599=EDGE_CURVE('',#3009,#3010,#4305,.T.);
#3600=EDGE_CURVE('',#2814,#3011,#4306,.T.);
#3601=EDGE_CURVE('',#3010,#3011,#4307,.T.);
#3602=EDGE_CURVE('',#2813,#3012,#4308,.T.);
#3603=EDGE_CURVE('',#3011,#3012,#4309,.T.);
#3604=EDGE_CURVE('',#3012,#3009,#4310,.T.);
#3605=EDGE_CURVE('',#3013,#3014,#4311,.T.);
#3606=EDGE_CURVE('',#3014,#3015,#4312,.T.);
#3607=EDGE_CURVE('',#3015,#3016,#4313,.T.);
#3608=EDGE_CURVE('',#3016,#3013,#4314,.T.);
#3609=EDGE_CURVE('',#3017,#2898,#4315,.T.);
#3610=EDGE_CURVE('',#3017,#3018,#4316,.T.);
#3611=EDGE_CURVE('',#3018,#2899,#4317,.T.);
#3612=EDGE_CURVE('',#3018,#3019,#4318,.T.);
#3613=EDGE_CURVE('',#3019,#2896,#4319,.T.);
#3614=EDGE_CURVE('',#3019,#3020,#4320,.T.);
#3615=EDGE_CURVE('',#3020,#2897,#4321,.T.);
#3616=EDGE_CURVE('',#3020,#3017,#4322,.T.);
#3617=EDGE_CURVE('',#2832,#3021,#4323,.T.);
#3618=EDGE_CURVE('',#3021,#3022,#4324,.T.);
#3619=EDGE_CURVE('',#2833,#3022,#4325,.T.);
#3620=EDGE_CURVE('',#3022,#3023,#4326,.T.);
#3621=EDGE_CURVE('',#2834,#3023,#4327,.T.);
#3622=EDGE_CURVE('',#3023,#3024,#4328,.T.);
#3623=EDGE_CURVE('',#2831,#3024,#4329,.T.);
#3624=EDGE_CURVE('',#3024,#3021,#4330,.T.);
#3625=EDGE_CURVE('',#3017,#3013,#4331,.T.);
#3626=EDGE_CURVE('',#3014,#3020,#4332,.T.);
#3627=EDGE_CURVE('',#3015,#3019,#4333,.T.);
#3628=EDGE_CURVE('',#3018,#3016,#4334,.T.);
#3629=EDGE_CURVE('',#3002,#3006,#4335,.T.);
#3630=EDGE_CURVE('',#3008,#3001,#4336,.T.);
#3631=EDGE_CURVE('',#3007,#3004,#4337,.T.);
#3632=EDGE_CURVE('',#3003,#3005,#4338,.T.);
#3633=EDGE_CURVE('',#3025,#3026,#4339,.T.);
#3634=EDGE_CURVE('',#3026,#3027,#4340,.T.);
#3635=EDGE_CURVE('',#3027,#3028,#4341,.T.);
#3636=EDGE_CURVE('',#3028,#3025,#4342,.T.);
#3637=EDGE_CURVE('',#3029,#2871,#4343,.T.);
#3638=EDGE_CURVE('',#3029,#3030,#4344,.T.);
#3639=EDGE_CURVE('',#3030,#2869,#4345,.T.);
#3640=EDGE_CURVE('',#3031,#2870,#4346,.T.);
#3641=EDGE_CURVE('',#3031,#3029,#4347,.T.);
#3642=EDGE_CURVE('',#3032,#2868,#4348,.T.);
#3643=EDGE_CURVE('',#3032,#3031,#4349,.T.);
#3644=EDGE_CURVE('',#3030,#3032,#4350,.T.);
#3645=EDGE_CURVE('',#2807,#3033,#4351,.T.);
#3646=EDGE_CURVE('',#2808,#3034,#4352,.T.);
#3647=EDGE_CURVE('',#3033,#3034,#4353,.T.);
#3648=EDGE_CURVE('',#2810,#3035,#4354,.T.);
#3649=EDGE_CURVE('',#3034,#3035,#4355,.T.);
#3650=EDGE_CURVE('',#2809,#3036,#4356,.T.);
#3651=EDGE_CURVE('',#3035,#3036,#4357,.T.);
#3652=EDGE_CURVE('',#3036,#3033,#4358,.T.);
#3653=EDGE_CURVE('',#3037,#3038,#4359,.T.);
#3654=EDGE_CURVE('',#3038,#3039,#4360,.T.);
#3655=EDGE_CURVE('',#3039,#3040,#4361,.T.);
#3656=EDGE_CURVE('',#3040,#3037,#4362,.T.);
#3657=EDGE_CURVE('',#3041,#2902,#4363,.T.);
#3658=EDGE_CURVE('',#3041,#3042,#4364,.T.);
#3659=EDGE_CURVE('',#3042,#2903,#4365,.T.);
#3660=EDGE_CURVE('',#3042,#3043,#4366,.T.);
#3661=EDGE_CURVE('',#3043,#2900,#4367,.T.);
#3662=EDGE_CURVE('',#3043,#3044,#4368,.T.);
#3663=EDGE_CURVE('',#3044,#2901,#4369,.T.);
#3664=EDGE_CURVE('',#3044,#3041,#4370,.T.);
#3665=EDGE_CURVE('',#2836,#3045,#4371,.T.);
#3666=EDGE_CURVE('',#3045,#3046,#4372,.T.);
#3667=EDGE_CURVE('',#2837,#3046,#4373,.T.);
#3668=EDGE_CURVE('',#3046,#3047,#4374,.T.);
#3669=EDGE_CURVE('',#2838,#3047,#4375,.T.);
#3670=EDGE_CURVE('',#3047,#3048,#4376,.T.);
#3671=EDGE_CURVE('',#2835,#3048,#4377,.T.);
#3672=EDGE_CURVE('',#3048,#3045,#4378,.T.);
#3673=EDGE_CURVE('',#3041,#3037,#4379,.T.);
#3674=EDGE_CURVE('',#3038,#3044,#4380,.T.);
#3675=EDGE_CURVE('',#3039,#3043,#4381,.T.);
#3676=EDGE_CURVE('',#3042,#3040,#4382,.T.);
#3677=EDGE_CURVE('',#3026,#3030,#4383,.T.);
#3678=EDGE_CURVE('',#3032,#3025,#4384,.T.);
#3679=EDGE_CURVE('',#3031,#3028,#4385,.T.);
#3680=EDGE_CURVE('',#3027,#3029,#4386,.T.);
#3681=EDGE_CURVE('',#3049,#3050,#4387,.T.);
#3682=EDGE_CURVE('',#3050,#3051,#4388,.T.);
#3683=EDGE_CURVE('',#3051,#3052,#4389,.T.);
#3684=EDGE_CURVE('',#3052,#3049,#4390,.T.);
#3685=EDGE_CURVE('',#3053,#2867,#4391,.T.);
#3686=EDGE_CURVE('',#3053,#3054,#4392,.T.);
#3687=EDGE_CURVE('',#3054,#2865,#4393,.T.);
#3688=EDGE_CURVE('',#3055,#2866,#4394,.T.);
#3689=EDGE_CURVE('',#3055,#3053,#4395,.T.);
#3690=EDGE_CURVE('',#3056,#2864,#4396,.T.);
#3691=EDGE_CURVE('',#3056,#3055,#4397,.T.);
#3692=EDGE_CURVE('',#3054,#3056,#4398,.T.);
#3693=EDGE_CURVE('',#2803,#3057,#4399,.T.);
#3694=EDGE_CURVE('',#2804,#3058,#4400,.T.);
#3695=EDGE_CURVE('',#3057,#3058,#4401,.T.);
#3696=EDGE_CURVE('',#2806,#3059,#4402,.T.);
#3697=EDGE_CURVE('',#3058,#3059,#4403,.T.);
#3698=EDGE_CURVE('',#2805,#3060,#4404,.T.);
#3699=EDGE_CURVE('',#3059,#3060,#4405,.T.);
#3700=EDGE_CURVE('',#3060,#3057,#4406,.T.);
#3701=EDGE_CURVE('',#3061,#3062,#4407,.T.);
#3702=EDGE_CURVE('',#3062,#3063,#4408,.T.);
#3703=EDGE_CURVE('',#3063,#3064,#4409,.T.);
#3704=EDGE_CURVE('',#3064,#3061,#4410,.T.);
#3705=EDGE_CURVE('',#3065,#2906,#4411,.T.);
#3706=EDGE_CURVE('',#3065,#3066,#4412,.T.);
#3707=EDGE_CURVE('',#3066,#2907,#4413,.T.);
#3708=EDGE_CURVE('',#3066,#3067,#4414,.T.);
#3709=EDGE_CURVE('',#3067,#2904,#4415,.T.);
#3710=EDGE_CURVE('',#3067,#3068,#4416,.T.);
#3711=EDGE_CURVE('',#3068,#2905,#4417,.T.);
#3712=EDGE_CURVE('',#3068,#3065,#4418,.T.);
#3713=EDGE_CURVE('',#2840,#3069,#4419,.T.);
#3714=EDGE_CURVE('',#3069,#3070,#4420,.T.);
#3715=EDGE_CURVE('',#2841,#3070,#4421,.T.);
#3716=EDGE_CURVE('',#3070,#3071,#4422,.T.);
#3717=EDGE_CURVE('',#2842,#3071,#4423,.T.);
#3718=EDGE_CURVE('',#3071,#3072,#4424,.T.);
#3719=EDGE_CURVE('',#2839,#3072,#4425,.T.);
#3720=EDGE_CURVE('',#3072,#3069,#4426,.T.);
#3721=EDGE_CURVE('',#3065,#3061,#4427,.T.);
#3722=EDGE_CURVE('',#3062,#3068,#4428,.T.);
#3723=EDGE_CURVE('',#3063,#3067,#4429,.T.);
#3724=EDGE_CURVE('',#3066,#3064,#4430,.T.);
#3725=EDGE_CURVE('',#3050,#3054,#4431,.T.);
#3726=EDGE_CURVE('',#3056,#3049,#4432,.T.);
#3727=EDGE_CURVE('',#3055,#3052,#4433,.T.);
#3728=EDGE_CURVE('',#3051,#3053,#4434,.T.);
#3729=EDGE_CURVE('',#3073,#3074,#4435,.T.);
#3730=EDGE_CURVE('',#3074,#3075,#4436,.T.);
#3731=EDGE_CURVE('',#3075,#3076,#4437,.T.);
#3732=EDGE_CURVE('',#3076,#3073,#4438,.T.);
#3733=EDGE_CURVE('',#3077,#2863,#4439,.T.);
#3734=EDGE_CURVE('',#3077,#3078,#4440,.T.);
#3735=EDGE_CURVE('',#3078,#2861,#4441,.T.);
#3736=EDGE_CURVE('',#3079,#2862,#4442,.T.);
#3737=EDGE_CURVE('',#3079,#3077,#4443,.T.);
#3738=EDGE_CURVE('',#3080,#2860,#4444,.T.);
#3739=EDGE_CURVE('',#3080,#3079,#4445,.T.);
#3740=EDGE_CURVE('',#3078,#3080,#4446,.T.);
#3741=EDGE_CURVE('',#2799,#3081,#4447,.T.);
#3742=EDGE_CURVE('',#2800,#3082,#4448,.T.);
#3743=EDGE_CURVE('',#3081,#3082,#4449,.T.);
#3744=EDGE_CURVE('',#2802,#3083,#4450,.T.);
#3745=EDGE_CURVE('',#3082,#3083,#4451,.T.);
#3746=EDGE_CURVE('',#2801,#3084,#4452,.T.);
#3747=EDGE_CURVE('',#3083,#3084,#4453,.T.);
#3748=EDGE_CURVE('',#3084,#3081,#4454,.T.);
#3749=EDGE_CURVE('',#3085,#3086,#4455,.T.);
#3750=EDGE_CURVE('',#3086,#3087,#4456,.T.);
#3751=EDGE_CURVE('',#3087,#3088,#4457,.T.);
#3752=EDGE_CURVE('',#3088,#3085,#4458,.T.);
#3753=EDGE_CURVE('',#3089,#2910,#4459,.T.);
#3754=EDGE_CURVE('',#3089,#3090,#4460,.T.);
#3755=EDGE_CURVE('',#3090,#2911,#4461,.T.);
#3756=EDGE_CURVE('',#3090,#3091,#4462,.T.);
#3757=EDGE_CURVE('',#3091,#2908,#4463,.T.);
#3758=EDGE_CURVE('',#3091,#3092,#4464,.T.);
#3759=EDGE_CURVE('',#3092,#2909,#4465,.T.);
#3760=EDGE_CURVE('',#3092,#3089,#4466,.T.);
#3761=EDGE_CURVE('',#2844,#3093,#4467,.T.);
#3762=EDGE_CURVE('',#3093,#3094,#4468,.T.);
#3763=EDGE_CURVE('',#2845,#3094,#4469,.T.);
#3764=EDGE_CURVE('',#3094,#3095,#4470,.T.);
#3765=EDGE_CURVE('',#2846,#3095,#4471,.T.);
#3766=EDGE_CURVE('',#3095,#3096,#4472,.T.);
#3767=EDGE_CURVE('',#2843,#3096,#4473,.T.);
#3768=EDGE_CURVE('',#3096,#3093,#4474,.T.);
#3769=EDGE_CURVE('',#3089,#3085,#4475,.T.);
#3770=EDGE_CURVE('',#3086,#3092,#4476,.T.);
#3771=EDGE_CURVE('',#3087,#3091,#4477,.T.);
#3772=EDGE_CURVE('',#3090,#3088,#4478,.T.);
#3773=EDGE_CURVE('',#3074,#3078,#4479,.T.);
#3774=EDGE_CURVE('',#3080,#3073,#4480,.T.);
#3775=EDGE_CURVE('',#3079,#3076,#4481,.T.);
#3776=EDGE_CURVE('',#3075,#3077,#4482,.T.);
#3777=EDGE_CURVE('',#3097,#3098,#4483,.T.);
#3778=EDGE_CURVE('',#3098,#3099,#4484,.T.);
#3779=EDGE_CURVE('',#3099,#3100,#4485,.T.);
#3780=EDGE_CURVE('',#3100,#3097,#4486,.T.);
#3781=EDGE_CURVE('',#3101,#2859,#4487,.T.);
#3782=EDGE_CURVE('',#3101,#3102,#4488,.T.);
#3783=EDGE_CURVE('',#3102,#2857,#4489,.T.);
#3784=EDGE_CURVE('',#3103,#2858,#4490,.T.);
#3785=EDGE_CURVE('',#3103,#3101,#4491,.T.);
#3786=EDGE_CURVE('',#3104,#2856,#4492,.T.);
#3787=EDGE_CURVE('',#3104,#3103,#4493,.T.);
#3788=EDGE_CURVE('',#3102,#3104,#4494,.T.);
#3789=EDGE_CURVE('',#2795,#3105,#4495,.T.);
#3790=EDGE_CURVE('',#2796,#3106,#4496,.T.);
#3791=EDGE_CURVE('',#3105,#3106,#4497,.T.);
#3792=EDGE_CURVE('',#2798,#3107,#4498,.T.);
#3793=EDGE_CURVE('',#3106,#3107,#4499,.T.);
#3794=EDGE_CURVE('',#2797,#3108,#4500,.T.);
#3795=EDGE_CURVE('',#3107,#3108,#4501,.T.);
#3796=EDGE_CURVE('',#3108,#3105,#4502,.T.);
#3797=EDGE_CURVE('',#3109,#3110,#4503,.T.);
#3798=EDGE_CURVE('',#3110,#3111,#4504,.T.);
#3799=EDGE_CURVE('',#3111,#3112,#4505,.T.);
#3800=EDGE_CURVE('',#3112,#3109,#4506,.T.);
#3801=EDGE_CURVE('',#3113,#2914,#4507,.T.);
#3802=EDGE_CURVE('',#3113,#3114,#4508,.T.);
#3803=EDGE_CURVE('',#3114,#2915,#4509,.T.);
#3804=EDGE_CURVE('',#3114,#3115,#4510,.T.);
#3805=EDGE_CURVE('',#3115,#2912,#4511,.T.);
#3806=EDGE_CURVE('',#3115,#3116,#4512,.T.);
#3807=EDGE_CURVE('',#3116,#2913,#4513,.T.);
#3808=EDGE_CURVE('',#3116,#3113,#4514,.T.);
#3809=EDGE_CURVE('',#2848,#3117,#4515,.T.);
#3810=EDGE_CURVE('',#3117,#3118,#4516,.T.);
#3811=EDGE_CURVE('',#2849,#3118,#4517,.T.);
#3812=EDGE_CURVE('',#3118,#3119,#4518,.T.);
#3813=EDGE_CURVE('',#2850,#3119,#4519,.T.);
#3814=EDGE_CURVE('',#3119,#3120,#4520,.T.);
#3815=EDGE_CURVE('',#2847,#3120,#4521,.T.);
#3816=EDGE_CURVE('',#3120,#3117,#4522,.T.);
#3817=EDGE_CURVE('',#3113,#3109,#4523,.T.);
#3818=EDGE_CURVE('',#3110,#3116,#4524,.T.);
#3819=EDGE_CURVE('',#3111,#3115,#4525,.T.);
#3820=EDGE_CURVE('',#3114,#3112,#4526,.T.);
#3821=EDGE_CURVE('',#3098,#3102,#4527,.T.);
#3822=EDGE_CURVE('',#3104,#3097,#4528,.T.);
#3823=EDGE_CURVE('',#3103,#3100,#4529,.T.);
#3824=EDGE_CURVE('',#3099,#3101,#4530,.T.);
#3825=EDGE_CURVE('',#2673,#2684,#4531,.T.);
#3826=EDGE_CURVE('',#2685,#2672,#4532,.T.);
#3827=EDGE_CURVE('',#2704,#2693,#4533,.T.);
#3828=EDGE_CURVE('',#2709,#2713,#4534,.T.);
#3829=EDGE_CURVE('',#2951,#2676,#4535,.T.);
#3830=EDGE_CURVE('',#2952,#2672,#4536,.T.);
#3831=EDGE_CURVE('',#2681,#3121,#4537,.T.);
#3832=EDGE_CURVE('',#3121,#2922,#4538,.T.);
#3833=EDGE_CURVE('',#3121,#2689,#4539,.T.);
#3834=LINE('',#6835,#4540);
#3835=LINE('',#6838,#4541);
#3836=LINE('',#6840,#4542);
#3837=LINE('',#6842,#4543);
#3838=LINE('',#6844,#4544);
#3839=LINE('',#6846,#4545);
#3840=LINE('',#6849,#4546);
#3841=LINE('',#6851,#4547);
#3842=LINE('',#6853,#4548);
#3843=LINE('',#6855,#4549);
#3844=LINE('',#6857,#4550);
#3845=LINE('',#6860,#4551);
#3846=LINE('',#6862,#4552);
#3847=LINE('',#6864,#4553);
#3848=LINE('',#6866,#4554);
#3849=LINE('',#6868,#4555);
#3850=LINE('',#6870,#4556);
#3851=LINE('',#6872,#4557);
#3852=LINE('',#6874,#4558);
#3853=LINE('',#6876,#4559);
#3854=LINE('',#6878,#4560);
#3855=LINE('',#6880,#4561);
#3856=LINE('',#6882,#4562);
#3857=LINE('',#6884,#4563);
#3858=LINE('',#6887,#4564);
#3859=LINE('',#6889,#4565);
#3860=LINE('',#6891,#4566);
#3861=LINE('',#6893,#4567);
#3862=LINE('',#6895,#4568);
#3863=LINE('',#6897,#4569);
#3864=LINE('',#6899,#4570);
#3865=LINE('',#6901,#4571);
#3866=LINE('',#6903,#4572);
#3867=LINE('',#6905,#4573);
#3868=LINE('',#6907,#4574);
#3869=LINE('',#6909,#4575);
#3870=LINE('',#6912,#4576);
#3871=LINE('',#6914,#4577);
#3872=LINE('',#6916,#4578);
#3873=LINE('',#6918,#4579);
#3874=LINE('',#6920,#4580);
#3875=LINE('',#6921,#4581);
#3876=LINE('',#6923,#4582);
#3877=LINE('',#6925,#4583);
#3878=LINE('',#6927,#4584);
#3879=LINE('',#6930,#4585);
#3880=LINE('',#6931,#4586);
#3881=LINE('',#6933,#4587);
#3882=LINE('',#6936,#4588);
#3883=LINE('',#6937,#4589);
#3884=LINE('',#6939,#4590);
#3885=LINE('',#6942,#4591);
#3886=LINE('',#6944,#4592);
#3887=LINE('',#6946,#4593);
#3888=LINE('',#6948,#4594);
#3889=LINE('',#6951,#4595);
#3890=LINE('',#6952,#4596);
#3891=LINE('',#6954,#4597);
#3892=LINE('',#6957,#4598);
#3893=LINE('',#6959,#4599);
#3894=LINE('',#6961,#4600);
#3895=LINE('',#6963,#4601);
#3896=LINE('',#6966,#4602);
#3897=LINE('',#6968,#4603);
#3898=LINE('',#6970,#4604);
#3899=LINE('',#6972,#4605);
#3900=LINE('',#6975,#4606);
#3901=LINE('',#6977,#4607);
#3902=LINE('',#6979,#4608);
#3903=LINE('',#6981,#4609);
#3904=LINE('',#6984,#4610);
#3905=LINE('',#6986,#4611);
#3906=LINE('',#6988,#4612);
#3907=LINE('',#6990,#4613);
#3908=LINE('',#6993,#4614);
#3909=LINE('',#6995,#4615);
#3910=LINE('',#6997,#4616);
#3911=LINE('',#6999,#4617);
#3912=LINE('',#7002,#4618);
#3913=LINE('',#7004,#4619);
#3914=LINE('',#7006,#4620);
#3915=LINE('',#7008,#4621);
#3916=LINE('',#7011,#4622);
#3917=LINE('',#7015,#4623);
#3918=LINE('',#7017,#4624);
#3919=LINE('',#7019,#4625);
#3920=LINE('',#7021,#4626);
#3921=LINE('',#7023,#4627);
#3922=LINE('',#7024,#4628);
#3923=LINE('',#7026,#4629);
#3924=LINE('',#7028,#4630);
#3925=LINE('',#7033,#4631);
#3926=LINE('',#7035,#4632);
#3927=LINE('',#7037,#4633);
#3928=LINE('',#7039,#4634);
#3929=LINE('',#7041,#4635);
#3930=LINE('',#7043,#4636);
#3931=LINE('',#7045,#4637);
#3932=LINE('',#7048,#4638);
#3933=LINE('',#7050,#4639);
#3934=LINE('',#7052,#4640);
#3935=LINE('',#7054,#4641);
#3936=LINE('',#7056,#4642);
#3937=LINE('',#7058,#4643);
#3938=LINE('',#7061,#4644);
#3939=LINE('',#7063,#4645);
#3940=LINE('',#7065,#4646);
#3941=LINE('',#7067,#4647);
#3942=LINE('',#7069,#4648);
#3943=LINE('',#7071,#4649);
#3944=LINE('',#7074,#4650);
#3945=LINE('',#7075,#4651);
#3946=LINE('',#7077,#4652);
#3947=LINE('',#7079,#4653);
#3948=LINE('',#7081,#4654);
#3949=LINE('',#7083,#4655);
#3950=LINE('',#7085,#4656);
#3951=LINE('',#7087,#4657);
#3952=LINE('',#7089,#4658);
#3953=LINE('',#7091,#4659);
#3954=LINE('',#7093,#4660);
#3955=LINE('',#7095,#4661);
#3956=LINE('',#7096,#4662);
#3957=LINE('',#7101,#4663);
#3958=LINE('',#7104,#4664);
#3959=LINE('',#7108,#4665);
#3960=LINE('',#7111,#4666);
#3961=LINE('',#7113,#4667);
#3962=LINE('',#7115,#4668);
#3963=LINE('',#7117,#4669);
#3964=LINE('',#7119,#4670);
#3965=LINE('',#7121,#4671);
#3966=LINE('',#7122,#4672);
#3967=LINE('',#7124,#4673);
#3968=LINE('',#7125,#4674);
#3969=LINE('',#7127,#4675);
#3970=LINE('',#7129,#4676);
#3971=LINE('',#7131,#4677);
#3972=LINE('',#7133,#4678);
#3973=LINE('',#7136,#4679);
#3974=LINE('',#7137,#4680);
#3975=LINE('',#7139,#4681);
#3976=LINE('',#7140,#4682);
#3977=LINE('',#7142,#4683);
#3978=LINE('',#7144,#4684);
#3979=LINE('',#7146,#4685);
#3980=LINE('',#7147,#4686);
#3981=LINE('',#7149,#4687);
#3982=LINE('',#7150,#4688);
#3983=LINE('',#7152,#4689);
#3984=LINE('',#7153,#4690);
#3985=LINE('',#7155,#4691);
#3986=LINE('',#7156,#4692);
#3987=LINE('',#7158,#4693);
#3988=LINE('',#7159,#4694);
#3989=LINE('',#7161,#4695);
#3990=LINE('',#7162,#4696);
#3991=LINE('',#7164,#4697);
#3992=LINE('',#7167,#4698);
#3993=LINE('',#7169,#4699);
#3994=LINE('',#7171,#4700);
#3995=LINE('',#7172,#4701);
#3996=LINE('',#7175,#4702);
#3997=LINE('',#7177,#4703);
#3998=LINE('',#7179,#4704);
#3999=LINE('',#7180,#4705);
#4000=LINE('',#7183,#4706);
#4001=LINE('',#7185,#4707);
#4002=LINE('',#7187,#4708);
#4003=LINE('',#7188,#4709);
#4004=LINE('',#7191,#4710);
#4005=LINE('',#7193,#4711);
#4006=LINE('',#7195,#4712);
#4007=LINE('',#7196,#4713);
#4008=LINE('',#7199,#4714);
#4009=LINE('',#7201,#4715);
#4010=LINE('',#7203,#4716);
#4011=LINE('',#7204,#4717);
#4012=LINE('',#7207,#4718);
#4013=LINE('',#7209,#4719);
#4014=LINE('',#7211,#4720);
#4015=LINE('',#7212,#4721);
#4016=LINE('',#7215,#4722);
#4017=LINE('',#7217,#4723);
#4018=LINE('',#7219,#4724);
#4019=LINE('',#7220,#4725);
#4020=LINE('',#7223,#4726);
#4021=LINE('',#7225,#4727);
#4022=LINE('',#7227,#4728);
#4023=LINE('',#7228,#4729);
#4024=LINE('',#7231,#4730);
#4025=LINE('',#7233,#4731);
#4026=LINE('',#7235,#4732);
#4027=LINE('',#7236,#4733);
#4028=LINE('',#7239,#4734);
#4029=LINE('',#7241,#4735);
#4030=LINE('',#7243,#4736);
#4031=LINE('',#7244,#4737);
#4032=LINE('',#7247,#4738);
#4033=LINE('',#7249,#4739);
#4034=LINE('',#7251,#4740);
#4035=LINE('',#7252,#4741);
#4036=LINE('',#7255,#4742);
#4037=LINE('',#7257,#4743);
#4038=LINE('',#7259,#4744);
#4039=LINE('',#7260,#4745);
#4040=LINE('',#7263,#4746);
#4041=LINE('',#7265,#4747);
#4042=LINE('',#7267,#4748);
#4043=LINE('',#7268,#4749);
#4044=LINE('',#7271,#4750);
#4045=LINE('',#7273,#4751);
#4046=LINE('',#7275,#4752);
#4047=LINE('',#7276,#4753);
#4048=LINE('',#7278,#4754);
#4049=LINE('',#7280,#4755);
#4050=LINE('',#7281,#4756);
#4051=LINE('',#7282,#4757);
#4052=LINE('',#7283,#4758);
#4053=LINE('',#7285,#4759);
#4054=LINE('',#7287,#4760);
#4055=LINE('',#7288,#4761);
#4056=LINE('',#7289,#4762);
#4057=LINE('',#7290,#4763);
#4058=LINE('',#7291,#4764);
#4059=LINE('',#7293,#4765);
#4060=LINE('',#7295,#4766);
#4061=LINE('',#7298,#4767);
#4062=LINE('',#7300,#4768);
#4063=LINE('',#7302,#4769);
#4064=LINE('',#7303,#4770);
#4065=LINE('',#7306,#4771);
#4066=LINE('',#7308,#4772);
#4067=LINE('',#7310,#4773);
#4068=LINE('',#7311,#4774);
#4069=LINE('',#7314,#4775);
#4070=LINE('',#7316,#4776);
#4071=LINE('',#7318,#4777);
#4072=LINE('',#7319,#4778);
#4073=LINE('',#7322,#4779);
#4074=LINE('',#7324,#4780);
#4075=LINE('',#7326,#4781);
#4076=LINE('',#7327,#4782);
#4077=LINE('',#7330,#4783);
#4078=LINE('',#7332,#4784);
#4079=LINE('',#7334,#4785);
#4080=LINE('',#7335,#4786);
#4081=LINE('',#7338,#4787);
#4082=LINE('',#7340,#4788);
#4083=LINE('',#7342,#4789);
#4084=LINE('',#7343,#4790);
#4085=LINE('',#7346,#4791);
#4086=LINE('',#7348,#4792);
#4087=LINE('',#7350,#4793);
#4088=LINE('',#7351,#4794);
#4089=LINE('',#7354,#4795);
#4090=LINE('',#7356,#4796);
#4091=LINE('',#7358,#4797);
#4092=LINE('',#7359,#4798);
#4093=LINE('',#7362,#4799);
#4094=LINE('',#7364,#4800);
#4095=LINE('',#7366,#4801);
#4096=LINE('',#7367,#4802);
#4097=LINE('',#7370,#4803);
#4098=LINE('',#7372,#4804);
#4099=LINE('',#7374,#4805);
#4100=LINE('',#7375,#4806);
#4101=LINE('',#7378,#4807);
#4102=LINE('',#7380,#4808);
#4103=LINE('',#7382,#4809);
#4104=LINE('',#7383,#4810);
#4105=LINE('',#7386,#4811);
#4106=LINE('',#7388,#4812);
#4107=LINE('',#7390,#4813);
#4108=LINE('',#7391,#4814);
#4109=LINE('',#7394,#4815);
#4110=LINE('',#7396,#4816);
#4111=LINE('',#7398,#4817);
#4112=LINE('',#7399,#4818);
#4113=LINE('',#7402,#4819);
#4114=LINE('',#7404,#4820);
#4115=LINE('',#7406,#4821);
#4116=LINE('',#7407,#4822);
#4117=LINE('',#7410,#4823);
#4118=LINE('',#7412,#4824);
#4119=LINE('',#7414,#4825);
#4120=LINE('',#7416,#4826);
#4121=LINE('',#7419,#4827);
#4122=LINE('',#7421,#4828);
#4123=LINE('',#7423,#4829);
#4124=LINE('',#7425,#4830);
#4125=LINE('',#7427,#4831);
#4126=LINE('',#7428,#4832);
#4127=LINE('',#7430,#4833);
#4128=LINE('',#7432,#4834);
#4129=LINE('',#7434,#4835);
#4130=LINE('',#7435,#4836);
#4131=LINE('',#7437,#4837);
#4132=LINE('',#7439,#4838);
#4133=LINE('',#7441,#4839);
#4134=LINE('',#7442,#4840);
#4135=LINE('',#7444,#4841);
#4136=LINE('',#7446,#4842);
#4137=LINE('',#7448,#4843);
#4138=LINE('',#7450,#4844);
#4139=LINE('',#7452,#4845);
#4140=LINE('',#7454,#4846);
#4141=LINE('',#7456,#4847);
#4142=LINE('',#7458,#4848);
#4143=LINE('',#7460,#4849);
#4144=LINE('',#7462,#4850);
#4145=LINE('',#7464,#4851);
#4146=LINE('',#7466,#4852);
#4147=LINE('',#7467,#4853);
#4148=LINE('',#7468,#4854);
#4149=LINE('',#7470,#4855);
#4150=LINE('',#7473,#4856);
#4151=LINE('',#7475,#4857);
#4152=LINE('',#7477,#4858);
#4153=LINE('',#7479,#4859);
#4154=LINE('',#7481,#4860);
#4155=LINE('',#7483,#4861);
#4156=LINE('',#7485,#4862);
#4157=LINE('',#7486,#4863);
#4158=LINE('',#7488,#4864);
#4159=LINE('',#7489,#4865);
#4160=LINE('',#7491,#4866);
#4161=LINE('',#7492,#4867);
#4162=LINE('',#7495,#4868);
#4163=LINE('',#7497,#4869);
#4164=LINE('',#7499,#4870);
#4165=LINE('',#7501,#4871);
#4166=LINE('',#7503,#4872);
#4167=LINE('',#7505,#4873);
#4168=LINE('',#7507,#4874);
#4169=LINE('',#7508,#4875);
#4170=LINE('',#7510,#4876);
#4171=LINE('',#7512,#4877);
#4172=LINE('',#7514,#4878);
#4173=LINE('',#7515,#4879);
#4174=LINE('',#7517,#4880);
#4175=LINE('',#7518,#4881);
#4176=LINE('',#7520,#4882);
#4177=LINE('',#7522,#4883);
#4178=LINE('',#7527,#4884);
#4179=LINE('',#7528,#4885);
#4180=LINE('',#7530,#4886);
#4181=LINE('',#7532,#4887);
#4182=LINE('',#7535,#4888);
#4183=LINE('',#7537,#4889);
#4184=LINE('',#7538,#4890);
#4185=LINE('',#7541,#4891);
#4186=LINE('',#7542,#4892);
#4187=LINE('',#7544,#4893);
#4188=LINE('',#7545,#4894);
#4189=LINE('',#7547,#4895);
#4190=LINE('',#7548,#4896);
#4191=LINE('',#7550,#4897);
#4192=LINE('',#7552,#4898);
#4193=LINE('',#7554,#4899);
#4194=LINE('',#7557,#4900);
#4195=LINE('',#7561,#4901);
#4196=LINE('',#7564,#4902);
#4197=LINE('',#7566,#4903);
#4198=LINE('',#7568,#4904);
#4199=LINE('',#7570,#4905);
#4200=LINE('',#7572,#4906);
#4201=LINE('',#7574,#4907);
#4202=LINE('',#7576,#4908);
#4203=LINE('',#7578,#4909);
#4204=LINE('',#7580,#4910);
#4205=LINE('',#7582,#4911);
#4206=LINE('',#7584,#4912);
#4207=LINE('',#7586,#4913);
#4208=LINE('',#7588,#4914);
#4209=LINE('',#7590,#4915);
#4210=LINE('',#7592,#4916);
#4211=LINE('',#7594,#4917);
#4212=LINE('',#7596,#4918);
#4213=LINE('',#7598,#4919);
#4214=LINE('',#7600,#4920);
#4215=LINE('',#7603,#4921);
#4216=LINE('',#7606,#4922);
#4217=LINE('',#7608,#4923);
#4218=LINE('',#7610,#4924);
#4219=LINE('',#7612,#4925);
#4220=LINE('',#7614,#4926);
#4221=LINE('',#7616,#4927);
#4222=LINE('',#7618,#4928);
#4223=LINE('',#7620,#4929);
#4224=LINE('',#7622,#4930);
#4225=LINE('',#7624,#4931);
#4226=LINE('',#7626,#4932);
#4227=LINE('',#7628,#4933);
#4228=LINE('',#7630,#4934);
#4229=LINE('',#7632,#4935);
#4230=LINE('',#7634,#4936);
#4231=LINE('',#7636,#4937);
#4232=LINE('',#7638,#4938);
#4233=LINE('',#7640,#4939);
#4234=LINE('',#7642,#4940);
#4235=LINE('',#7645,#4941);
#4236=LINE('',#7646,#4942);
#4237=LINE('',#7648,#4943);
#4238=LINE('',#7650,#4944);
#4239=LINE('',#7653,#4945);
#4240=LINE('',#7654,#4946);
#4241=LINE('',#7656,#4947);
#4242=LINE('',#7658,#4948);
#4243=LINE('',#7661,#4949);
#4244=LINE('',#7664,#4950);
#4245=LINE('',#7666,#4951);
#4246=LINE('',#7668,#4952);
#4247=LINE('',#7670,#4953);
#4248=LINE('',#7672,#4954);
#4249=LINE('',#7674,#4955);
#4250=LINE('',#7676,#4956);
#4251=LINE('',#7678,#4957);
#4252=LINE('',#7680,#4958);
#4253=LINE('',#7682,#4959);
#4254=LINE('',#7684,#4960);
#4255=LINE('',#7686,#4961);
#4256=LINE('',#7688,#4962);
#4257=LINE('',#7690,#4963);
#4258=LINE('',#7692,#4964);
#4259=LINE('',#7694,#4965);
#4260=LINE('',#7696,#4966);
#4261=LINE('',#7698,#4967);
#4262=LINE('',#7700,#4968);
#4263=LINE('',#7703,#4969);
#4264=LINE('',#7706,#4970);
#4265=LINE('',#7708,#4971);
#4266=LINE('',#7710,#4972);
#4267=LINE('',#7712,#4973);
#4268=LINE('',#7714,#4974);
#4269=LINE('',#7716,#4975);
#4270=LINE('',#7718,#4976);
#4271=LINE('',#7720,#4977);
#4272=LINE('',#7722,#4978);
#4273=LINE('',#7724,#4979);
#4274=LINE('',#7726,#4980);
#4275=LINE('',#7728,#4981);
#4276=LINE('',#7730,#4982);
#4277=LINE('',#7732,#4983);
#4278=LINE('',#7734,#4984);
#4279=LINE('',#7736,#4985);
#4280=LINE('',#7738,#4986);
#4281=LINE('',#7740,#4987);
#4282=LINE('',#7742,#4988);
#4283=LINE('',#7745,#4989);
#4284=LINE('',#7746,#4990);
#4285=LINE('',#7748,#4991);
#4286=LINE('',#7750,#4992);
#4287=LINE('',#7753,#4993);
#4288=LINE('',#7754,#4994);
#4289=LINE('',#7756,#4995);
#4290=LINE('',#7758,#4996);
#4291=LINE('',#7761,#4997);
#4292=LINE('',#7764,#4998);
#4293=LINE('',#7766,#4999);
#4294=LINE('',#7768,#5000);
#4295=LINE('',#7770,#5001);
#4296=LINE('',#7772,#5002);
#4297=LINE('',#7774,#5003);
#4298=LINE('',#7776,#5004);
#4299=LINE('',#7778,#5005);
#4300=LINE('',#7780,#5006);
#4301=LINE('',#7782,#5007);
#4302=LINE('',#7784,#5008);
#4303=LINE('',#7786,#5009);
#4304=LINE('',#7788,#5010);
#4305=LINE('',#7790,#5011);
#4306=LINE('',#7792,#5012);
#4307=LINE('',#7794,#5013);
#4308=LINE('',#7796,#5014);
#4309=LINE('',#7798,#5015);
#4310=LINE('',#7800,#5016);
#4311=LINE('',#7803,#5017);
#4312=LINE('',#7806,#5018);
#4313=LINE('',#7808,#5019);
#4314=LINE('',#7810,#5020);
#4315=LINE('',#7812,#5021);
#4316=LINE('',#7814,#5022);
#4317=LINE('',#7816,#5023);
#4318=LINE('',#7818,#5024);
#4319=LINE('',#7820,#5025);
#4320=LINE('',#7822,#5026);
#4321=LINE('',#7824,#5027);
#4322=LINE('',#7826,#5028);
#4323=LINE('',#7828,#5029);
#4324=LINE('',#7830,#5030);
#4325=LINE('',#7832,#5031);
#4326=LINE('',#7834,#5032);
#4327=LINE('',#7836,#5033);
#4328=LINE('',#7838,#5034);
#4329=LINE('',#7840,#5035);
#4330=LINE('',#7842,#5036);
#4331=LINE('',#7845,#5037);
#4332=LINE('',#7846,#5038);
#4333=LINE('',#7848,#5039);
#4334=LINE('',#7850,#5040);
#4335=LINE('',#7853,#5041);
#4336=LINE('',#7854,#5042);
#4337=LINE('',#7856,#5043);
#4338=LINE('',#7858,#5044);
#4339=LINE('',#7861,#5045);
#4340=LINE('',#7864,#5046);
#4341=LINE('',#7866,#5047);
#4342=LINE('',#7868,#5048);
#4343=LINE('',#7870,#5049);
#4344=LINE('',#7872,#5050);
#4345=LINE('',#7874,#5051);
#4346=LINE('',#7876,#5052);
#4347=LINE('',#7878,#5053);
#4348=LINE('',#7880,#5054);
#4349=LINE('',#7882,#5055);
#4350=LINE('',#7884,#5056);
#4351=LINE('',#7886,#5057);
#4352=LINE('',#7888,#5058);
#4353=LINE('',#7890,#5059);
#4354=LINE('',#7892,#5060);
#4355=LINE('',#7894,#5061);
#4356=LINE('',#7896,#5062);
#4357=LINE('',#7898,#5063);
#4358=LINE('',#7900,#5064);
#4359=LINE('',#7903,#5065);
#4360=LINE('',#7906,#5066);
#4361=LINE('',#7908,#5067);
#4362=LINE('',#7910,#5068);
#4363=LINE('',#7912,#5069);
#4364=LINE('',#7914,#5070);
#4365=LINE('',#7916,#5071);
#4366=LINE('',#7918,#5072);
#4367=LINE('',#7920,#5073);
#4368=LINE('',#7922,#5074);
#4369=LINE('',#7924,#5075);
#4370=LINE('',#7926,#5076);
#4371=LINE('',#7928,#5077);
#4372=LINE('',#7930,#5078);
#4373=LINE('',#7932,#5079);
#4374=LINE('',#7934,#5080);
#4375=LINE('',#7936,#5081);
#4376=LINE('',#7938,#5082);
#4377=LINE('',#7940,#5083);
#4378=LINE('',#7942,#5084);
#4379=LINE('',#7945,#5085);
#4380=LINE('',#7946,#5086);
#4381=LINE('',#7948,#5087);
#4382=LINE('',#7950,#5088);
#4383=LINE('',#7953,#5089);
#4384=LINE('',#7954,#5090);
#4385=LINE('',#7956,#5091);
#4386=LINE('',#7958,#5092);
#4387=LINE('',#7961,#5093);
#4388=LINE('',#7964,#5094);
#4389=LINE('',#7966,#5095);
#4390=LINE('',#7968,#5096);
#4391=LINE('',#7970,#5097);
#4392=LINE('',#7972,#5098);
#4393=LINE('',#7974,#5099);
#4394=LINE('',#7976,#5100);
#4395=LINE('',#7978,#5101);
#4396=LINE('',#7980,#5102);
#4397=LINE('',#7982,#5103);
#4398=LINE('',#7984,#5104);
#4399=LINE('',#7986,#5105);
#4400=LINE('',#7988,#5106);
#4401=LINE('',#7990,#5107);
#4402=LINE('',#7992,#5108);
#4403=LINE('',#7994,#5109);
#4404=LINE('',#7996,#5110);
#4405=LINE('',#7998,#5111);
#4406=LINE('',#8000,#5112);
#4407=LINE('',#8003,#5113);
#4408=LINE('',#8006,#5114);
#4409=LINE('',#8008,#5115);
#4410=LINE('',#8010,#5116);
#4411=LINE('',#8012,#5117);
#4412=LINE('',#8014,#5118);
#4413=LINE('',#8016,#5119);
#4414=LINE('',#8018,#5120);
#4415=LINE('',#8020,#5121);
#4416=LINE('',#8022,#5122);
#4417=LINE('',#8024,#5123);
#4418=LINE('',#8026,#5124);
#4419=LINE('',#8028,#5125);
#4420=LINE('',#8030,#5126);
#4421=LINE('',#8032,#5127);
#4422=LINE('',#8034,#5128);
#4423=LINE('',#8036,#5129);
#4424=LINE('',#8038,#5130);
#4425=LINE('',#8040,#5131);
#4426=LINE('',#8042,#5132);
#4427=LINE('',#8045,#5133);
#4428=LINE('',#8046,#5134);
#4429=LINE('',#8048,#5135);
#4430=LINE('',#8050,#5136);
#4431=LINE('',#8053,#5137);
#4432=LINE('',#8054,#5138);
#4433=LINE('',#8056,#5139);
#4434=LINE('',#8058,#5140);
#4435=LINE('',#8061,#5141);
#4436=LINE('',#8064,#5142);
#4437=LINE('',#8066,#5143);
#4438=LINE('',#8068,#5144);
#4439=LINE('',#8070,#5145);
#4440=LINE('',#8072,#5146);
#4441=LINE('',#8074,#5147);
#4442=LINE('',#8076,#5148);
#4443=LINE('',#8078,#5149);
#4444=LINE('',#8080,#5150);
#4445=LINE('',#8082,#5151);
#4446=LINE('',#8084,#5152);
#4447=LINE('',#8086,#5153);
#4448=LINE('',#8088,#5154);
#4449=LINE('',#8090,#5155);
#4450=LINE('',#8092,#5156);
#4451=LINE('',#8094,#5157);
#4452=LINE('',#8096,#5158);
#4453=LINE('',#8098,#5159);
#4454=LINE('',#8100,#5160);
#4455=LINE('',#8103,#5161);
#4456=LINE('',#8106,#5162);
#4457=LINE('',#8108,#5163);
#4458=LINE('',#8110,#5164);
#4459=LINE('',#8112,#5165);
#4460=LINE('',#8114,#5166);
#4461=LINE('',#8116,#5167);
#4462=LINE('',#8118,#5168);
#4463=LINE('',#8120,#5169);
#4464=LINE('',#8122,#5170);
#4465=LINE('',#8124,#5171);
#4466=LINE('',#8126,#5172);
#4467=LINE('',#8128,#5173);
#4468=LINE('',#8130,#5174);
#4469=LINE('',#8132,#5175);
#4470=LINE('',#8134,#5176);
#4471=LINE('',#8136,#5177);
#4472=LINE('',#8138,#5178);
#4473=LINE('',#8140,#5179);
#4474=LINE('',#8142,#5180);
#4475=LINE('',#8145,#5181);
#4476=LINE('',#8146,#5182);
#4477=LINE('',#8148,#5183);
#4478=LINE('',#8150,#5184);
#4479=LINE('',#8153,#5185);
#4480=LINE('',#8154,#5186);
#4481=LINE('',#8156,#5187);
#4482=LINE('',#8158,#5188);
#4483=LINE('',#8161,#5189);
#4484=LINE('',#8164,#5190);
#4485=LINE('',#8166,#5191);
#4486=LINE('',#8168,#5192);
#4487=LINE('',#8170,#5193);
#4488=LINE('',#8172,#5194);
#4489=LINE('',#8174,#5195);
#4490=LINE('',#8176,#5196);
#4491=LINE('',#8178,#5197);
#4492=LINE('',#8180,#5198);
#4493=LINE('',#8182,#5199);
#4494=LINE('',#8184,#5200);
#4495=LINE('',#8186,#5201);
#4496=LINE('',#8188,#5202);
#4497=LINE('',#8190,#5203);
#4498=LINE('',#8192,#5204);
#4499=LINE('',#8194,#5205);
#4500=LINE('',#8196,#5206);
#4501=LINE('',#8198,#5207);
#4502=LINE('',#8200,#5208);
#4503=LINE('',#8203,#5209);
#4504=LINE('',#8206,#5210);
#4505=LINE('',#8208,#5211);
#4506=LINE('',#8210,#5212);
#4507=LINE('',#8212,#5213);
#4508=LINE('',#8214,#5214);
#4509=LINE('',#8216,#5215);
#4510=LINE('',#8218,#5216);
#4511=LINE('',#8220,#5217);
#4512=LINE('',#8222,#5218);
#4513=LINE('',#8224,#5219);
#4514=LINE('',#8226,#5220);
#4515=LINE('',#8228,#5221);
#4516=LINE('',#8230,#5222);
#4517=LINE('',#8232,#5223);
#4518=LINE('',#8234,#5224);
#4519=LINE('',#8236,#5225);
#4520=LINE('',#8238,#5226);
#4521=LINE('',#8240,#5227);
#4522=LINE('',#8242,#5228);
#4523=LINE('',#8245,#5229);
#4524=LINE('',#8246,#5230);
#4525=LINE('',#8248,#5231);
#4526=LINE('',#8250,#5232);
#4527=LINE('',#8253,#5233);
#4528=LINE('',#8254,#5234);
#4529=LINE('',#8256,#5235);
#4530=LINE('',#8258,#5236);
#4531=LINE('',#8262,#5237);
#4532=LINE('',#8265,#5238);
#4533=LINE('',#8267,#5239);
#4534=LINE('',#8269,#5240);
#4535=LINE('',#8273,#5241);
#4536=LINE('',#8276,#5242);
#4537=LINE('',#8279,#5243);
#4538=LINE('',#8281,#5244);
#4539=LINE('',#8283,#5245);
#4540=VECTOR('',#5542,1.);
#4541=VECTOR('',#5543,1.);
#4542=VECTOR('',#5544,1.);
#4543=VECTOR('',#5545,1.);
#4544=VECTOR('',#5546,1.);
#4545=VECTOR('',#5549,1.);
#4546=VECTOR('',#5550,1.);
#4547=VECTOR('',#5551,1.);
#4548=VECTOR('',#5552,1.);
#4549=VECTOR('',#5553,1.);
#4550=VECTOR('',#5556,1.);
#4551=VECTOR('',#5557,1.);
#4552=VECTOR('',#5558,1.);
#4553=VECTOR('',#5559,1.);
#4554=VECTOR('',#5560,1.);
#4555=VECTOR('',#5561,1.);
#4556=VECTOR('',#5562,1.);
#4557=VECTOR('',#5563,1.);
#4558=VECTOR('',#5564,1.);
#4559=VECTOR('',#5565,1.);
#4560=VECTOR('',#5568,1.);
#4561=VECTOR('',#5569,1.);
#4562=VECTOR('',#5570,1.);
#4563=VECTOR('',#5573,1.);
#4564=VECTOR('',#5574,1.);
#4565=VECTOR('',#5575,1.);
#4566=VECTOR('',#5576,1.);
#4567=VECTOR('',#5577,1.);
#4568=VECTOR('',#5580,1.);
#4569=VECTOR('',#5581,1.);
#4570=VECTOR('',#5582,1.);
#4571=VECTOR('',#5583,1.);
#4572=VECTOR('',#5584,1.);
#4573=VECTOR('',#5585,1.);
#4574=VECTOR('',#5586,1.);
#4575=VECTOR('',#5589,1.);
#4576=VECTOR('',#5590,1.);
#4577=VECTOR('',#5591,1.);
#4578=VECTOR('',#5592,1.);
#4579=VECTOR('',#5593,1.);
#4580=VECTOR('',#5594,1.);
#4581=VECTOR('',#5595,1.);
#4582=VECTOR('',#5596,1.);
#4583=VECTOR('',#5597,1.);
#4584=VECTOR('',#5600,1.);
#4585=VECTOR('',#5601,1.);
#4586=VECTOR('',#5602,1.);
#4587=VECTOR('',#5605,1.);
#4588=VECTOR('',#5606,1.);
#4589=VECTOR('',#5607,1.);
#4590=VECTOR('',#5610,1.);
#4591=VECTOR('',#5611,1.);
#4592=VECTOR('',#5612,1.);
#4593=VECTOR('',#5613,1.);
#4594=VECTOR('',#5616,1.);
#4595=VECTOR('',#5617,1.);
#4596=VECTOR('',#5618,1.);
#4597=VECTOR('',#5621,1.);
#4598=VECTOR('',#5622,1.);
#4599=VECTOR('',#5623,1.);
#4600=VECTOR('',#5624,1.);
#4601=VECTOR('',#5627,1.);
#4602=VECTOR('',#5628,1.);
#4603=VECTOR('',#5629,1.);
#4604=VECTOR('',#5630,1.);
#4605=VECTOR('',#5633,1.);
#4606=VECTOR('',#5634,1.);
#4607=VECTOR('',#5635,1.);
#4608=VECTOR('',#5636,1.);
#4609=VECTOR('',#5639,1.);
#4610=VECTOR('',#5640,1.);
#4611=VECTOR('',#5641,1.);
#4612=VECTOR('',#5642,1.);
#4613=VECTOR('',#5645,1.);
#4614=VECTOR('',#5646,1.);
#4615=VECTOR('',#5647,1.);
#4616=VECTOR('',#5648,1.);
#4617=VECTOR('',#5651,1.);
#4618=VECTOR('',#5652,1.);
#4619=VECTOR('',#5653,1.);
#4620=VECTOR('',#5654,1.);
#4621=VECTOR('',#5657,1.);
#4622=VECTOR('',#5658,1.);
#4623=VECTOR('',#5661,1.);
#4624=VECTOR('',#5662,1.);
#4625=VECTOR('',#5663,1.);
#4626=VECTOR('',#5664,1.);
#4627=VECTOR('',#5667,1.);
#4628=VECTOR('',#5668,1.);
#4629=VECTOR('',#5669,1.);
#4630=VECTOR('',#5670,1.);
#4631=VECTOR('',#5675,1.);
#4632=VECTOR('',#5676,1.);
#4633=VECTOR('',#5677,1.);
#4634=VECTOR('',#5678,1.);
#4635=VECTOR('',#5679,1.);
#4636=VECTOR('',#5680,1.);
#4637=VECTOR('',#5683,1.);
#4638=VECTOR('',#5684,1.);
#4639=VECTOR('',#5685,1.);
#4640=VECTOR('',#5686,1.);
#4641=VECTOR('',#5687,1.);
#4642=VECTOR('',#5688,1.);
#4643=VECTOR('',#5691,1.);
#4644=VECTOR('',#5692,1.);
#4645=VECTOR('',#5693,1.);
#4646=VECTOR('',#5694,1.);
#4647=VECTOR('',#5695,1.);
#4648=VECTOR('',#5696,1.);
#4649=VECTOR('',#5699,1.);
#4650=VECTOR('',#5700,1.);
#4651=VECTOR('',#5701,1.);
#4652=VECTOR('',#5704,1.);
#4653=VECTOR('',#5705,1.);
#4654=VECTOR('',#5706,1.);
#4655=VECTOR('',#5709,1.);
#4656=VECTOR('',#5710,1.);
#4657=VECTOR('',#5711,1.);
#4658=VECTOR('',#5714,1.);
#4659=VECTOR('',#5715,1.);
#4660=VECTOR('',#5716,1.);
#4661=VECTOR('',#5719,1.);
#4662=VECTOR('',#5720,1.);
#4663=VECTOR('',#5727,1.);
#4664=VECTOR('',#5732,1.);
#4665=VECTOR('',#5737,1.);
#4666=VECTOR('',#5738,1.);
#4667=VECTOR('',#5739,1.);
#4668=VECTOR('',#5740,1.);
#4669=VECTOR('',#5741,1.);
#4670=VECTOR('',#5742,1.);
#4671=VECTOR('',#5745,1.);
#4672=VECTOR('',#5746,1.);
#4673=VECTOR('',#5749,1.);
#4674=VECTOR('',#5750,1.);
#4675=VECTOR('',#5753,1.);
#4676=VECTOR('',#5754,1.);
#4677=VECTOR('',#5755,1.);
#4678=VECTOR('',#5758,1.);
#4679=VECTOR('',#5759,1.);
#4680=VECTOR('',#5760,1.);
#4681=VECTOR('',#5763,1.);
#4682=VECTOR('',#5764,1.);
#4683=VECTOR('',#5765,1.);
#4684=VECTOR('',#5766,1.);
#4685=VECTOR('',#5769,1.);
#4686=VECTOR('',#5770,1.);
#4687=VECTOR('',#5773,1.);
#4688=VECTOR('',#5774,1.);
#4689=VECTOR('',#5777,1.);
#4690=VECTOR('',#5778,1.);
#4691=VECTOR('',#5781,1.);
#4692=VECTOR('',#5782,1.);
#4693=VECTOR('',#5785,1.);
#4694=VECTOR('',#5786,1.);
#4695=VECTOR('',#5789,1.);
#4696=VECTOR('',#5790,1.);
#4697=VECTOR('',#5793,1.);
#4698=VECTOR('',#5794,1.);
#4699=VECTOR('',#5795,1.);
#4700=VECTOR('',#5796,1.);
#4701=VECTOR('',#5797,1.);
#4702=VECTOR('',#5798,1.);
#4703=VECTOR('',#5799,1.);
#4704=VECTOR('',#5800,1.);
#4705=VECTOR('',#5801,1.);
#4706=VECTOR('',#5802,1.);
#4707=VECTOR('',#5803,1.);
#4708=VECTOR('',#5804,1.);
#4709=VECTOR('',#5805,1.);
#4710=VECTOR('',#5806,1.);
#4711=VECTOR('',#5807,1.);
#4712=VECTOR('',#5808,1.);
#4713=VECTOR('',#5809,1.);
#4714=VECTOR('',#5810,1.);
#4715=VECTOR('',#5811,1.);
#4716=VECTOR('',#5812,1.);
#4717=VECTOR('',#5813,1.);
#4718=VECTOR('',#5814,1.);
#4719=VECTOR('',#5815,1.);
#4720=VECTOR('',#5816,1.);
#4721=VECTOR('',#5817,1.);
#4722=VECTOR('',#5818,1.);
#4723=VECTOR('',#5819,1.);
#4724=VECTOR('',#5820,1.);
#4725=VECTOR('',#5821,1.);
#4726=VECTOR('',#5822,1.);
#4727=VECTOR('',#5823,1.);
#4728=VECTOR('',#5824,1.);
#4729=VECTOR('',#5825,1.);
#4730=VECTOR('',#5826,1.);
#4731=VECTOR('',#5827,1.);
#4732=VECTOR('',#5828,1.);
#4733=VECTOR('',#5829,1.);
#4734=VECTOR('',#5830,1.);
#4735=VECTOR('',#5831,1.);
#4736=VECTOR('',#5832,1.);
#4737=VECTOR('',#5833,1.);
#4738=VECTOR('',#5834,1.);
#4739=VECTOR('',#5835,1.);
#4740=VECTOR('',#5836,1.);
#4741=VECTOR('',#5837,1.);
#4742=VECTOR('',#5838,1.);
#4743=VECTOR('',#5839,1.);
#4744=VECTOR('',#5840,1.);
#4745=VECTOR('',#5841,1.);
#4746=VECTOR('',#5842,1.);
#4747=VECTOR('',#5843,1.);
#4748=VECTOR('',#5844,1.);
#4749=VECTOR('',#5845,1.);
#4750=VECTOR('',#5846,1.);
#4751=VECTOR('',#5847,1.);
#4752=VECTOR('',#5848,1.);
#4753=VECTOR('',#5849,1.);
#4754=VECTOR('',#5850,1.);
#4755=VECTOR('',#5851,1.);
#4756=VECTOR('',#5852,1.);
#4757=VECTOR('',#5853,1.);
#4758=VECTOR('',#5854,1.);
#4759=VECTOR('',#5855,1.);
#4760=VECTOR('',#5856,1.);
#4761=VECTOR('',#5857,1.);
#4762=VECTOR('',#5858,1.);
#4763=VECTOR('',#5859,1.);
#4764=VECTOR('',#5860,1.);
#4765=VECTOR('',#5861,1.);
#4766=VECTOR('',#5864,1.);
#4767=VECTOR('',#5865,1.);
#4768=VECTOR('',#5866,1.);
#4769=VECTOR('',#5867,1.);
#4770=VECTOR('',#5868,1.);
#4771=VECTOR('',#5869,1.);
#4772=VECTOR('',#5870,1.);
#4773=VECTOR('',#5871,1.);
#4774=VECTOR('',#5872,1.);
#4775=VECTOR('',#5873,1.);
#4776=VECTOR('',#5874,1.);
#4777=VECTOR('',#5875,1.);
#4778=VECTOR('',#5876,1.);
#4779=VECTOR('',#5877,1.);
#4780=VECTOR('',#5878,1.);
#4781=VECTOR('',#5879,1.);
#4782=VECTOR('',#5880,1.);
#4783=VECTOR('',#5881,1.);
#4784=VECTOR('',#5882,1.);
#4785=VECTOR('',#5883,1.);
#4786=VECTOR('',#5884,1.);
#4787=VECTOR('',#5885,1.);
#4788=VECTOR('',#5886,1.);
#4789=VECTOR('',#5887,1.);
#4790=VECTOR('',#5888,1.);
#4791=VECTOR('',#5889,1.);
#4792=VECTOR('',#5890,1.);
#4793=VECTOR('',#5891,1.);
#4794=VECTOR('',#5892,1.);
#4795=VECTOR('',#5893,1.);
#4796=VECTOR('',#5894,1.);
#4797=VECTOR('',#5895,1.);
#4798=VECTOR('',#5896,1.);
#4799=VECTOR('',#5897,1.);
#4800=VECTOR('',#5898,1.);
#4801=VECTOR('',#5899,1.);
#4802=VECTOR('',#5900,1.);
#4803=VECTOR('',#5901,1.);
#4804=VECTOR('',#5902,1.);
#4805=VECTOR('',#5903,1.);
#4806=VECTOR('',#5904,1.);
#4807=VECTOR('',#5905,1.);
#4808=VECTOR('',#5906,1.);
#4809=VECTOR('',#5907,1.);
#4810=VECTOR('',#5908,1.);
#4811=VECTOR('',#5909,1.);
#4812=VECTOR('',#5910,1.);
#4813=VECTOR('',#5911,1.);
#4814=VECTOR('',#5912,1.);
#4815=VECTOR('',#5913,1.);
#4816=VECTOR('',#5914,1.);
#4817=VECTOR('',#5915,1.);
#4818=VECTOR('',#5916,1.);
#4819=VECTOR('',#5917,1.);
#4820=VECTOR('',#5918,1.);
#4821=VECTOR('',#5919,1.);
#4822=VECTOR('',#5920,1.);
#4823=VECTOR('',#5921,1.);
#4824=VECTOR('',#5922,1.);
#4825=VECTOR('',#5923,1.);
#4826=VECTOR('',#5926,1.);
#4827=VECTOR('',#5927,1.);
#4828=VECTOR('',#5928,1.);
#4829=VECTOR('',#5929,1.);
#4830=VECTOR('',#5932,1.);
#4831=VECTOR('',#5933,1.);
#4832=VECTOR('',#5934,1.);
#4833=VECTOR('',#5935,1.);
#4834=VECTOR('',#5938,1.);
#4835=VECTOR('',#5939,1.);
#4836=VECTOR('',#5940,1.);
#4837=VECTOR('',#5941,1.);
#4838=VECTOR('',#5942,1.);
#4839=VECTOR('',#5943,1.);
#4840=VECTOR('',#5944,1.);
#4841=VECTOR('',#5945,1.);
#4842=VECTOR('',#5946,1.);
#4843=VECTOR('',#5947,1.);
#4844=VECTOR('',#5948,1.);
#4845=VECTOR('',#5949,1.);
#4846=VECTOR('',#5950,1.);
#4847=VECTOR('',#5951,1.);
#4848=VECTOR('',#5952,1.);
#4849=VECTOR('',#5953,1.);
#4850=VECTOR('',#5954,1.);
#4851=VECTOR('',#5955,1.);
#4852=VECTOR('',#5956,1.);
#4853=VECTOR('',#5957,1.);
#4854=VECTOR('',#5958,1.);
#4855=VECTOR('',#5961,1.);
#4856=VECTOR('',#5962,1.);
#4857=VECTOR('',#5963,1.);
#4858=VECTOR('',#5964,1.);
#4859=VECTOR('',#5967,1.);
#4860=VECTOR('',#5968,1.);
#4861=VECTOR('',#5969,1.);
#4862=VECTOR('',#5970,1.);
#4863=VECTOR('',#5971,1.);
#4864=VECTOR('',#5972,1.);
#4865=VECTOR('',#5973,1.);
#4866=VECTOR('',#5974,1.);
#4867=VECTOR('',#5975,1.);
#4868=VECTOR('',#5976,1.);
#4869=VECTOR('',#5977,1.);
#4870=VECTOR('',#5978,1.);
#4871=VECTOR('',#5981,1.);
#4872=VECTOR('',#5984,1.);
#4873=VECTOR('',#5985,1.);
#4874=VECTOR('',#5986,1.);
#4875=VECTOR('',#5987,1.);
#4876=VECTOR('',#5990,1.);
#4877=VECTOR('',#5993,1.);
#4878=VECTOR('',#5996,1.);
#4879=VECTOR('',#5997,1.);
#4880=VECTOR('',#6000,1.);
#4881=VECTOR('',#6001,1.);
#4882=VECTOR('',#6004,1.);
#4883=VECTOR('',#6007,1.);
#4884=VECTOR('',#6016,1.);
#4885=VECTOR('',#6017,1.);
#4886=VECTOR('',#6020,1.);
#4887=VECTOR('',#6023,1.);
#4888=VECTOR('',#6028,1.);
#4889=VECTOR('',#6031,1.);
#4890=VECTOR('',#6032,1.);
#4891=VECTOR('',#6037,1.);
#4892=VECTOR('',#6038,1.);
#4893=VECTOR('',#6041,1.);
#4894=VECTOR('',#6042,1.);
#4895=VECTOR('',#6045,1.);
#4896=VECTOR('',#6046,1.);
#4897=VECTOR('',#6049,1.);
#4898=VECTOR('',#6052,1.);
#4899=VECTOR('',#6055,1.);
#4900=VECTOR('',#6060,1.);
#4901=VECTOR('',#6067,1.);
#4902=VECTOR('',#6068,1.);
#4903=VECTOR('',#6069,1.);
#4904=VECTOR('',#6070,1.);
#4905=VECTOR('',#6073,1.);
#4906=VECTOR('',#6074,1.);
#4907=VECTOR('',#6075,1.);
#4908=VECTOR('',#6078,1.);
#4909=VECTOR('',#6079,1.);
#4910=VECTOR('',#6082,1.);
#4911=VECTOR('',#6083,1.);
#4912=VECTOR('',#6086,1.);
#4913=VECTOR('',#6089,1.);
#4914=VECTOR('',#6090,1.);
#4915=VECTOR('',#6091,1.);
#4916=VECTOR('',#6094,1.);
#4917=VECTOR('',#6095,1.);
#4918=VECTOR('',#6098,1.);
#4919=VECTOR('',#6099,1.);
#4920=VECTOR('',#6102,1.);
#4921=VECTOR('',#6107,1.);
#4922=VECTOR('',#6108,1.);
#4923=VECTOR('',#6109,1.);
#4924=VECTOR('',#6110,1.);
#4925=VECTOR('',#6113,1.);
#4926=VECTOR('',#6114,1.);
#4927=VECTOR('',#6115,1.);
#4928=VECTOR('',#6118,1.);
#4929=VECTOR('',#6119,1.);
#4930=VECTOR('',#6122,1.);
#4931=VECTOR('',#6123,1.);
#4932=VECTOR('',#6126,1.);
#4933=VECTOR('',#6129,1.);
#4934=VECTOR('',#6130,1.);
#4935=VECTOR('',#6131,1.);
#4936=VECTOR('',#6134,1.);
#4937=VECTOR('',#6135,1.);
#4938=VECTOR('',#6138,1.);
#4939=VECTOR('',#6139,1.);
#4940=VECTOR('',#6142,1.);
#4941=VECTOR('',#6147,1.);
#4942=VECTOR('',#6148,1.);
#4943=VECTOR('',#6151,1.);
#4944=VECTOR('',#6154,1.);
#4945=VECTOR('',#6159,1.);
#4946=VECTOR('',#6160,1.);
#4947=VECTOR('',#6163,1.);
#4948=VECTOR('',#6166,1.);
#4949=VECTOR('',#6171,1.);
#4950=VECTOR('',#6172,1.);
#4951=VECTOR('',#6173,1.);
#4952=VECTOR('',#6174,1.);
#4953=VECTOR('',#6177,1.);
#4954=VECTOR('',#6178,1.);
#4955=VECTOR('',#6179,1.);
#4956=VECTOR('',#6182,1.);
#4957=VECTOR('',#6183,1.);
#4958=VECTOR('',#6186,1.);
#4959=VECTOR('',#6187,1.);
#4960=VECTOR('',#6190,1.);
#4961=VECTOR('',#6193,1.);
#4962=VECTOR('',#6194,1.);
#4963=VECTOR('',#6195,1.);
#4964=VECTOR('',#6198,1.);
#4965=VECTOR('',#6199,1.);
#4966=VECTOR('',#6202,1.);
#4967=VECTOR('',#6203,1.);
#4968=VECTOR('',#6206,1.);
#4969=VECTOR('',#6211,1.);
#4970=VECTOR('',#6212,1.);
#4971=VECTOR('',#6213,1.);
#4972=VECTOR('',#6214,1.);
#4973=VECTOR('',#6217,1.);
#4974=VECTOR('',#6218,1.);
#4975=VECTOR('',#6219,1.);
#4976=VECTOR('',#6222,1.);
#4977=VECTOR('',#6223,1.);
#4978=VECTOR('',#6226,1.);
#4979=VECTOR('',#6227,1.);
#4980=VECTOR('',#6230,1.);
#4981=VECTOR('',#6233,1.);
#4982=VECTOR('',#6234,1.);
#4983=VECTOR('',#6235,1.);
#4984=VECTOR('',#6238,1.);
#4985=VECTOR('',#6239,1.);
#4986=VECTOR('',#6242,1.);
#4987=VECTOR('',#6243,1.);
#4988=VECTOR('',#6246,1.);
#4989=VECTOR('',#6251,1.);
#4990=VECTOR('',#6252,1.);
#4991=VECTOR('',#6255,1.);
#4992=VECTOR('',#6258,1.);
#4993=VECTOR('',#6263,1.);
#4994=VECTOR('',#6264,1.);
#4995=VECTOR('',#6267,1.);
#4996=VECTOR('',#6270,1.);
#4997=VECTOR('',#6275,1.);
#4998=VECTOR('',#6276,1.);
#4999=VECTOR('',#6277,1.);
#5000=VECTOR('',#6278,1.);
#5001=VECTOR('',#6281,1.);
#5002=VECTOR('',#6282,1.);
#5003=VECTOR('',#6283,1.);
#5004=VECTOR('',#6286,1.);
#5005=VECTOR('',#6287,1.);
#5006=VECTOR('',#6290,1.);
#5007=VECTOR('',#6291,1.);
#5008=VECTOR('',#6294,1.);
#5009=VECTOR('',#6297,1.);
#5010=VECTOR('',#6298,1.);
#5011=VECTOR('',#6299,1.);
#5012=VECTOR('',#6302,1.);
#5013=VECTOR('',#6303,1.);
#5014=VECTOR('',#6306,1.);
#5015=VECTOR('',#6307,1.);
#5016=VECTOR('',#6310,1.);
#5017=VECTOR('',#6315,1.);
#5018=VECTOR('',#6316,1.);
#5019=VECTOR('',#6317,1.);
#5020=VECTOR('',#6318,1.);
#5021=VECTOR('',#6321,1.);
#5022=VECTOR('',#6322,1.);
#5023=VECTOR('',#6323,1.);
#5024=VECTOR('',#6326,1.);
#5025=VECTOR('',#6327,1.);
#5026=VECTOR('',#6330,1.);
#5027=VECTOR('',#6331,1.);
#5028=VECTOR('',#6334,1.);
#5029=VECTOR('',#6337,1.);
#5030=VECTOR('',#6338,1.);
#5031=VECTOR('',#6339,1.);
#5032=VECTOR('',#6342,1.);
#5033=VECTOR('',#6343,1.);
#5034=VECTOR('',#6346,1.);
#5035=VECTOR('',#6347,1.);
#5036=VECTOR('',#6350,1.);
#5037=VECTOR('',#6355,1.);
#5038=VECTOR('',#6356,1.);
#5039=VECTOR('',#6359,1.);
#5040=VECTOR('',#6362,1.);
#5041=VECTOR('',#6367,1.);
#5042=VECTOR('',#6368,1.);
#5043=VECTOR('',#6371,1.);
#5044=VECTOR('',#6374,1.);
#5045=VECTOR('',#6379,1.);
#5046=VECTOR('',#6380,1.);
#5047=VECTOR('',#6381,1.);
#5048=VECTOR('',#6382,1.);
#5049=VECTOR('',#6385,1.);
#5050=VECTOR('',#6386,1.);
#5051=VECTOR('',#6387,1.);
#5052=VECTOR('',#6390,1.);
#5053=VECTOR('',#6391,1.);
#5054=VECTOR('',#6394,1.);
#5055=VECTOR('',#6395,1.);
#5056=VECTOR('',#6398,1.);
#5057=VECTOR('',#6401,1.);
#5058=VECTOR('',#6402,1.);
#5059=VECTOR('',#6403,1.);
#5060=VECTOR('',#6406,1.);
#5061=VECTOR('',#6407,1.);
#5062=VECTOR('',#6410,1.);
#5063=VECTOR('',#6411,1.);
#5064=VECTOR('',#6414,1.);
#5065=VECTOR('',#6419,1.);
#5066=VECTOR('',#6420,1.);
#5067=VECTOR('',#6421,1.);
#5068=VECTOR('',#6422,1.);
#5069=VECTOR('',#6425,1.);
#5070=VECTOR('',#6426,1.);
#5071=VECTOR('',#6427,1.);
#5072=VECTOR('',#6430,1.);
#5073=VECTOR('',#6431,1.);
#5074=VECTOR('',#6434,1.);
#5075=VECTOR('',#6435,1.);
#5076=VECTOR('',#6438,1.);
#5077=VECTOR('',#6441,1.);
#5078=VECTOR('',#6442,1.);
#5079=VECTOR('',#6443,1.);
#5080=VECTOR('',#6446,1.);
#5081=VECTOR('',#6447,1.);
#5082=VECTOR('',#6450,1.);
#5083=VECTOR('',#6451,1.);
#5084=VECTOR('',#6454,1.);
#5085=VECTOR('',#6459,1.);
#5086=VECTOR('',#6460,1.);
#5087=VECTOR('',#6463,1.);
#5088=VECTOR('',#6466,1.);
#5089=VECTOR('',#6471,1.);
#5090=VECTOR('',#6472,1.);
#5091=VECTOR('',#6475,1.);
#5092=VECTOR('',#6478,1.);
#5093=VECTOR('',#6483,1.);
#5094=VECTOR('',#6484,1.);
#5095=VECTOR('',#6485,1.);
#5096=VECTOR('',#6486,1.);
#5097=VECTOR('',#6489,1.);
#5098=VECTOR('',#6490,1.);
#5099=VECTOR('',#6491,1.);
#5100=VECTOR('',#6494,1.);
#5101=VECTOR('',#6495,1.);
#5102=VECTOR('',#6498,1.);
#5103=VECTOR('',#6499,1.);
#5104=VECTOR('',#6502,1.);
#5105=VECTOR('',#6505,1.);
#5106=VECTOR('',#6506,1.);
#5107=VECTOR('',#6507,1.);
#5108=VECTOR('',#6510,1.);
#5109=VECTOR('',#6511,1.);
#5110=VECTOR('',#6514,1.);
#5111=VECTOR('',#6515,1.);
#5112=VECTOR('',#6518,1.);
#5113=VECTOR('',#6523,1.);
#5114=VECTOR('',#6524,1.);
#5115=VECTOR('',#6525,1.);
#5116=VECTOR('',#6526,1.);
#5117=VECTOR('',#6529,1.);
#5118=VECTOR('',#6530,1.);
#5119=VECTOR('',#6531,1.);
#5120=VECTOR('',#6534,1.);
#5121=VECTOR('',#6535,1.);
#5122=VECTOR('',#6538,1.);
#5123=VECTOR('',#6539,1.);
#5124=VECTOR('',#6542,1.);
#5125=VECTOR('',#6545,1.);
#5126=VECTOR('',#6546,1.);
#5127=VECTOR('',#6547,1.);
#5128=VECTOR('',#6550,1.);
#5129=VECTOR('',#6551,1.);
#5130=VECTOR('',#6554,1.);
#5131=VECTOR('',#6555,1.);
#5132=VECTOR('',#6558,1.);
#5133=VECTOR('',#6563,1.);
#5134=VECTOR('',#6564,1.);
#5135=VECTOR('',#6567,1.);
#5136=VECTOR('',#6570,1.);
#5137=VECTOR('',#6575,1.);
#5138=VECTOR('',#6576,1.);
#5139=VECTOR('',#6579,1.);
#5140=VECTOR('',#6582,1.);
#5141=VECTOR('',#6587,1.);
#5142=VECTOR('',#6588,1.);
#5143=VECTOR('',#6589,1.);
#5144=VECTOR('',#6590,1.);
#5145=VECTOR('',#6593,1.);
#5146=VECTOR('',#6594,1.);
#5147=VECTOR('',#6595,1.);
#5148=VECTOR('',#6598,1.);
#5149=VECTOR('',#6599,1.);
#5150=VECTOR('',#6602,1.);
#5151=VECTOR('',#6603,1.);
#5152=VECTOR('',#6606,1.);
#5153=VECTOR('',#6609,1.);
#5154=VECTOR('',#6610,1.);
#5155=VECTOR('',#6611,1.);
#5156=VECTOR('',#6614,1.);
#5157=VECTOR('',#6615,1.);
#5158=VECTOR('',#6618,1.);
#5159=VECTOR('',#6619,1.);
#5160=VECTOR('',#6622,1.);
#5161=VECTOR('',#6627,1.);
#5162=VECTOR('',#6628,1.);
#5163=VECTOR('',#6629,1.);
#5164=VECTOR('',#6630,1.);
#5165=VECTOR('',#6633,1.);
#5166=VECTOR('',#6634,1.);
#5167=VECTOR('',#6635,1.);
#5168=VECTOR('',#6638,1.);
#5169=VECTOR('',#6639,1.);
#5170=VECTOR('',#6642,1.);
#5171=VECTOR('',#6643,1.);
#5172=VECTOR('',#6646,1.);
#5173=VECTOR('',#6649,1.);
#5174=VECTOR('',#6650,1.);
#5175=VECTOR('',#6651,1.);
#5176=VECTOR('',#6654,1.);
#5177=VECTOR('',#6655,1.);
#5178=VECTOR('',#6658,1.);
#5179=VECTOR('',#6659,1.);
#5180=VECTOR('',#6662,1.);
#5181=VECTOR('',#6667,1.);
#5182=VECTOR('',#6668,1.);
#5183=VECTOR('',#6671,1.);
#5184=VECTOR('',#6674,1.);
#5185=VECTOR('',#6679,1.);
#5186=VECTOR('',#6680,1.);
#5187=VECTOR('',#6683,1.);
#5188=VECTOR('',#6686,1.);
#5189=VECTOR('',#6691,1.);
#5190=VECTOR('',#6692,1.);
#5191=VECTOR('',#6693,1.);
#5192=VECTOR('',#6694,1.);
#5193=VECTOR('',#6697,1.);
#5194=VECTOR('',#6698,1.);
#5195=VECTOR('',#6699,1.);
#5196=VECTOR('',#6702,1.);
#5197=VECTOR('',#6703,1.);
#5198=VECTOR('',#6706,1.);
#5199=VECTOR('',#6707,1.);
#5200=VECTOR('',#6710,1.);
#5201=VECTOR('',#6713,1.);
#5202=VECTOR('',#6714,1.);
#5203=VECTOR('',#6715,1.);
#5204=VECTOR('',#6718,1.);
#5205=VECTOR('',#6719,1.);
#5206=VECTOR('',#6722,1.);
#5207=VECTOR('',#6723,1.);
#5208=VECTOR('',#6726,1.);
#5209=VECTOR('',#6731,1.);
#5210=VECTOR('',#6732,1.);
#5211=VECTOR('',#6733,1.);
#5212=VECTOR('',#6734,1.);
#5213=VECTOR('',#6737,1.);
#5214=VECTOR('',#6738,1.);
#5215=VECTOR('',#6739,1.);
#5216=VECTOR('',#6742,1.);
#5217=VECTOR('',#6743,1.);
#5218=VECTOR('',#6746,1.);
#5219=VECTOR('',#6747,1.);
#5220=VECTOR('',#6750,1.);
#5221=VECTOR('',#6753,1.);
#5222=VECTOR('',#6754,1.);
#5223=VECTOR('',#6755,1.);
#5224=VECTOR('',#6758,1.);
#5225=VECTOR('',#6759,1.);
#5226=VECTOR('',#6762,1.);
#5227=VECTOR('',#6763,1.);
#5228=VECTOR('',#6766,1.);
#5229=VECTOR('',#6771,1.);
#5230=VECTOR('',#6772,1.);
#5231=VECTOR('',#6775,1.);
#5232=VECTOR('',#6778,1.);
#5233=VECTOR('',#6783,1.);
#5234=VECTOR('',#6784,1.);
#5235=VECTOR('',#6787,1.);
#5236=VECTOR('',#6790,1.);
#5237=VECTOR('',#6797,1.);
#5238=VECTOR('',#6802,1.);
#5239=VECTOR('',#6805,1.);
#5240=VECTOR('',#6808,1.);
#5241=VECTOR('',#6815,1.);
#5242=VECTOR('',#6820,1.);
#5243=VECTOR('',#6825,1.);
#5244=VECTOR('',#6826,1.);
#5245=VECTOR('',#6829,1.);
#5246=AXIS2_PLACEMENT_3D('',#6834,#5540,#5541);
#5247=AXIS2_PLACEMENT_3D('',#6845,#5547,#5548);
#5248=AXIS2_PLACEMENT_3D('',#6856,#5554,#5555);
#5249=AXIS2_PLACEMENT_3D('',#6877,#5566,#5567);
#5250=AXIS2_PLACEMENT_3D('',#6883,#5571,#5572);
#5251=AXIS2_PLACEMENT_3D('',#6894,#5578,#5579);
#5252=AXIS2_PLACEMENT_3D('',#6908,#5587,#5588);
#5253=AXIS2_PLACEMENT_3D('',#6926,#5598,#5599);
#5254=AXIS2_PLACEMENT_3D('',#6932,#5603,#5604);
#5255=AXIS2_PLACEMENT_3D('',#6938,#5608,#5609);
#5256=AXIS2_PLACEMENT_3D('',#6947,#5614,#5615);
#5257=AXIS2_PLACEMENT_3D('',#6953,#5619,#5620);
#5258=AXIS2_PLACEMENT_3D('',#6962,#5625,#5626);
#5259=AXIS2_PLACEMENT_3D('',#6971,#5631,#5632);
#5260=AXIS2_PLACEMENT_3D('',#6980,#5637,#5638);
#5261=AXIS2_PLACEMENT_3D('',#6989,#5643,#5644);
#5262=AXIS2_PLACEMENT_3D('',#6998,#5649,#5650);
#5263=AXIS2_PLACEMENT_3D('',#7007,#5655,#5656);
#5264=AXIS2_PLACEMENT_3D('',#7013,#5659,#5660);
#5265=AXIS2_PLACEMENT_3D('',#7022,#5665,#5666);
#5266=AXIS2_PLACEMENT_3D('',#7029,#5671,#5672);
#5267=AXIS2_PLACEMENT_3D('',#7030,#5673,#5674);
#5268=AXIS2_PLACEMENT_3D('',#7044,#5681,#5682);
#5269=AXIS2_PLACEMENT_3D('',#7057,#5689,#5690);
#5270=AXIS2_PLACEMENT_3D('',#7070,#5697,#5698);
#5271=AXIS2_PLACEMENT_3D('',#7076,#5702,#5703);
#5272=AXIS2_PLACEMENT_3D('',#7082,#5707,#5708);
#5273=AXIS2_PLACEMENT_3D('',#7088,#5712,#5713);
#5274=AXIS2_PLACEMENT_3D('',#7094,#5717,#5718);
#5275=AXIS2_PLACEMENT_3D('',#7097,#5721,#5722);
#5276=AXIS2_PLACEMENT_3D('',#7098,#5723,#5724);
#5277=AXIS2_PLACEMENT_3D('',#7099,#5725,#5726);
#5278=AXIS2_PLACEMENT_3D('',#7102,#5728,#5729);
#5279=AXIS2_PLACEMENT_3D('',#7103,#5730,#5731);
#5280=AXIS2_PLACEMENT_3D('',#7106,#5733,#5734);
#5281=AXIS2_PLACEMENT_3D('',#7107,#5735,#5736);
#5282=AXIS2_PLACEMENT_3D('',#7120,#5743,#5744);
#5283=AXIS2_PLACEMENT_3D('',#7123,#5747,#5748);
#5284=AXIS2_PLACEMENT_3D('',#7126,#5751,#5752);
#5285=AXIS2_PLACEMENT_3D('',#7132,#5756,#5757);
#5286=AXIS2_PLACEMENT_3D('',#7138,#5761,#5762);
#5287=AXIS2_PLACEMENT_3D('',#7145,#5767,#5768);
#5288=AXIS2_PLACEMENT_3D('',#7148,#5771,#5772);
#5289=AXIS2_PLACEMENT_3D('',#7151,#5775,#5776);
#5290=AXIS2_PLACEMENT_3D('',#7154,#5779,#5780);
#5291=AXIS2_PLACEMENT_3D('',#7157,#5783,#5784);
#5292=AXIS2_PLACEMENT_3D('',#7160,#5787,#5788);
#5293=AXIS2_PLACEMENT_3D('',#7163,#5791,#5792);
#5294=AXIS2_PLACEMENT_3D('',#7294,#5862,#5863);
#5295=AXIS2_PLACEMENT_3D('',#7415,#5924,#5925);
#5296=AXIS2_PLACEMENT_3D('',#7424,#5930,#5931);
#5297=AXIS2_PLACEMENT_3D('',#7431,#5936,#5937);
#5298=AXIS2_PLACEMENT_3D('',#7469,#5959,#5960);
#5299=AXIS2_PLACEMENT_3D('',#7478,#5965,#5966);
#5300=AXIS2_PLACEMENT_3D('',#7500,#5979,#5980);
#5301=AXIS2_PLACEMENT_3D('',#7502,#5982,#5983);
#5302=AXIS2_PLACEMENT_3D('',#7509,#5988,#5989);
#5303=AXIS2_PLACEMENT_3D('',#7511,#5991,#5992);
#5304=AXIS2_PLACEMENT_3D('',#7513,#5994,#5995);
#5305=AXIS2_PLACEMENT_3D('',#7516,#5998,#5999);
#5306=AXIS2_PLACEMENT_3D('',#7519,#6002,#6003);
#5307=AXIS2_PLACEMENT_3D('',#7521,#6005,#6006);
#5308=AXIS2_PLACEMENT_3D('',#7523,#6008,#6009);
#5309=AXIS2_PLACEMENT_3D('',#7524,#6010,#6011);
#5310=AXIS2_PLACEMENT_3D('',#7525,#6012,#6013);
#5311=AXIS2_PLACEMENT_3D('',#7526,#6014,#6015);
#5312=AXIS2_PLACEMENT_3D('',#7529,#6018,#6019);
#5313=AXIS2_PLACEMENT_3D('',#7531,#6021,#6022);
#5314=AXIS2_PLACEMENT_3D('',#7533,#6024,#6025);
#5315=AXIS2_PLACEMENT_3D('',#7534,#6026,#6027);
#5316=AXIS2_PLACEMENT_3D('',#7536,#6029,#6030);
#5317=AXIS2_PLACEMENT_3D('',#7539,#6033,#6034);
#5318=AXIS2_PLACEMENT_3D('',#7540,#6035,#6036);
#5319=AXIS2_PLACEMENT_3D('',#7543,#6039,#6040);
#5320=AXIS2_PLACEMENT_3D('',#7546,#6043,#6044);
#5321=AXIS2_PLACEMENT_3D('',#7549,#6047,#6048);
#5322=AXIS2_PLACEMENT_3D('',#7551,#6050,#6051);
#5323=AXIS2_PLACEMENT_3D('',#7553,#6053,#6054);
#5324=AXIS2_PLACEMENT_3D('',#7555,#6056,#6057);
#5325=AXIS2_PLACEMENT_3D('',#7556,#6058,#6059);
#5326=AXIS2_PLACEMENT_3D('',#7558,#6061,#6062);
#5327=AXIS2_PLACEMENT_3D('',#7559,#6063,#6064);
#5328=AXIS2_PLACEMENT_3D('',#7560,#6065,#6066);
#5329=AXIS2_PLACEMENT_3D('',#7569,#6071,#6072);
#5330=AXIS2_PLACEMENT_3D('',#7575,#6076,#6077);
#5331=AXIS2_PLACEMENT_3D('',#7579,#6080,#6081);
#5332=AXIS2_PLACEMENT_3D('',#7583,#6084,#6085);
#5333=AXIS2_PLACEMENT_3D('',#7585,#6087,#6088);
#5334=AXIS2_PLACEMENT_3D('',#7591,#6092,#6093);
#5335=AXIS2_PLACEMENT_3D('',#7595,#6096,#6097);
#5336=AXIS2_PLACEMENT_3D('',#7599,#6100,#6101);
#5337=AXIS2_PLACEMENT_3D('',#7601,#6103,#6104);
#5338=AXIS2_PLACEMENT_3D('',#7602,#6105,#6106);
#5339=AXIS2_PLACEMENT_3D('',#7611,#6111,#6112);
#5340=AXIS2_PLACEMENT_3D('',#7617,#6116,#6117);
#5341=AXIS2_PLACEMENT_3D('',#7621,#6120,#6121);
#5342=AXIS2_PLACEMENT_3D('',#7625,#6124,#6125);
#5343=AXIS2_PLACEMENT_3D('',#7627,#6127,#6128);
#5344=AXIS2_PLACEMENT_3D('',#7633,#6132,#6133);
#5345=AXIS2_PLACEMENT_3D('',#7637,#6136,#6137);
#5346=AXIS2_PLACEMENT_3D('',#7641,#6140,#6141);
#5347=AXIS2_PLACEMENT_3D('',#7643,#6143,#6144);
#5348=AXIS2_PLACEMENT_3D('',#7644,#6145,#6146);
#5349=AXIS2_PLACEMENT_3D('',#7647,#6149,#6150);
#5350=AXIS2_PLACEMENT_3D('',#7649,#6152,#6153);
#5351=AXIS2_PLACEMENT_3D('',#7651,#6155,#6156);
#5352=AXIS2_PLACEMENT_3D('',#7652,#6157,#6158);
#5353=AXIS2_PLACEMENT_3D('',#7655,#6161,#6162);
#5354=AXIS2_PLACEMENT_3D('',#7657,#6164,#6165);
#5355=AXIS2_PLACEMENT_3D('',#7659,#6167,#6168);
#5356=AXIS2_PLACEMENT_3D('',#7660,#6169,#6170);
#5357=AXIS2_PLACEMENT_3D('',#7669,#6175,#6176);
#5358=AXIS2_PLACEMENT_3D('',#7675,#6180,#6181);
#5359=AXIS2_PLACEMENT_3D('',#7679,#6184,#6185);
#5360=AXIS2_PLACEMENT_3D('',#7683,#6188,#6189);
#5361=AXIS2_PLACEMENT_3D('',#7685,#6191,#6192);
#5362=AXIS2_PLACEMENT_3D('',#7691,#6196,#6197);
#5363=AXIS2_PLACEMENT_3D('',#7695,#6200,#6201);
#5364=AXIS2_PLACEMENT_3D('',#7699,#6204,#6205);
#5365=AXIS2_PLACEMENT_3D('',#7701,#6207,#6208);
#5366=AXIS2_PLACEMENT_3D('',#7702,#6209,#6210);
#5367=AXIS2_PLACEMENT_3D('',#7711,#6215,#6216);
#5368=AXIS2_PLACEMENT_3D('',#7717,#6220,#6221);
#5369=AXIS2_PLACEMENT_3D('',#7721,#6224,#6225);
#5370=AXIS2_PLACEMENT_3D('',#7725,#6228,#6229);
#5371=AXIS2_PLACEMENT_3D('',#7727,#6231,#6232);
#5372=AXIS2_PLACEMENT_3D('',#7733,#6236,#6237);
#5373=AXIS2_PLACEMENT_3D('',#7737,#6240,#6241);
#5374=AXIS2_PLACEMENT_3D('',#7741,#6244,#6245);
#5375=AXIS2_PLACEMENT_3D('',#7743,#6247,#6248);
#5376=AXIS2_PLACEMENT_3D('',#7744,#6249,#6250);
#5377=AXIS2_PLACEMENT_3D('',#7747,#6253,#6254);
#5378=AXIS2_PLACEMENT_3D('',#7749,#6256,#6257);
#5379=AXIS2_PLACEMENT_3D('',#7751,#6259,#6260);
#5380=AXIS2_PLACEMENT_3D('',#7752,#6261,#6262);
#5381=AXIS2_PLACEMENT_3D('',#7755,#6265,#6266);
#5382=AXIS2_PLACEMENT_3D('',#7757,#6268,#6269);
#5383=AXIS2_PLACEMENT_3D('',#7759,#6271,#6272);
#5384=AXIS2_PLACEMENT_3D('',#7760,#6273,#6274);
#5385=AXIS2_PLACEMENT_3D('',#7769,#6279,#6280);
#5386=AXIS2_PLACEMENT_3D('',#7775,#6284,#6285);
#5387=AXIS2_PLACEMENT_3D('',#7779,#6288,#6289);
#5388=AXIS2_PLACEMENT_3D('',#7783,#6292,#6293);
#5389=AXIS2_PLACEMENT_3D('',#7785,#6295,#6296);
#5390=AXIS2_PLACEMENT_3D('',#7791,#6300,#6301);
#5391=AXIS2_PLACEMENT_3D('',#7795,#6304,#6305);
#5392=AXIS2_PLACEMENT_3D('',#7799,#6308,#6309);
#5393=AXIS2_PLACEMENT_3D('',#7801,#6311,#6312);
#5394=AXIS2_PLACEMENT_3D('',#7802,#6313,#6314);
#5395=AXIS2_PLACEMENT_3D('',#7811,#6319,#6320);
#5396=AXIS2_PLACEMENT_3D('',#7817,#6324,#6325);
#5397=AXIS2_PLACEMENT_3D('',#7821,#6328,#6329);
#5398=AXIS2_PLACEMENT_3D('',#7825,#6332,#6333);
#5399=AXIS2_PLACEMENT_3D('',#7827,#6335,#6336);
#5400=AXIS2_PLACEMENT_3D('',#7833,#6340,#6341);
#5401=AXIS2_PLACEMENT_3D('',#7837,#6344,#6345);
#5402=AXIS2_PLACEMENT_3D('',#7841,#6348,#6349);
#5403=AXIS2_PLACEMENT_3D('',#7843,#6351,#6352);
#5404=AXIS2_PLACEMENT_3D('',#7844,#6353,#6354);
#5405=AXIS2_PLACEMENT_3D('',#7847,#6357,#6358);
#5406=AXIS2_PLACEMENT_3D('',#7849,#6360,#6361);
#5407=AXIS2_PLACEMENT_3D('',#7851,#6363,#6364);
#5408=AXIS2_PLACEMENT_3D('',#7852,#6365,#6366);
#5409=AXIS2_PLACEMENT_3D('',#7855,#6369,#6370);
#5410=AXIS2_PLACEMENT_3D('',#7857,#6372,#6373);
#5411=AXIS2_PLACEMENT_3D('',#7859,#6375,#6376);
#5412=AXIS2_PLACEMENT_3D('',#7860,#6377,#6378);
#5413=AXIS2_PLACEMENT_3D('',#7869,#6383,#6384);
#5414=AXIS2_PLACEMENT_3D('',#7875,#6388,#6389);
#5415=AXIS2_PLACEMENT_3D('',#7879,#6392,#6393);
#5416=AXIS2_PLACEMENT_3D('',#7883,#6396,#6397);
#5417=AXIS2_PLACEMENT_3D('',#7885,#6399,#6400);
#5418=AXIS2_PLACEMENT_3D('',#7891,#6404,#6405);
#5419=AXIS2_PLACEMENT_3D('',#7895,#6408,#6409);
#5420=AXIS2_PLACEMENT_3D('',#7899,#6412,#6413);
#5421=AXIS2_PLACEMENT_3D('',#7901,#6415,#6416);
#5422=AXIS2_PLACEMENT_3D('',#7902,#6417,#6418);
#5423=AXIS2_PLACEMENT_3D('',#7911,#6423,#6424);
#5424=AXIS2_PLACEMENT_3D('',#7917,#6428,#6429);
#5425=AXIS2_PLACEMENT_3D('',#7921,#6432,#6433);
#5426=AXIS2_PLACEMENT_3D('',#7925,#6436,#6437);
#5427=AXIS2_PLACEMENT_3D('',#7927,#6439,#6440);
#5428=AXIS2_PLACEMENT_3D('',#7933,#6444,#6445);
#5429=AXIS2_PLACEMENT_3D('',#7937,#6448,#6449);
#5430=AXIS2_PLACEMENT_3D('',#7941,#6452,#6453);
#5431=AXIS2_PLACEMENT_3D('',#7943,#6455,#6456);
#5432=AXIS2_PLACEMENT_3D('',#7944,#6457,#6458);
#5433=AXIS2_PLACEMENT_3D('',#7947,#6461,#6462);
#5434=AXIS2_PLACEMENT_3D('',#7949,#6464,#6465);
#5435=AXIS2_PLACEMENT_3D('',#7951,#6467,#6468);
#5436=AXIS2_PLACEMENT_3D('',#7952,#6469,#6470);
#5437=AXIS2_PLACEMENT_3D('',#7955,#6473,#6474);
#5438=AXIS2_PLACEMENT_3D('',#7957,#6476,#6477);
#5439=AXIS2_PLACEMENT_3D('',#7959,#6479,#6480);
#5440=AXIS2_PLACEMENT_3D('',#7960,#6481,#6482);
#5441=AXIS2_PLACEMENT_3D('',#7969,#6487,#6488);
#5442=AXIS2_PLACEMENT_3D('',#7975,#6492,#6493);
#5443=AXIS2_PLACEMENT_3D('',#7979,#6496,#6497);
#5444=AXIS2_PLACEMENT_3D('',#7983,#6500,#6501);
#5445=AXIS2_PLACEMENT_3D('',#7985,#6503,#6504);
#5446=AXIS2_PLACEMENT_3D('',#7991,#6508,#6509);
#5447=AXIS2_PLACEMENT_3D('',#7995,#6512,#6513);
#5448=AXIS2_PLACEMENT_3D('',#7999,#6516,#6517);
#5449=AXIS2_PLACEMENT_3D('',#8001,#6519,#6520);
#5450=AXIS2_PLACEMENT_3D('',#8002,#6521,#6522);
#5451=AXIS2_PLACEMENT_3D('',#8011,#6527,#6528);
#5452=AXIS2_PLACEMENT_3D('',#8017,#6532,#6533);
#5453=AXIS2_PLACEMENT_3D('',#8021,#6536,#6537);
#5454=AXIS2_PLACEMENT_3D('',#8025,#6540,#6541);
#5455=AXIS2_PLACEMENT_3D('',#8027,#6543,#6544);
#5456=AXIS2_PLACEMENT_3D('',#8033,#6548,#6549);
#5457=AXIS2_PLACEMENT_3D('',#8037,#6552,#6553);
#5458=AXIS2_PLACEMENT_3D('',#8041,#6556,#6557);
#5459=AXIS2_PLACEMENT_3D('',#8043,#6559,#6560);
#5460=AXIS2_PLACEMENT_3D('',#8044,#6561,#6562);
#5461=AXIS2_PLACEMENT_3D('',#8047,#6565,#6566);
#5462=AXIS2_PLACEMENT_3D('',#8049,#6568,#6569);
#5463=AXIS2_PLACEMENT_3D('',#8051,#6571,#6572);
#5464=AXIS2_PLACEMENT_3D('',#8052,#6573,#6574);
#5465=AXIS2_PLACEMENT_3D('',#8055,#6577,#6578);
#5466=AXIS2_PLACEMENT_3D('',#8057,#6580,#6581);
#5467=AXIS2_PLACEMENT_3D('',#8059,#6583,#6584);
#5468=AXIS2_PLACEMENT_3D('',#8060,#6585,#6586);
#5469=AXIS2_PLACEMENT_3D('',#8069,#6591,#6592);
#5470=AXIS2_PLACEMENT_3D('',#8075,#6596,#6597);
#5471=AXIS2_PLACEMENT_3D('',#8079,#6600,#6601);
#5472=AXIS2_PLACEMENT_3D('',#8083,#6604,#6605);
#5473=AXIS2_PLACEMENT_3D('',#8085,#6607,#6608);
#5474=AXIS2_PLACEMENT_3D('',#8091,#6612,#6613);
#5475=AXIS2_PLACEMENT_3D('',#8095,#6616,#6617);
#5476=AXIS2_PLACEMENT_3D('',#8099,#6620,#6621);
#5477=AXIS2_PLACEMENT_3D('',#8101,#6623,#6624);
#5478=AXIS2_PLACEMENT_3D('',#8102,#6625,#6626);
#5479=AXIS2_PLACEMENT_3D('',#8111,#6631,#6632);
#5480=AXIS2_PLACEMENT_3D('',#8117,#6636,#6637);
#5481=AXIS2_PLACEMENT_3D('',#8121,#6640,#6641);
#5482=AXIS2_PLACEMENT_3D('',#8125,#6644,#6645);
#5483=AXIS2_PLACEMENT_3D('',#8127,#6647,#6648);
#5484=AXIS2_PLACEMENT_3D('',#8133,#6652,#6653);
#5485=AXIS2_PLACEMENT_3D('',#8137,#6656,#6657);
#5486=AXIS2_PLACEMENT_3D('',#8141,#6660,#6661);
#5487=AXIS2_PLACEMENT_3D('',#8143,#6663,#6664);
#5488=AXIS2_PLACEMENT_3D('',#8144,#6665,#6666);
#5489=AXIS2_PLACEMENT_3D('',#8147,#6669,#6670);
#5490=AXIS2_PLACEMENT_3D('',#8149,#6672,#6673);
#5491=AXIS2_PLACEMENT_3D('',#8151,#6675,#6676);
#5492=AXIS2_PLACEMENT_3D('',#8152,#6677,#6678);
#5493=AXIS2_PLACEMENT_3D('',#8155,#6681,#6682);
#5494=AXIS2_PLACEMENT_3D('',#8157,#6684,#6685);
#5495=AXIS2_PLACEMENT_3D('',#8159,#6687,#6688);
#5496=AXIS2_PLACEMENT_3D('',#8160,#6689,#6690);
#5497=AXIS2_PLACEMENT_3D('',#8169,#6695,#6696);
#5498=AXIS2_PLACEMENT_3D('',#8175,#6700,#6701);
#5499=AXIS2_PLACEMENT_3D('',#8179,#6704,#6705);
#5500=AXIS2_PLACEMENT_3D('',#8183,#6708,#6709);
#5501=AXIS2_PLACEMENT_3D('',#8185,#6711,#6712);
#5502=AXIS2_PLACEMENT_3D('',#8191,#6716,#6717);
#5503=AXIS2_PLACEMENT_3D('',#8195,#6720,#6721);
#5504=AXIS2_PLACEMENT_3D('',#8199,#6724,#6725);
#5505=AXIS2_PLACEMENT_3D('',#8201,#6727,#6728);
#5506=AXIS2_PLACEMENT_3D('',#8202,#6729,#6730);
#5507=AXIS2_PLACEMENT_3D('',#8211,#6735,#6736);
#5508=AXIS2_PLACEMENT_3D('',#8217,#6740,#6741);
#5509=AXIS2_PLACEMENT_3D('',#8221,#6744,#6745);
#5510=AXIS2_PLACEMENT_3D('',#8225,#6748,#6749);
#5511=AXIS2_PLACEMENT_3D('',#8227,#6751,#6752);
#5512=AXIS2_PLACEMENT_3D('',#8233,#6756,#6757);
#5513=AXIS2_PLACEMENT_3D('',#8237,#6760,#6761);
#5514=AXIS2_PLACEMENT_3D('',#8241,#6764,#6765);
#5515=AXIS2_PLACEMENT_3D('',#8243,#6767,#6768);
#5516=AXIS2_PLACEMENT_3D('',#8244,#6769,#6770);
#5517=AXIS2_PLACEMENT_3D('',#8247,#6773,#6774);
#5518=AXIS2_PLACEMENT_3D('',#8249,#6776,#6777);
#5519=AXIS2_PLACEMENT_3D('',#8251,#6779,#6780);
#5520=AXIS2_PLACEMENT_3D('',#8252,#6781,#6782);
#5521=AXIS2_PLACEMENT_3D('',#8255,#6785,#6786);
#5522=AXIS2_PLACEMENT_3D('',#8257,#6788,#6789);
#5523=AXIS2_PLACEMENT_3D('',#8259,#6791,#6792);
#5524=AXIS2_PLACEMENT_3D('',#8260,#6793,#6794);
#5525=AXIS2_PLACEMENT_3D('',#8261,#6795,#6796);
#5526=AXIS2_PLACEMENT_3D('',#8263,#6798,#6799);
#5527=AXIS2_PLACEMENT_3D('',#8264,#6800,#6801);
#5528=AXIS2_PLACEMENT_3D('',#8266,#6803,#6804);
#5529=AXIS2_PLACEMENT_3D('',#8268,#6806,#6807);
#5530=AXIS2_PLACEMENT_3D('',#8270,#6809,#6810);
#5531=AXIS2_PLACEMENT_3D('',#8271,#6811,#6812);
#5532=AXIS2_PLACEMENT_3D('',#8272,#6813,#6814);
#5533=AXIS2_PLACEMENT_3D('',#8274,#6816,#6817);
#5534=AXIS2_PLACEMENT_3D('',#8275,#6818,#6819);
#5535=AXIS2_PLACEMENT_3D('',#8277,#6821,#6822);
#5536=AXIS2_PLACEMENT_3D('',#8278,#6823,#6824);
#5537=AXIS2_PLACEMENT_3D('',#8282,#6827,#6828);
#5538=AXIS2_PLACEMENT_3D('',#8284,#6830,#6831);
#5539=AXIS2_PLACEMENT_3D('',#8285,#6832,#6833);
#5540=DIRECTION('',(0.,0.,1.));
#5541=DIRECTION('',(1.,0.,0.));
#5542=DIRECTION('',(0.,1.,0.));
#5543=DIRECTION('',(0.,6.57092225748791E-16,1.));
#5544=DIRECTION('',(0.,-1.,0.));
#5545=DIRECTION('',(0.,0.5,-0.866025403784438));
#5546=DIRECTION('',(0.,0.,1.));
#5547=DIRECTION('',(1.,0.,0.));
#5548=DIRECTION('',(0.,0.,-1.));
#5549=DIRECTION('',(0.,-1.,0.));
#5550=DIRECTION('',(0.,-2.71050543121376E-16,-1.));
#5551=DIRECTION('',(0.,1.,0.));
#5552=DIRECTION('',(0.,0.,1.));
#5553=DIRECTION('',(0.,0.500000000000001,0.866025403784438));
#5554=DIRECTION('',(1.,0.,0.));
#5555=DIRECTION('',(0.,0.,-1.));
#5556=DIRECTION('',(0.,1.,0.));
#5557=DIRECTION('',(1.,0.,0.));
#5558=DIRECTION('',(0.,-1.,0.));
#5559=DIRECTION('',(-1.,0.,0.));
#5560=DIRECTION('',(0.,1.,0.));
#5561=DIRECTION('',(-1.,0.,0.));
#5562=DIRECTION('',(0.,1.,0.));
#5563=DIRECTION('',(1.,0.,0.));
#5564=DIRECTION('',(0.,1.,0.));
#5565=DIRECTION('',(-1.,0.,0.));
#5566=DIRECTION('',(0.,0.,1.));
#5567=DIRECTION('',(1.,0.,0.));
#5568=DIRECTION('',(-0.449977042573257,0.449977042573258,0.77138921583987));
#5569=DIRECTION('',(0.450909638480581,-0.446284801983362,-0.772987951680997));
#5570=DIRECTION('',(0.,1.,0.));
#5571=DIRECTION('',(-0.863778900898434,0.,-0.503871025524086));
#5572=DIRECTION('',(0.,-1.,0.));
#5573=DIRECTION('',(0.,-2.71050543121376E-16,1.));
#5574=DIRECTION('',(0.,-1.,0.));
#5575=DIRECTION('',(0.,0.,1.));
#5576=DIRECTION('',(0.,0.5,-0.866025403784438));
#5577=DIRECTION('',(0.,1.,0.));
#5578=DIRECTION('',(-1.,0.,0.));
#5579=DIRECTION('',(0.,0.,1.));
#5580=DIRECTION('',(-1.,0.,0.));
#5581=DIRECTION('',(-1.,0.,0.));
#5582=DIRECTION('',(0.,-1.,0.));
#5583=DIRECTION('',(1.,0.,0.));
#5584=DIRECTION('',(0.,1.,0.));
#5585=DIRECTION('',(1.,0.,0.));
#5586=DIRECTION('',(0.,1.,0.));
#5587=DIRECTION('',(0.,0.,1.));
#5588=DIRECTION('',(1.,0.,0.));
#5589=DIRECTION('',(0.,-2.71050543121376E-16,1.));
#5590=DIRECTION('',(0.,-0.503871025524086,0.863778900898433));
#5591=DIRECTION('',(0.,1.,0.));
#5592=DIRECTION('',(0.,0.,-1.));
#5593=DIRECTION('',(0.,-1.,0.));
#5594=DIRECTION('',(0.,0.,-1.));
#5595=DIRECTION('',(0.,-0.503871025524088,-0.863778900898432));
#5596=DIRECTION('',(0.,1.31418445149758E-16,-1.));
#5597=DIRECTION('',(0.,1.,0.));
#5598=DIRECTION('',(1.,0.,0.));
#5599=DIRECTION('',(0.,0.,-1.));
#5600=DIRECTION('',(0.,-1.,0.));
#5601=DIRECTION('',(-0.449977042573257,0.449977042573258,-0.77138921583987));
#5602=DIRECTION('',(-0.450909638480581,0.446284801983362,-0.772987951680997));
#5603=DIRECTION('',(0.863778900898434,0.,-0.503871025524086));
#5604=DIRECTION('',(0.,1.,0.));
#5605=DIRECTION('',(0.,1.,0.));
#5606=DIRECTION('',(0.449977042573257,0.44997704257326,0.771389215839869));
#5607=DIRECTION('',(0.450909638480581,0.446284801983362,0.772987951680997));
#5608=DIRECTION('',(0.863778900898434,0.,-0.503871025524086));
#5609=DIRECTION('',(0.,1.,0.));
#5610=DIRECTION('',(0.,0.,1.));
#5611=DIRECTION('',(-1.,0.,0.));
#5612=DIRECTION('',(0.,0.,1.));
#5613=DIRECTION('',(1.,0.,0.));
#5614=DIRECTION('',(0.,-1.,0.));
#5615=DIRECTION('',(0.,0.,-1.));
#5616=DIRECTION('',(0.,0.,1.));
#5617=DIRECTION('',(-1.,0.,0.));
#5618=DIRECTION('',(1.,0.,0.));
#5619=DIRECTION('',(0.,-1.,0.));
#5620=DIRECTION('',(0.,0.,-1.));
#5621=DIRECTION('',(0.,0.,1.));
#5622=DIRECTION('',(-1.,0.,0.));
#5623=DIRECTION('',(0.,0.,1.));
#5624=DIRECTION('',(-1.,0.,0.));
#5625=DIRECTION('',(0.,-1.,0.));
#5626=DIRECTION('',(0.,0.,-1.));
#5627=DIRECTION('',(0.,0.,1.));
#5628=DIRECTION('',(-1.,0.,0.));
#5629=DIRECTION('',(0.,0.,1.));
#5630=DIRECTION('',(-1.,0.,0.));
#5631=DIRECTION('',(0.,-1.,0.));
#5632=DIRECTION('',(0.,0.,-1.));
#5633=DIRECTION('',(0.,0.,1.));
#5634=DIRECTION('',(-1.,0.,0.));
#5635=DIRECTION('',(0.,0.,1.));
#5636=DIRECTION('',(-1.,-1.62630325872826E-15,0.));
#5637=DIRECTION('',(1.62630325872826E-15,-1.,0.));
#5638=DIRECTION('',(1.,1.62630325872826E-15,0.));
#5639=DIRECTION('',(0.,0.,1.));
#5640=DIRECTION('',(-1.,0.,0.));
#5641=DIRECTION('',(0.,0.,1.));
#5642=DIRECTION('',(1.,0.,0.));
#5643=DIRECTION('',(0.,-1.,0.));
#5644=DIRECTION('',(0.,0.,-1.));
#5645=DIRECTION('',(0.,0.,1.));
#5646=DIRECTION('',(-1.,0.,0.));
#5647=DIRECTION('',(0.,0.,1.));
#5648=DIRECTION('',(1.,0.,0.));
#5649=DIRECTION('',(0.,-1.,0.));
#5650=DIRECTION('',(0.,0.,-1.));
#5651=DIRECTION('',(0.,0.,1.));
#5652=DIRECTION('',(-1.,0.,0.));
#5653=DIRECTION('',(0.,0.,1.));
#5654=DIRECTION('',(1.,0.,0.));
#5655=DIRECTION('',(0.,-1.,0.));
#5656=DIRECTION('',(0.,0.,-1.));
#5657=DIRECTION('',(0.,-1.80700362080917E-16,1.));
#5658=DIRECTION('',(1.,0.,0.));
#5659=DIRECTION('',(0.,1.,0.));
#5660=DIRECTION('',(0.,0.,1.));
#5661=DIRECTION('',(6.99485272571293E-17,0.,-1.));
#5662=DIRECTION('',(-1.,0.,0.));
#5663=DIRECTION('',(-0.0468235862985858,0.,0.998903174369838));
#5664=DIRECTION('',(-1.,0.,0.));
#5665=DIRECTION('',(0.,1.,0.));
#5666=DIRECTION('',(0.,0.,1.));
#5667=DIRECTION('',(1.,0.,0.));
#5668=DIRECTION('',(-1.,0.,0.));
#5669=DIRECTION('',(0.,-1.,0.));
#5670=DIRECTION('',(1.,0.,0.));
#5671=DIRECTION('',(0.,0.,1.));
#5672=DIRECTION('',(1.,0.,0.));
#5673=DIRECTION('',(0.,1.,0.));
#5674=DIRECTION('',(0.,0.,1.));
#5675=DIRECTION('',(1.,0.,0.));
#5676=DIRECTION('',(0.,-1.80700362080917E-16,1.));
#5677=DIRECTION('',(1.,0.,0.));
#5678=DIRECTION('',(0.0468235862985858,0.,0.998903174369838));
#5679=DIRECTION('',(-1.,0.,0.));
#5680=DIRECTION('',(1.60881612691397E-15,0.,1.));
#5681=DIRECTION('',(0.,1.,0.));
#5682=DIRECTION('',(0.,0.,1.));
#5683=DIRECTION('',(0.,0.,1.));
#5684=DIRECTION('',(1.,0.,0.));
#5685=DIRECTION('',(0.,-1.80700362080917E-16,1.));
#5686=DIRECTION('',(-1.,0.,0.));
#5687=DIRECTION('',(-0.046823586298586,0.,-0.998903174369838));
#5688=DIRECTION('',(-1.,0.,0.));
#5689=DIRECTION('',(0.,1.,0.));
#5690=DIRECTION('',(0.,0.,1.));
#5691=DIRECTION('',(0.,-1.80700362080917E-16,1.));
#5692=DIRECTION('',(1.,0.,0.));
#5693=DIRECTION('',(0.,0.,1.));
#5694=DIRECTION('',(-1.,0.,0.));
#5695=DIRECTION('',(0.046823586298586,0.,-0.998903174369838));
#5696=DIRECTION('',(1.,0.,0.));
#5697=DIRECTION('',(0.,1.,0.));
#5698=DIRECTION('',(0.,0.,1.));
#5699=DIRECTION('',(0.,0.,1.));
#5700=DIRECTION('',(0.,-0.5,0.866025403784438));
#5701=DIRECTION('',(0.,1.,0.));
#5702=DIRECTION('',(1.,0.,0.));
#5703=DIRECTION('',(0.,0.,-1.));
#5704=DIRECTION('',(0.,0.5,-0.866025403784438));
#5705=DIRECTION('',(0.,0.,1.));
#5706=DIRECTION('',(0.,-1.,0.));
#5707=DIRECTION('',(-1.,0.,0.));
#5708=DIRECTION('',(0.,0.,1.));
#5709=DIRECTION('',(0.,0.500000000000001,0.866025403784438));
#5710=DIRECTION('',(0.,0.,1.));
#5711=DIRECTION('',(0.,-1.,0.));
#5712=DIRECTION('',(-1.,0.,0.));
#5713=DIRECTION('',(0.,0.,1.));
#5714=DIRECTION('',(-1.,0.,0.));
#5715=DIRECTION('',(0.,0.,1.));
#5716=DIRECTION('',(1.,0.,0.));
#5717=DIRECTION('',(0.,-1.,0.));
#5718=DIRECTION('',(0.,0.,-1.));
#5719=DIRECTION('',(0.,-0.500000000000001,-0.866025403784438));
#5720=DIRECTION('',(0.,1.,0.));
#5721=DIRECTION('',(1.,0.,0.));
#5722=DIRECTION('',(0.,0.,-1.));
#5723=DIRECTION('',(0.,0.866025403784438,0.5));
#5724=DIRECTION('',(0.,-0.5,0.866025403784438));
#5725=DIRECTION('',(0.,1.,0.));
#5726=DIRECTION('',(1.,0.,0.));
#5727=DIRECTION('',(0.,1.,0.));
#5728=DIRECTION('',(0.,-1.,0.));
#5729=DIRECTION('',(0.,0.,-1.));
#5730=DIRECTION('',(0.,0.866025403784438,0.5));
#5731=DIRECTION('',(0.,-0.5,0.866025403784438));
#5732=DIRECTION('',(0.,1.,0.));
#5733=DIRECTION('',(0.,1.,0.));
#5734=DIRECTION('',(1.,0.,0.));
#5735=DIRECTION('',(0.,-1.,0.));
#5736=DIRECTION('',(0.,0.,-1.));
#5737=DIRECTION('',(0.,0.,1.));
#5738=DIRECTION('',(1.,0.,0.));
#5739=DIRECTION('',(0.,0.,1.));
#5740=DIRECTION('',(0.,0.,1.));
#5741=DIRECTION('',(1.,0.,0.));
#5742=DIRECTION('',(0.,0.,1.));
#5743=DIRECTION('',(0.,1.,0.));
#5744=DIRECTION('',(0.,0.,1.));
#5745=DIRECTION('',(0.,0.5,-0.866025403784438));
#5746=DIRECTION('',(0.,1.,0.));
#5747=DIRECTION('',(-1.,0.,0.));
#5748=DIRECTION('',(0.,0.,1.));
#5749=DIRECTION('',(0.,0.5,-0.866025403784438));
#5750=DIRECTION('',(0.,1.,0.));
#5751=DIRECTION('',(-1.,0.,0.));
#5752=DIRECTION('',(0.,0.,1.));
#5753=DIRECTION('',(0.,0.5,-0.866025403784438));
#5754=DIRECTION('',(0.,0.,1.));
#5755=DIRECTION('',(0.,-1.,0.));
#5756=DIRECTION('',(-1.,0.,0.));
#5757=DIRECTION('',(0.,0.,1.));
#5758=DIRECTION('',(0.,0.,1.));
#5759=DIRECTION('',(0.,0.5,-0.866025403784438));
#5760=DIRECTION('',(0.,-1.,0.));
#5761=DIRECTION('',(-1.,0.,0.));
#5762=DIRECTION('',(0.,0.,1.));
#5763=DIRECTION('',(-1.,0.,0.));
#5764=DIRECTION('',(0.,0.,-1.));
#5765=DIRECTION('',(-1.,0.,0.));
#5766=DIRECTION('',(0.,0.,-1.));
#5767=DIRECTION('',(0.,-1.,0.));
#5768=DIRECTION('',(0.,0.,-1.));
#5769=DIRECTION('',(0.,0.500000000000001,0.866025403784438));
#5770=DIRECTION('',(0.,1.,0.));
#5771=DIRECTION('',(-1.,0.,0.));
#5772=DIRECTION('',(0.,0.,1.));
#5773=DIRECTION('',(0.,-0.500000000000001,-0.866025403784438));
#5774=DIRECTION('',(0.,-1.,0.));
#5775=DIRECTION('',(1.,0.,0.));
#5776=DIRECTION('',(0.,0.,-1.));
#5777=DIRECTION('',(0.,0.500000000000001,0.866025403784438));
#5778=DIRECTION('',(0.,1.,0.));
#5779=DIRECTION('',(-1.,0.,0.));
#5780=DIRECTION('',(0.,0.,1.));
#5781=DIRECTION('',(0.,-0.500000000000001,-0.866025403784438));
#5782=DIRECTION('',(0.,-1.,0.));
#5783=DIRECTION('',(1.,0.,0.));
#5784=DIRECTION('',(0.,0.,-1.));
#5785=DIRECTION('',(-4.33680868994201E-16,0.500000000000001,0.866025403784438));
#5786=DIRECTION('',(-8.673617379884E-16,1.,0.));
#5787=DIRECTION('',(-1.,-8.673617379884E-16,0.));
#5788=DIRECTION('',(8.67361737988404E-16,-1.,0.));
#5789=DIRECTION('',(0.,-0.500000000000001,-0.866025403784438));
#5790=DIRECTION('',(0.,-1.,0.));
#5791=DIRECTION('',(1.,0.,0.));
#5792=DIRECTION('',(0.,0.,-1.));
#5793=DIRECTION('',(0.,-1.,0.));
#5794=DIRECTION('',(-1.,-2.81892564846231E-15,0.));
#5795=DIRECTION('',(0.,1.,0.));
#5796=DIRECTION('',(1.,0.,0.));
#5797=DIRECTION('',(0.,-1.,0.));
#5798=DIRECTION('',(-1.,-2.81892564846231E-15,0.));
#5799=DIRECTION('',(0.,1.,0.));
#5800=DIRECTION('',(1.,0.,0.));
#5801=DIRECTION('',(0.,-1.,0.));
#5802=DIRECTION('',(-1.,-2.81892564846231E-15,0.));
#5803=DIRECTION('',(0.,1.,0.));
#5804=DIRECTION('',(1.,0.,0.));
#5805=DIRECTION('',(0.,-1.,0.));
#5806=DIRECTION('',(-1.,-2.81892564846231E-15,0.));
#5807=DIRECTION('',(0.,1.,0.));
#5808=DIRECTION('',(1.,0.,0.));
#5809=DIRECTION('',(0.,-1.,0.));
#5810=DIRECTION('',(-1.,-2.81892564846231E-15,0.));
#5811=DIRECTION('',(0.,1.,0.));
#5812=DIRECTION('',(1.,0.,0.));
#5813=DIRECTION('',(0.,-1.,0.));
#5814=DIRECTION('',(-1.,-2.81892564846231E-15,0.));
#5815=DIRECTION('',(0.,1.,0.));
#5816=DIRECTION('',(1.,0.,0.));
#5817=DIRECTION('',(0.,-1.,0.));
#5818=DIRECTION('',(-1.,-2.81892564846231E-15,0.));
#5819=DIRECTION('',(0.,1.,0.));
#5820=DIRECTION('',(1.,0.,0.));
#5821=DIRECTION('',(-1.,0.,0.));
#5822=DIRECTION('',(0.,1.,0.));
#5823=DIRECTION('',(1.,0.,0.));
#5824=DIRECTION('',(0.,-1.,0.));
#5825=DIRECTION('',(-1.,0.,0.));
#5826=DIRECTION('',(0.,1.,0.));
#5827=DIRECTION('',(1.,0.,0.));
#5828=DIRECTION('',(0.,-1.,0.));
#5829=DIRECTION('',(-1.,0.,0.));
#5830=DIRECTION('',(0.,1.,0.));
#5831=DIRECTION('',(1.,0.,0.));
#5832=DIRECTION('',(0.,-1.,0.));
#5833=DIRECTION('',(-1.,0.,0.));
#5834=DIRECTION('',(0.,1.,0.));
#5835=DIRECTION('',(1.,0.,0.));
#5836=DIRECTION('',(0.,-1.,0.));
#5837=DIRECTION('',(-1.,0.,0.));
#5838=DIRECTION('',(0.,1.,0.));
#5839=DIRECTION('',(1.,0.,0.));
#5840=DIRECTION('',(0.,-1.,0.));
#5841=DIRECTION('',(-1.,0.,0.));
#5842=DIRECTION('',(0.,1.,0.));
#5843=DIRECTION('',(1.,0.,0.));
#5844=DIRECTION('',(0.,-1.,0.));
#5845=DIRECTION('',(-1.,0.,0.));
#5846=DIRECTION('',(0.,1.,0.));
#5847=DIRECTION('',(1.,0.,0.));
#5848=DIRECTION('',(0.,-1.,0.));
#5849=DIRECTION('',(-1.,0.,0.));
#5850=DIRECTION('',(0.,-1.,3.33600668457078E-16));
#5851=DIRECTION('',(-1.,0.,0.));
#5852=DIRECTION('',(-1.,0.,0.));
#5853=DIRECTION('',(-1.,0.,0.));
#5854=DIRECTION('',(0.,-1.,0.));
#5855=DIRECTION('',(1.,0.,0.));
#5856=DIRECTION('',(0.,-1.,0.));
#5857=DIRECTION('',(-1.,0.,0.));
#5858=DIRECTION('',(-1.,0.,0.));
#5859=DIRECTION('',(1.,0.,0.));
#5860=DIRECTION('',(1.,0.,0.));
#5861=DIRECTION('',(0.,-1.,0.));
#5862=DIRECTION('',(0.,0.,1.));
#5863=DIRECTION('',(1.,0.,0.));
#5864=DIRECTION('',(0.,1.,0.));
#5865=DIRECTION('',(-1.,0.,0.));
#5866=DIRECTION('',(0.,-1.,0.));
#5867=DIRECTION('',(1.,2.81892564846231E-15,0.));
#5868=DIRECTION('',(0.,1.,0.));
#5869=DIRECTION('',(-1.,0.,0.));
#5870=DIRECTION('',(0.,-1.,0.));
#5871=DIRECTION('',(1.,2.81892564846231E-15,0.));
#5872=DIRECTION('',(0.,1.,0.));
#5873=DIRECTION('',(-1.,0.,0.));
#5874=DIRECTION('',(0.,-1.,0.));
#5875=DIRECTION('',(1.,2.81892564846231E-15,0.));
#5876=DIRECTION('',(0.,1.,0.));
#5877=DIRECTION('',(-1.,0.,0.));
#5878=DIRECTION('',(0.,-1.,0.));
#5879=DIRECTION('',(1.,2.81892564846231E-15,0.));
#5880=DIRECTION('',(0.,1.,0.));
#5881=DIRECTION('',(-1.,0.,0.));
#5882=DIRECTION('',(0.,-1.,0.));
#5883=DIRECTION('',(1.,2.81892564846231E-15,0.));
#5884=DIRECTION('',(0.,1.,0.));
#5885=DIRECTION('',(-1.,0.,0.));
#5886=DIRECTION('',(0.,-1.,0.));
#5887=DIRECTION('',(1.,2.81892564846231E-15,0.));
#5888=DIRECTION('',(0.,1.,0.));
#5889=DIRECTION('',(-1.,0.,0.));
#5890=DIRECTION('',(0.,-1.,0.));
#5891=DIRECTION('',(1.,2.81892564846231E-15,0.));
#5892=DIRECTION('',(0.,-1.,0.));
#5893=DIRECTION('',(-1.,0.,0.));
#5894=DIRECTION('',(0.,1.,0.));
#5895=DIRECTION('',(1.,0.,0.));
#5896=DIRECTION('',(-1.,0.,0.));
#5897=DIRECTION('',(0.,-1.,0.));
#5898=DIRECTION('',(1.,0.,0.));
#5899=DIRECTION('',(0.,1.,0.));
#5900=DIRECTION('',(-1.,0.,0.));
#5901=DIRECTION('',(0.,-1.,0.));
#5902=DIRECTION('',(1.,0.,0.));
#5903=DIRECTION('',(0.,1.,0.));
#5904=DIRECTION('',(-1.,0.,0.));
#5905=DIRECTION('',(0.,-1.,0.));
#5906=DIRECTION('',(1.,0.,0.));
#5907=DIRECTION('',(0.,1.,0.));
#5908=DIRECTION('',(-1.,0.,0.));
#5909=DIRECTION('',(0.,-1.,0.));
#5910=DIRECTION('',(1.,0.,0.));
#5911=DIRECTION('',(0.,1.,0.));
#5912=DIRECTION('',(-1.,0.,0.));
#5913=DIRECTION('',(0.,-1.,0.));
#5914=DIRECTION('',(1.,0.,0.));
#5915=DIRECTION('',(0.,1.,0.));
#5916=DIRECTION('',(-1.,0.,0.));
#5917=DIRECTION('',(0.,-1.,0.));
#5918=DIRECTION('',(1.,0.,0.));
#5919=DIRECTION('',(0.,1.,0.));
#5920=DIRECTION('',(-1.,0.,0.));
#5921=DIRECTION('',(0.,-1.,0.));
#5922=DIRECTION('',(1.,0.,0.));
#5923=DIRECTION('',(0.,1.,0.));
#5924=DIRECTION('',(0.,0.,-1.));
#5925=DIRECTION('',(-1.,0.,0.));
#5926=DIRECTION('',(0.,0.,1.));
#5927=DIRECTION('',(1.,0.,0.));
#5928=DIRECTION('',(0.,0.,-1.));
#5929=DIRECTION('',(-1.,0.,2.16840434497101E-16));
#5930=DIRECTION('',(0.,1.,0.));
#5931=DIRECTION('',(0.,0.,1.));
#5932=DIRECTION('',(0.,-1.,0.));
#5933=DIRECTION('',(0.,0.707106781186547,-0.707106781186548));
#5934=DIRECTION('',(0.,-1.,0.));
#5935=DIRECTION('',(0.,0.,1.));
#5936=DIRECTION('',(-1.,0.,0.));
#5937=DIRECTION('',(0.,0.,1.));
#5938=DIRECTION('',(0.393919298579168,0.,0.919145030018058));
#5939=DIRECTION('',(0.393919298579168,0.,-0.919145030018058));
#5940=DIRECTION('',(0.,0.,1.));
#5941=DIRECTION('',(-1.,0.,0.));
#5942=DIRECTION('',(-0.046823586298586,0.,-0.998903174369838));
#5943=DIRECTION('',(-1.,0.,0.));
#5944=DIRECTION('',(-1.,0.,2.16840434497101E-16));
#5945=DIRECTION('',(0.,0.,-1.));
#5946=DIRECTION('',(-1.,0.,0.));
#5947=DIRECTION('',(-0.0468235862985858,0.,0.998903174369838));
#5948=DIRECTION('',(-1.,0.,0.));
#5949=DIRECTION('',(0.0468235862985858,0.,0.998903174369838));
#5950=DIRECTION('',(1.,0.,0.));
#5951=DIRECTION('',(0.,0.,-1.));
#5952=DIRECTION('',(1.,0.,2.16840434497101E-16));
#5953=DIRECTION('',(0.,0.,1.));
#5954=DIRECTION('',(1.,0.,0.));
#5955=DIRECTION('',(0.046823586298586,0.,-0.998903174369838));
#5956=DIRECTION('',(-1.,0.,0.));
#5957=DIRECTION('',(1.60881612691397E-15,0.,1.));
#5958=DIRECTION('',(6.99485272571293E-17,0.,-1.));
#5959=DIRECTION('',(0.,-1.,0.));
#5960=DIRECTION('',(0.,0.,-1.));
#5961=DIRECTION('',(0.,0.,-1.));
#5962=DIRECTION('',(-1.,0.,0.));
#5963=DIRECTION('',(0.,0.,1.));
#5964=DIRECTION('',(1.,0.,2.16840434497101E-16));
#5965=DIRECTION('',(0.,1.,0.));
#5966=DIRECTION('',(0.,0.,1.));
#5967=DIRECTION('',(0.,1.,0.));
#5968=DIRECTION('',(0.,1.,0.));
#5969=DIRECTION('',(1.,0.,-1.31418445149758E-16));
#5970=DIRECTION('',(0.,1.,0.));
#5971=DIRECTION('',(0.,1.,0.));
#5972=DIRECTION('',(1.,0.,0.));
#5973=DIRECTION('',(0.,1.,0.));
#5974=DIRECTION('',(-1.,0.,-1.31418445149758E-16));
#5975=DIRECTION('',(0.,1.,0.));
#5976=DIRECTION('',(-1.,0.,0.));
#5977=DIRECTION('',(0.,-1.,0.));
#5978=DIRECTION('',(1.,0.,0.));
#5979=DIRECTION('',(0.,0.,-1.));
#5980=DIRECTION('',(-1.,0.,0.));
#5981=DIRECTION('',(0.,0.,1.));
#5982=DIRECTION('',(0.,-1.,0.));
#5983=DIRECTION('',(0.,0.,-1.));
#5984=DIRECTION('',(0.,-0.503871025524086,-0.863778900898433));
#5985=DIRECTION('',(0.,-0.503871025524086,0.863778900898433));
#5986=DIRECTION('',(0.,6.57092225748791E-16,1.));
#5987=DIRECTION('',(0.,-2.71050543121376E-16,-1.));
#5988=DIRECTION('',(-1.,0.,0.));
#5989=DIRECTION('',(0.,0.,1.));
#5990=DIRECTION('',(-1.,0.,0.));
#5991=DIRECTION('',(0.,1.,0.));
#5992=DIRECTION('',(0.,0.,1.));
#5993=DIRECTION('',(-1.,0.,0.));
#5994=DIRECTION('',(0.,1.,0.));
#5995=DIRECTION('',(0.,0.,1.));
#5996=DIRECTION('',(0.,1.31418445149758E-16,-1.));
#5997=DIRECTION('',(0.,0.500000000000001,0.866025403784438));
#5998=DIRECTION('',(-1.,0.,0.));
#5999=DIRECTION('',(0.,0.,1.));
#6000=DIRECTION('',(0.,0.,1.));
#6001=DIRECTION('',(0.,0.,1.));
#6002=DIRECTION('',(1.,0.,0.));
#6003=DIRECTION('',(0.,0.,-1.));
#6004=DIRECTION('',(0.,0.,1.));
#6005=DIRECTION('',(0.,1.,0.));
#6006=DIRECTION('',(0.,0.,1.));
#6007=DIRECTION('',(0.,0.,1.));
#6008=DIRECTION('',(-1.,0.,0.));
#6009=DIRECTION('',(0.,0.,1.));
#6010=DIRECTION('',(0.,-1.,0.));
#6011=DIRECTION('',(0.,0.,-1.));
#6012=DIRECTION('',(-1.,0.,-6.99485272571293E-17));
#6013=DIRECTION('',(-7.00394603425636E-17,0.,1.));
#6014=DIRECTION('',(1.,0.,-1.60881612691397E-15));
#6015=DIRECTION('',(-1.60873918353399E-15,0.,-1.));
#6016=DIRECTION('',(0.046823586298586,0.,0.998903174369838));
#6017=DIRECTION('',(0.0468235862985858,0.,-0.998903174369838));
#6018=DIRECTION('',(0.,1.,0.));
#6019=DIRECTION('',(0.,0.,1.));
#6020=DIRECTION('',(0.,-1.,0.));
#6021=DIRECTION('',(-0.998903174369838,0.,-0.0468235862985858));
#6022=DIRECTION('',(-0.0468235862985858,0.,0.998903174369838));
#6023=DIRECTION('',(0.,-1.,0.));
#6024=DIRECTION('',(0.998903174369838,0.,-0.046823586298586));
#6025=DIRECTION('',(-0.046823586298586,0.,-0.998903174369838));
#6026=DIRECTION('',(0.,0.,-1.));
#6027=DIRECTION('',(-1.,0.,0.));
#6028=DIRECTION('',(0.,-1.,0.));
#6029=DIRECTION('',(-2.16840434497101E-16,0.,-1.));
#6030=DIRECTION('',(-1.,0.,2.16840434497101E-16));
#6031=DIRECTION('',(0.,-1.,0.));
#6032=DIRECTION('',(0.,0.707106781186547,-0.707106781186548));
#6033=DIRECTION('',(1.,0.,0.));
#6034=DIRECTION('',(0.,0.,-1.));
#6035=DIRECTION('',(0.,0.,-1.));
#6036=DIRECTION('',(-1.,0.,0.));
#6037=DIRECTION('',(0.,-0.707106781186547,0.707106781186548));
#6038=DIRECTION('',(0.,-0.707106781186547,0.707106781186548));
#6039=DIRECTION('',(0.,0.707106781186548,0.707106781186547));
#6040=DIRECTION('',(0.,-0.707106781186547,0.707106781186548));
#6041=DIRECTION('',(0.,-1.,0.));
#6042=DIRECTION('',(0.,-1.,0.));
#6043=DIRECTION('',(1.,0.,0.));
#6044=DIRECTION('',(0.,0.,-1.));
#6045=DIRECTION('',(-0.0468235862985858,0.,-0.998903174369838));
#6046=DIRECTION('',(-0.046823586298586,0.,0.998903174369838));
#6047=DIRECTION('',(0.,1.,0.));
#6048=DIRECTION('',(0.,0.,1.));
#6049=DIRECTION('',(0.,-1.,0.));
#6050=DIRECTION('',(0.998903174369838,0.,0.046823586298586));
#6051=DIRECTION('',(0.046823586298586,0.,-0.998903174369838));
#6052=DIRECTION('',(0.,-1.,0.));
#6053=DIRECTION('',(0.,0.,1.));
#6054=DIRECTION('',(1.,0.,0.));
#6055=DIRECTION('',(0.,-1.,0.));
#6056=DIRECTION('',(-1.,0.,0.));
#6057=DIRECTION('',(0.,0.,1.));
#6058=DIRECTION('',(-2.16840434497101E-16,0.,1.));
#6059=DIRECTION('',(1.,0.,2.16840434497101E-16));
#6060=DIRECTION('',(0.,-1.,0.));
#6061=DIRECTION('',(-0.998903174369838,0.,0.0468235862985858));
#6062=DIRECTION('',(0.0468235862985858,0.,0.998903174369838));
#6063=DIRECTION('',(0.,0.,1.));
#6064=DIRECTION('',(1.,0.,0.));
#6065=DIRECTION('',(0.,-0.707106781186548,-0.707106781186547));
#6066=DIRECTION('',(0.,0.707106781186547,-0.707106781186548));
#6067=DIRECTION('',(0.,1.,0.));
#6068=DIRECTION('',(1.,2.81892564846231E-15,0.));
#6069=DIRECTION('',(0.,-1.,0.));
#6070=DIRECTION('',(-1.,0.,0.));
#6071=DIRECTION('',(0.,0.,1.));
#6072=DIRECTION('',(1.,0.,0.));
#6073=DIRECTION('',(0.,0.,1.));
#6074=DIRECTION('',(-1.,-2.81892564846231E-15,0.));
#6075=DIRECTION('',(0.,0.,1.));
#6076=DIRECTION('',(-2.81892564846231E-15,1.,0.));
#6077=DIRECTION('',(-1.,-2.81892564846231E-15,0.));
#6078=DIRECTION('',(0.,0.,1.));
#6079=DIRECTION('',(0.,1.,0.));
#6080=DIRECTION('',(1.,0.,0.));
#6081=DIRECTION('',(0.,0.,-1.));
#6082=DIRECTION('',(0.,0.,1.));
#6083=DIRECTION('',(1.,0.,0.));
#6084=DIRECTION('',(0.,-1.,0.));
#6085=DIRECTION('',(0.,0.,-1.));
#6086=DIRECTION('',(0.,-1.,0.));
#6087=DIRECTION('',(-1.,0.,0.));
#6088=DIRECTION('',(0.,0.,1.));
#6089=DIRECTION('',(0.,0.,1.));
#6090=DIRECTION('',(0.,0.,1.));
#6091=DIRECTION('',(0.,-1.,0.));
#6092=DIRECTION('',(-1.,0.,0.));
#6093=DIRECTION('',(0.,0.,1.));
#6094=DIRECTION('',(0.,0.,1.));
#6095=DIRECTION('',(1.,0.,0.));
#6096=DIRECTION('',(0.,-1.,0.));
#6097=DIRECTION('',(0.,0.,-1.));
#6098=DIRECTION('',(0.,0.,1.));
#6099=DIRECTION('',(0.,1.,0.));
#6100=DIRECTION('',(1.,0.,0.));
#6101=DIRECTION('',(0.,0.,-1.));
#6102=DIRECTION('',(-1.,-2.81892564846231E-15,0.));
#6103=DIRECTION('',(-2.81892564846231E-15,1.,0.));
#6104=DIRECTION('',(-1.,-2.81892564846231E-15,0.));
#6105=DIRECTION('',(0.,0.,1.));
#6106=DIRECTION('',(1.,0.,0.));
#6107=DIRECTION('',(0.,1.,0.));
#6108=DIRECTION('',(1.,0.,0.));
#6109=DIRECTION('',(0.,-1.,0.));
#6110=DIRECTION('',(-1.,0.,0.));
#6111=DIRECTION('',(0.,0.,-1.));
#6112=DIRECTION('',(-1.,0.,0.));
#6113=DIRECTION('',(0.,0.,1.));
#6114=DIRECTION('',(1.,0.,0.));
#6115=DIRECTION('',(0.,0.,1.));
#6116=DIRECTION('',(0.,1.,0.));
#6117=DIRECTION('',(0.,0.,1.));
#6118=DIRECTION('',(0.,1.,0.));
#6119=DIRECTION('',(0.,0.,1.));
#6120=DIRECTION('',(-1.,0.,0.));
#6121=DIRECTION('',(0.,0.,1.));
#6122=DIRECTION('',(-1.,0.,0.));
#6123=DIRECTION('',(0.,0.,1.));
#6124=DIRECTION('',(0.,-1.,0.));
#6125=DIRECTION('',(0.,0.,-1.));
#6126=DIRECTION('',(0.,-1.,0.));
#6127=DIRECTION('',(1.,0.,0.));
#6128=DIRECTION('',(0.,0.,-1.));
#6129=DIRECTION('',(0.,0.,1.));
#6130=DIRECTION('',(0.,1.,0.));
#6131=DIRECTION('',(0.,0.,1.));
#6132=DIRECTION('',(1.,0.,0.));
#6133=DIRECTION('',(0.,0.,-1.));
#6134=DIRECTION('',(1.,0.,0.));
#6135=DIRECTION('',(0.,0.,1.));
#6136=DIRECTION('',(0.,-1.,0.));
#6137=DIRECTION('',(0.,0.,-1.));
#6138=DIRECTION('',(0.,-1.,0.));
#6139=DIRECTION('',(0.,0.,1.));
#6140=DIRECTION('',(-1.,0.,0.));
#6141=DIRECTION('',(0.,0.,1.));
#6142=DIRECTION('',(-1.,0.,0.));
#6143=DIRECTION('',(0.,1.,0.));
#6144=DIRECTION('',(0.,0.,1.));
#6145=DIRECTION('',(0.,0.,-1.));
#6146=DIRECTION('',(-1.,0.,0.));
#6147=DIRECTION('',(0.240771706171539,0.481543412343076,-0.842700971600384));
#6148=DIRECTION('',(-0.240771706171539,0.481543412343077,0.842700971600384));
#6149=DIRECTION('',(-0.961523947640823,0.,-0.274721127897379));
#6150=DIRECTION('',(0.,-1.,0.));
#6151=DIRECTION('',(0.240771706171539,0.481543412343077,0.842700971600384));
#6152=DIRECTION('',(0.,0.868243142124459,-0.496138938356834));
#6153=DIRECTION('',(-1.,0.,0.));
#6154=DIRECTION('',(-0.240771706171539,0.481543412343076,-0.842700971600384));
#6155=DIRECTION('',(0.,-0.868243142124459,-0.496138938356834));
#6156=DIRECTION('',(1.,0.,0.));
#6157=DIRECTION('',(0.961523947640823,0.,-0.274721127897379));
#6158=DIRECTION('',(0.,1.,0.));
#6159=DIRECTION('',(-0.240771706171539,0.481543412343076,0.842700971600385));
#6160=DIRECTION('',(0.240771706171539,0.481543412343077,-0.842700971600384));
#6161=DIRECTION('',(-0.961523947640823,0.,-0.274721127897379));
#6162=DIRECTION('',(0.,1.,0.));
#6163=DIRECTION('',(-0.240771706171539,0.481543412343077,-0.842700971600384));
#6164=DIRECTION('',(0.,-0.868243142124459,-0.496138938356834));
#6165=DIRECTION('',(-1.,0.,0.));
#6166=DIRECTION('',(0.240771706171539,0.481543412343077,0.842700971600384));
#6167=DIRECTION('',(-2.44751286243614E-15,0.868243142124459,-0.496138938356833));
#6168=DIRECTION('',(1.,2.81892564846231E-15,0.));
#6169=DIRECTION('',(0.961523947640823,0.,-0.274721127897379));
#6170=DIRECTION('',(0.,-1.,0.));
#6171=DIRECTION('',(0.,1.,0.));
#6172=DIRECTION('',(1.,2.81892564846231E-15,0.));
#6173=DIRECTION('',(0.,-1.,0.));
#6174=DIRECTION('',(-1.,0.,0.));
#6175=DIRECTION('',(0.,0.,1.));
#6176=DIRECTION('',(1.,0.,0.));
#6177=DIRECTION('',(0.,0.,1.));
#6178=DIRECTION('',(-1.,-2.81892564846231E-15,0.));
#6179=DIRECTION('',(0.,0.,1.));
#6180=DIRECTION('',(-2.81892564846231E-15,1.,0.));
#6181=DIRECTION('',(-1.,-2.81892564846231E-15,0.));
#6182=DIRECTION('',(0.,0.,1.));
#6183=DIRECTION('',(0.,1.,0.));
#6184=DIRECTION('',(1.,0.,0.));
#6185=DIRECTION('',(0.,0.,-1.));
#6186=DIRECTION('',(0.,0.,1.));
#6187=DIRECTION('',(1.,0.,0.));
#6188=DIRECTION('',(0.,-1.,0.));
#6189=DIRECTION('',(0.,0.,-1.));
#6190=DIRECTION('',(0.,-1.,0.));
#6191=DIRECTION('',(-1.,0.,0.));
#6192=DIRECTION('',(0.,0.,1.));
#6193=DIRECTION('',(0.,0.,1.));
#6194=DIRECTION('',(0.,0.,1.));
#6195=DIRECTION('',(0.,-1.,0.));
#6196=DIRECTION('',(-1.,0.,0.));
#6197=DIRECTION('',(0.,0.,1.));
#6198=DIRECTION('',(0.,0.,1.));
#6199=DIRECTION('',(1.,0.,0.));
#6200=DIRECTION('',(0.,-1.,0.));
#6201=DIRECTION('',(0.,0.,-1.));
#6202=DIRECTION('',(0.,0.,1.));
#6203=DIRECTION('',(0.,1.,0.));
#6204=DIRECTION('',(1.,0.,0.));
#6205=DIRECTION('',(0.,0.,-1.));
#6206=DIRECTION('',(-1.,-2.81892564846231E-15,0.));
#6207=DIRECTION('',(-2.81892564846231E-15,1.,0.));
#6208=DIRECTION('',(-1.,-2.81892564846231E-15,0.));
#6209=DIRECTION('',(0.,0.,1.));
#6210=DIRECTION('',(1.,0.,0.));
#6211=DIRECTION('',(0.,1.,0.));
#6212=DIRECTION('',(1.,0.,0.));
#6213=DIRECTION('',(0.,-1.,0.));
#6214=DIRECTION('',(-1.,0.,0.));
#6215=DIRECTION('',(0.,0.,-1.));
#6216=DIRECTION('',(-1.,0.,0.));
#6217=DIRECTION('',(0.,0.,1.));
#6218=DIRECTION('',(1.,0.,0.));
#6219=DIRECTION('',(0.,0.,1.));
#6220=DIRECTION('',(0.,1.,0.));
#6221=DIRECTION('',(0.,0.,1.));
#6222=DIRECTION('',(0.,1.,0.));
#6223=DIRECTION('',(0.,0.,1.));
#6224=DIRECTION('',(-1.,0.,0.));
#6225=DIRECTION('',(0.,0.,1.));
#6226=DIRECTION('',(-1.,0.,0.));
#6227=DIRECTION('',(0.,0.,1.));
#6228=DIRECTION('',(0.,-1.,0.));
#6229=DIRECTION('',(0.,0.,-1.));
#6230=DIRECTION('',(0.,-1.,0.));
#6231=DIRECTION('',(1.,0.,0.));
#6232=DIRECTION('',(0.,0.,-1.));
#6233=DIRECTION('',(0.,0.,1.));
#6234=DIRECTION('',(0.,1.,0.));
#6235=DIRECTION('',(0.,0.,1.));
#6236=DIRECTION('',(1.,0.,0.));
#6237=DIRECTION('',(0.,0.,-1.));
#6238=DIRECTION('',(1.,0.,0.));
#6239=DIRECTION('',(0.,0.,1.));
#6240=DIRECTION('',(0.,-1.,0.));
#6241=DIRECTION('',(0.,0.,-1.));
#6242=DIRECTION('',(0.,-1.,0.));
#6243=DIRECTION('',(0.,0.,1.));
#6244=DIRECTION('',(-1.,0.,0.));
#6245=DIRECTION('',(0.,0.,1.));
#6246=DIRECTION('',(-1.,0.,0.));
#6247=DIRECTION('',(0.,1.,0.));
#6248=DIRECTION('',(0.,0.,1.));
#6249=DIRECTION('',(0.,0.,-1.));
#6250=DIRECTION('',(-1.,0.,0.));
#6251=DIRECTION('',(0.240771706171538,0.481543412343077,-0.842700971600385));
#6252=DIRECTION('',(-0.240771706171538,0.481543412343077,0.842700971600384));
#6253=DIRECTION('',(-0.961523947640823,0.,-0.274721127897378));
#6254=DIRECTION('',(0.,-1.,0.));
#6255=DIRECTION('',(0.240771706171539,0.481543412343077,0.842700971600384));
#6256=DIRECTION('',(0.,0.868243142124459,-0.496138938356834));
#6257=DIRECTION('',(-1.,0.,0.));
#6258=DIRECTION('',(-0.240771706171539,0.481543412343076,-0.842700971600384));
#6259=DIRECTION('',(0.,-0.868243142124459,-0.496138938356834));
#6260=DIRECTION('',(1.,0.,0.));
#6261=DIRECTION('',(0.961523947640823,0.,-0.274721127897379));
#6262=DIRECTION('',(0.,1.,0.));
#6263=DIRECTION('',(-0.240771706171538,0.481543412343076,0.842700971600385));
#6264=DIRECTION('',(0.240771706171538,0.481543412343077,-0.842700971600384));
#6265=DIRECTION('',(-0.961523947640823,0.,-0.274721127897378));
#6266=DIRECTION('',(0.,1.,0.));
#6267=DIRECTION('',(-0.240771706171539,0.481543412343077,-0.842700971600384));
#6268=DIRECTION('',(0.,-0.868243142124459,-0.496138938356834));
#6269=DIRECTION('',(-1.,0.,0.));
#6270=DIRECTION('',(0.240771706171539,0.481543412343077,0.842700971600384));
#6271=DIRECTION('',(-2.44751286243614E-15,0.868243142124459,-0.496138938356833));
#6272=DIRECTION('',(1.,2.81892564846231E-15,0.));
#6273=DIRECTION('',(0.961523947640823,0.,-0.274721127897379));
#6274=DIRECTION('',(0.,-1.,0.));
#6275=DIRECTION('',(0.,1.,0.));
#6276=DIRECTION('',(1.,2.81892564846231E-15,0.));
#6277=DIRECTION('',(0.,-1.,0.));
#6278=DIRECTION('',(-1.,0.,0.));
#6279=DIRECTION('',(0.,0.,1.));
#6280=DIRECTION('',(1.,0.,0.));
#6281=DIRECTION('',(0.,0.,1.));
#6282=DIRECTION('',(-1.,-2.81892564846231E-15,0.));
#6283=DIRECTION('',(0.,0.,1.));
#6284=DIRECTION('',(-2.81892564846231E-15,1.,0.));
#6285=DIRECTION('',(-1.,-2.81892564846231E-15,0.));
#6286=DIRECTION('',(0.,0.,1.));
#6287=DIRECTION('',(0.,1.,0.));
#6288=DIRECTION('',(1.,0.,0.));
#6289=DIRECTION('',(0.,0.,-1.));
#6290=DIRECTION('',(0.,0.,1.));
#6291=DIRECTION('',(1.,0.,0.));
#6292=DIRECTION('',(0.,-1.,0.));
#6293=DIRECTION('',(0.,0.,-1.));
#6294=DIRECTION('',(0.,-1.,0.));
#6295=DIRECTION('',(-1.,0.,0.));
#6296=DIRECTION('',(0.,0.,1.));
#6297=DIRECTION('',(0.,0.,1.));
#6298=DIRECTION('',(0.,0.,1.));
#6299=DIRECTION('',(0.,-1.,0.));
#6300=DIRECTION('',(-1.,0.,0.));
#6301=DIRECTION('',(0.,0.,1.));
#6302=DIRECTION('',(0.,0.,1.));
#6303=DIRECTION('',(1.,0.,0.));
#6304=DIRECTION('',(0.,-1.,0.));
#6305=DIRECTION('',(0.,0.,-1.));
#6306=DIRECTION('',(0.,0.,1.));
#6307=DIRECTION('',(0.,1.,0.));
#6308=DIRECTION('',(1.,0.,0.));
#6309=DIRECTION('',(0.,0.,-1.));
#6310=DIRECTION('',(-1.,-2.81892564846231E-15,0.));
#6311=DIRECTION('',(-2.81892564846231E-15,1.,0.));
#6312=DIRECTION('',(-1.,-2.81892564846231E-15,0.));
#6313=DIRECTION('',(0.,0.,1.));
#6314=DIRECTION('',(1.,0.,0.));
#6315=DIRECTION('',(0.,1.,0.));
#6316=DIRECTION('',(1.,0.,0.));
#6317=DIRECTION('',(0.,-1.,0.));
#6318=DIRECTION('',(-1.,0.,0.));
#6319=DIRECTION('',(0.,0.,-1.));
#6320=DIRECTION('',(-1.,0.,0.));
#6321=DIRECTION('',(0.,0.,1.));
#6322=DIRECTION('',(1.,0.,0.));
#6323=DIRECTION('',(0.,0.,1.));
#6324=DIRECTION('',(0.,1.,0.));
#6325=DIRECTION('',(0.,0.,1.));
#6326=DIRECTION('',(0.,1.,0.));
#6327=DIRECTION('',(0.,0.,1.));
#6328=DIRECTION('',(-1.,0.,0.));
#6329=DIRECTION('',(0.,0.,1.));
#6330=DIRECTION('',(-1.,0.,0.));
#6331=DIRECTION('',(0.,0.,1.));
#6332=DIRECTION('',(0.,-1.,0.));
#6333=DIRECTION('',(0.,0.,-1.));
#6334=DIRECTION('',(0.,-1.,0.));
#6335=DIRECTION('',(1.,0.,0.));
#6336=DIRECTION('',(0.,0.,-1.));
#6337=DIRECTION('',(0.,0.,1.));
#6338=DIRECTION('',(0.,1.,0.));
#6339=DIRECTION('',(0.,0.,1.));
#6340=DIRECTION('',(1.,0.,0.));
#6341=DIRECTION('',(0.,0.,-1.));
#6342=DIRECTION('',(1.,0.,0.));
#6343=DIRECTION('',(0.,0.,1.));
#6344=DIRECTION('',(0.,-1.,0.));
#6345=DIRECTION('',(0.,0.,-1.));
#6346=DIRECTION('',(0.,-1.,0.));
#6347=DIRECTION('',(0.,0.,1.));
#6348=DIRECTION('',(-1.,0.,0.));
#6349=DIRECTION('',(0.,0.,1.));
#6350=DIRECTION('',(-1.,0.,0.));
#6351=DIRECTION('',(0.,1.,0.));
#6352=DIRECTION('',(0.,0.,1.));
#6353=DIRECTION('',(0.,0.,-1.));
#6354=DIRECTION('',(-1.,0.,0.));
#6355=DIRECTION('',(0.240771706171538,0.481543412343077,-0.842700971600384));
#6356=DIRECTION('',(-0.240771706171538,0.481543412343077,0.842700971600384));
#6357=DIRECTION('',(-0.961523947640823,0.,-0.274721127897378));
#6358=DIRECTION('',(0.,-1.,0.));
#6359=DIRECTION('',(0.240771706171538,0.481543412343077,0.842700971600384));
#6360=DIRECTION('',(0.,0.868243142124459,-0.496138938356834));
#6361=DIRECTION('',(-1.,0.,0.));
#6362=DIRECTION('',(-0.240771706171538,0.481543412343077,-0.842700971600385));
#6363=DIRECTION('',(0.,-0.868243142124459,-0.496138938356834));
#6364=DIRECTION('',(1.,0.,0.));
#6365=DIRECTION('',(0.961523947640823,0.,-0.274721127897378));
#6366=DIRECTION('',(0.,1.,0.));
#6367=DIRECTION('',(-0.240771706171539,0.481543412343076,0.842700971600385));
#6368=DIRECTION('',(0.240771706171538,0.481543412343077,-0.842700971600384));
#6369=DIRECTION('',(-0.961523947640823,0.,-0.274721127897378));
#6370=DIRECTION('',(0.,1.,0.));
#6371=DIRECTION('',(-0.240771706171538,0.481543412343077,-0.842700971600384));
#6372=DIRECTION('',(0.,-0.868243142124459,-0.496138938356834));
#6373=DIRECTION('',(-1.,0.,0.));
#6374=DIRECTION('',(0.240771706171538,0.481543412343077,0.842700971600384));
#6375=DIRECTION('',(-2.44751286243615E-15,0.868243142124459,-0.496138938356834));
#6376=DIRECTION('',(1.,2.81892564846231E-15,0.));
#6377=DIRECTION('',(0.961523947640823,0.,-0.274721127897378));
#6378=DIRECTION('',(0.,-1.,0.));
#6379=DIRECTION('',(0.,1.,0.));
#6380=DIRECTION('',(1.,2.81892564846231E-15,0.));
#6381=DIRECTION('',(0.,-1.,0.));
#6382=DIRECTION('',(-1.,0.,0.));
#6383=DIRECTION('',(0.,0.,1.));
#6384=DIRECTION('',(1.,0.,0.));
#6385=DIRECTION('',(0.,0.,1.));
#6386=DIRECTION('',(-1.,-2.81892564846231E-15,0.));
#6387=DIRECTION('',(0.,0.,1.));
#6388=DIRECTION('',(-2.81892564846231E-15,1.,0.));
#6389=DIRECTION('',(-1.,-2.81892564846231E-15,0.));
#6390=DIRECTION('',(0.,0.,1.));
#6391=DIRECTION('',(0.,1.,0.));
#6392=DIRECTION('',(1.,0.,0.));
#6393=DIRECTION('',(0.,0.,-1.));
#6394=DIRECTION('',(0.,0.,1.));
#6395=DIRECTION('',(1.,0.,0.));
#6396=DIRECTION('',(0.,-1.,0.));
#6397=DIRECTION('',(0.,0.,-1.));
#6398=DIRECTION('',(0.,-1.,0.));
#6399=DIRECTION('',(-1.,0.,0.));
#6400=DIRECTION('',(0.,0.,1.));
#6401=DIRECTION('',(0.,0.,1.));
#6402=DIRECTION('',(0.,0.,1.));
#6403=DIRECTION('',(0.,-1.,0.));
#6404=DIRECTION('',(-1.,0.,0.));
#6405=DIRECTION('',(0.,0.,1.));
#6406=DIRECTION('',(0.,0.,1.));
#6407=DIRECTION('',(1.,0.,0.));
#6408=DIRECTION('',(0.,-1.,0.));
#6409=DIRECTION('',(0.,0.,-1.));
#6410=DIRECTION('',(0.,0.,1.));
#6411=DIRECTION('',(0.,1.,0.));
#6412=DIRECTION('',(1.,0.,0.));
#6413=DIRECTION('',(0.,0.,-1.));
#6414=DIRECTION('',(-1.,-2.81892564846231E-15,0.));
#6415=DIRECTION('',(-2.81892564846231E-15,1.,0.));
#6416=DIRECTION('',(-1.,-2.81892564846231E-15,0.));
#6417=DIRECTION('',(0.,0.,1.));
#6418=DIRECTION('',(1.,0.,0.));
#6419=DIRECTION('',(0.,1.,0.));
#6420=DIRECTION('',(1.,0.,0.));
#6421=DIRECTION('',(0.,-1.,0.));
#6422=DIRECTION('',(-1.,0.,0.));
#6423=DIRECTION('',(0.,0.,-1.));
#6424=DIRECTION('',(-1.,0.,0.));
#6425=DIRECTION('',(0.,0.,1.));
#6426=DIRECTION('',(1.,0.,0.));
#6427=DIRECTION('',(0.,0.,1.));
#6428=DIRECTION('',(0.,1.,0.));
#6429=DIRECTION('',(0.,0.,1.));
#6430=DIRECTION('',(0.,1.,0.));
#6431=DIRECTION('',(0.,0.,1.));
#6432=DIRECTION('',(-1.,0.,0.));
#6433=DIRECTION('',(0.,0.,1.));
#6434=DIRECTION('',(-1.,0.,0.));
#6435=DIRECTION('',(0.,0.,1.));
#6436=DIRECTION('',(0.,-1.,0.));
#6437=DIRECTION('',(0.,0.,-1.));
#6438=DIRECTION('',(0.,-1.,0.));
#6439=DIRECTION('',(1.,0.,0.));
#6440=DIRECTION('',(0.,0.,-1.));
#6441=DIRECTION('',(0.,0.,1.));
#6442=DIRECTION('',(0.,1.,0.));
#6443=DIRECTION('',(0.,0.,1.));
#6444=DIRECTION('',(1.,0.,0.));
#6445=DIRECTION('',(0.,0.,-1.));
#6446=DIRECTION('',(1.,0.,0.));
#6447=DIRECTION('',(0.,0.,1.));
#6448=DIRECTION('',(0.,-1.,0.));
#6449=DIRECTION('',(0.,0.,-1.));
#6450=DIRECTION('',(0.,-1.,0.));
#6451=DIRECTION('',(0.,0.,1.));
#6452=DIRECTION('',(-1.,0.,0.));
#6453=DIRECTION('',(0.,0.,1.));
#6454=DIRECTION('',(-1.,0.,0.));
#6455=DIRECTION('',(0.,1.,0.));
#6456=DIRECTION('',(0.,0.,1.));
#6457=DIRECTION('',(0.,0.,-1.));
#6458=DIRECTION('',(-1.,0.,0.));
#6459=DIRECTION('',(0.240771706171538,0.481543412343077,-0.842700971600385));
#6460=DIRECTION('',(-0.240771706171538,0.481543412343077,0.842700971600384));
#6461=DIRECTION('',(-0.961523947640823,0.,-0.274721127897378));
#6462=DIRECTION('',(0.,-1.,0.));
#6463=DIRECTION('',(0.240771706171538,0.481543412343077,0.842700971600384));
#6464=DIRECTION('',(0.,0.868243142124459,-0.496138938356834));
#6465=DIRECTION('',(-1.,0.,0.));
#6466=DIRECTION('',(-0.240771706171538,0.481543412343077,-0.842700971600385));
#6467=DIRECTION('',(0.,-0.868243142124459,-0.496138938356834));
#6468=DIRECTION('',(1.,0.,0.));
#6469=DIRECTION('',(0.961523947640823,0.,-0.274721127897378));
#6470=DIRECTION('',(0.,1.,0.));
#6471=DIRECTION('',(-0.240771706171538,0.481543412343076,0.842700971600385));
#6472=DIRECTION('',(0.240771706171538,0.481543412343077,-0.842700971600384));
#6473=DIRECTION('',(-0.961523947640823,0.,-0.274721127897378));
#6474=DIRECTION('',(0.,1.,0.));
#6475=DIRECTION('',(-0.240771706171538,0.481543412343077,-0.842700971600384));
#6476=DIRECTION('',(0.,-0.868243142124459,-0.496138938356834));
#6477=DIRECTION('',(-1.,0.,0.));
#6478=DIRECTION('',(0.240771706171538,0.481543412343077,0.842700971600384));
#6479=DIRECTION('',(-2.44751286243615E-15,0.868243142124459,-0.496138938356834));
#6480=DIRECTION('',(1.,2.81892564846231E-15,0.));
#6481=DIRECTION('',(0.961523947640823,0.,-0.274721127897378));
#6482=DIRECTION('',(0.,-1.,0.));
#6483=DIRECTION('',(0.,1.,0.));
#6484=DIRECTION('',(1.,2.81892564846231E-15,0.));
#6485=DIRECTION('',(0.,-1.,0.));
#6486=DIRECTION('',(-1.,0.,0.));
#6487=DIRECTION('',(0.,0.,1.));
#6488=DIRECTION('',(1.,0.,0.));
#6489=DIRECTION('',(0.,0.,1.));
#6490=DIRECTION('',(-1.,-2.81892564846231E-15,0.));
#6491=DIRECTION('',(0.,0.,1.));
#6492=DIRECTION('',(-2.81892564846231E-15,1.,0.));
#6493=DIRECTION('',(-1.,-2.81892564846231E-15,0.));
#6494=DIRECTION('',(0.,0.,1.));
#6495=DIRECTION('',(0.,1.,0.));
#6496=DIRECTION('',(1.,0.,0.));
#6497=DIRECTION('',(0.,0.,-1.));
#6498=DIRECTION('',(0.,0.,1.));
#6499=DIRECTION('',(1.,0.,0.));
#6500=DIRECTION('',(0.,-1.,0.));
#6501=DIRECTION('',(0.,0.,-1.));
#6502=DIRECTION('',(0.,-1.,0.));
#6503=DIRECTION('',(-1.,0.,0.));
#6504=DIRECTION('',(0.,0.,1.));
#6505=DIRECTION('',(0.,0.,1.));
#6506=DIRECTION('',(0.,0.,1.));
#6507=DIRECTION('',(0.,-1.,0.));
#6508=DIRECTION('',(-1.,0.,0.));
#6509=DIRECTION('',(0.,0.,1.));
#6510=DIRECTION('',(0.,0.,1.));
#6511=DIRECTION('',(1.,0.,0.));
#6512=DIRECTION('',(0.,-1.,0.));
#6513=DIRECTION('',(0.,0.,-1.));
#6514=DIRECTION('',(0.,0.,1.));
#6515=DIRECTION('',(0.,1.,0.));
#6516=DIRECTION('',(1.,0.,0.));
#6517=DIRECTION('',(0.,0.,-1.));
#6518=DIRECTION('',(-1.,-2.81892564846231E-15,0.));
#6519=DIRECTION('',(-2.81892564846231E-15,1.,0.));
#6520=DIRECTION('',(-1.,-2.81892564846231E-15,0.));
#6521=DIRECTION('',(0.,0.,1.));
#6522=DIRECTION('',(1.,0.,0.));
#6523=DIRECTION('',(0.,1.,0.));
#6524=DIRECTION('',(1.,0.,0.));
#6525=DIRECTION('',(0.,-1.,0.));
#6526=DIRECTION('',(-1.,0.,0.));
#6527=DIRECTION('',(0.,0.,-1.));
#6528=DIRECTION('',(-1.,0.,0.));
#6529=DIRECTION('',(0.,0.,1.));
#6530=DIRECTION('',(1.,0.,0.));
#6531=DIRECTION('',(0.,0.,1.));
#6532=DIRECTION('',(0.,1.,0.));
#6533=DIRECTION('',(0.,0.,1.));
#6534=DIRECTION('',(0.,1.,0.));
#6535=DIRECTION('',(0.,0.,1.));
#6536=DIRECTION('',(-1.,0.,0.));
#6537=DIRECTION('',(0.,0.,1.));
#6538=DIRECTION('',(-1.,0.,0.));
#6539=DIRECTION('',(0.,0.,1.));
#6540=DIRECTION('',(0.,-1.,0.));
#6541=DIRECTION('',(0.,0.,-1.));
#6542=DIRECTION('',(0.,-1.,0.));
#6543=DIRECTION('',(1.,0.,0.));
#6544=DIRECTION('',(0.,0.,-1.));
#6545=DIRECTION('',(0.,0.,1.));
#6546=DIRECTION('',(0.,1.,0.));
#6547=DIRECTION('',(0.,0.,1.));
#6548=DIRECTION('',(1.,0.,0.));
#6549=DIRECTION('',(0.,0.,-1.));
#6550=DIRECTION('',(1.,0.,0.));
#6551=DIRECTION('',(0.,0.,1.));
#6552=DIRECTION('',(0.,-1.,0.));
#6553=DIRECTION('',(0.,0.,-1.));
#6554=DIRECTION('',(0.,-1.,0.));
#6555=DIRECTION('',(0.,0.,1.));
#6556=DIRECTION('',(-1.,0.,0.));
#6557=DIRECTION('',(0.,0.,1.));
#6558=DIRECTION('',(-1.,0.,0.));
#6559=DIRECTION('',(0.,1.,0.));
#6560=DIRECTION('',(0.,0.,1.));
#6561=DIRECTION('',(0.,0.,-1.));
#6562=DIRECTION('',(-1.,0.,0.));
#6563=DIRECTION('',(0.240771706171538,0.481543412343077,-0.842700971600385));
#6564=DIRECTION('',(-0.240771706171538,0.481543412343077,0.842700971600384));
#6565=DIRECTION('',(-0.961523947640823,0.,-0.274721127897378));
#6566=DIRECTION('',(0.,-1.,0.));
#6567=DIRECTION('',(0.240771706171538,0.481543412343077,0.842700971600384));
#6568=DIRECTION('',(0.,0.868243142124459,-0.496138938356834));
#6569=DIRECTION('',(-1.,0.,0.));
#6570=DIRECTION('',(-0.240771706171538,0.481543412343077,-0.842700971600384));
#6571=DIRECTION('',(0.,-0.868243142124459,-0.496138938356834));
#6572=DIRECTION('',(1.,0.,0.));
#6573=DIRECTION('',(0.961523947640823,0.,-0.274721127897378));
#6574=DIRECTION('',(0.,1.,0.));
#6575=DIRECTION('',(-0.240771706171538,0.481543412343076,0.842700971600385));
#6576=DIRECTION('',(0.240771706171538,0.481543412343077,-0.842700971600384));
#6577=DIRECTION('',(-0.961523947640823,0.,-0.274721127897378));
#6578=DIRECTION('',(0.,1.,0.));
#6579=DIRECTION('',(-0.240771706171538,0.481543412343077,-0.842700971600384));
#6580=DIRECTION('',(0.,-0.868243142124459,-0.496138938356834));
#6581=DIRECTION('',(-1.,0.,0.));
#6582=DIRECTION('',(0.240771706171538,0.481543412343077,0.842700971600384));
#6583=DIRECTION('',(-2.44751286243615E-15,0.868243142124459,-0.496138938356834));
#6584=DIRECTION('',(1.,2.81892564846231E-15,0.));
#6585=DIRECTION('',(0.961523947640823,0.,-0.274721127897378));
#6586=DIRECTION('',(0.,-1.,0.));
#6587=DIRECTION('',(0.,1.,0.));
#6588=DIRECTION('',(1.,2.81892564846231E-15,0.));
#6589=DIRECTION('',(0.,-1.,0.));
#6590=DIRECTION('',(-1.,0.,0.));
#6591=DIRECTION('',(0.,0.,1.));
#6592=DIRECTION('',(1.,0.,0.));
#6593=DIRECTION('',(0.,0.,1.));
#6594=DIRECTION('',(-1.,-2.81892564846231E-15,0.));
#6595=DIRECTION('',(0.,0.,1.));
#6596=DIRECTION('',(-2.81892564846231E-15,1.,0.));
#6597=DIRECTION('',(-1.,-2.81892564846231E-15,0.));
#6598=DIRECTION('',(0.,0.,1.));
#6599=DIRECTION('',(0.,1.,0.));
#6600=DIRECTION('',(1.,0.,0.));
#6601=DIRECTION('',(0.,0.,-1.));
#6602=DIRECTION('',(0.,0.,1.));
#6603=DIRECTION('',(1.,0.,0.));
#6604=DIRECTION('',(0.,-1.,0.));
#6605=DIRECTION('',(0.,0.,-1.));
#6606=DIRECTION('',(0.,-1.,0.));
#6607=DIRECTION('',(-1.,0.,0.));
#6608=DIRECTION('',(0.,0.,1.));
#6609=DIRECTION('',(0.,0.,1.));
#6610=DIRECTION('',(0.,0.,1.));
#6611=DIRECTION('',(0.,-1.,0.));
#6612=DIRECTION('',(-1.,0.,0.));
#6613=DIRECTION('',(0.,0.,1.));
#6614=DIRECTION('',(0.,0.,1.));
#6615=DIRECTION('',(1.,0.,0.));
#6616=DIRECTION('',(0.,-1.,0.));
#6617=DIRECTION('',(0.,0.,-1.));
#6618=DIRECTION('',(0.,0.,1.));
#6619=DIRECTION('',(0.,1.,0.));
#6620=DIRECTION('',(1.,0.,0.));
#6621=DIRECTION('',(0.,0.,-1.));
#6622=DIRECTION('',(-1.,-2.81892564846231E-15,0.));
#6623=DIRECTION('',(-2.81892564846231E-15,1.,0.));
#6624=DIRECTION('',(-1.,-2.81892564846231E-15,0.));
#6625=DIRECTION('',(0.,0.,1.));
#6626=DIRECTION('',(1.,0.,0.));
#6627=DIRECTION('',(0.,1.,0.));
#6628=DIRECTION('',(1.,0.,0.));
#6629=DIRECTION('',(0.,-1.,0.));
#6630=DIRECTION('',(-1.,0.,0.));
#6631=DIRECTION('',(0.,0.,-1.));
#6632=DIRECTION('',(-1.,0.,0.));
#6633=DIRECTION('',(0.,0.,1.));
#6634=DIRECTION('',(1.,0.,0.));
#6635=DIRECTION('',(0.,0.,1.));
#6636=DIRECTION('',(0.,1.,0.));
#6637=DIRECTION('',(0.,0.,1.));
#6638=DIRECTION('',(0.,1.,0.));
#6639=DIRECTION('',(0.,0.,1.));
#6640=DIRECTION('',(-1.,0.,0.));
#6641=DIRECTION('',(0.,0.,1.));
#6642=DIRECTION('',(-1.,0.,0.));
#6643=DIRECTION('',(0.,0.,1.));
#6644=DIRECTION('',(0.,-1.,0.));
#6645=DIRECTION('',(0.,0.,-1.));
#6646=DIRECTION('',(0.,-1.,0.));
#6647=DIRECTION('',(1.,0.,0.));
#6648=DIRECTION('',(0.,0.,-1.));
#6649=DIRECTION('',(0.,0.,1.));
#6650=DIRECTION('',(0.,1.,0.));
#6651=DIRECTION('',(0.,0.,1.));
#6652=DIRECTION('',(1.,0.,0.));
#6653=DIRECTION('',(0.,0.,-1.));
#6654=DIRECTION('',(1.,0.,0.));
#6655=DIRECTION('',(0.,0.,1.));
#6656=DIRECTION('',(0.,-1.,0.));
#6657=DIRECTION('',(0.,0.,-1.));
#6658=DIRECTION('',(0.,-1.,0.));
#6659=DIRECTION('',(0.,0.,1.));
#6660=DIRECTION('',(-1.,0.,0.));
#6661=DIRECTION('',(0.,0.,1.));
#6662=DIRECTION('',(-1.,0.,0.));
#6663=DIRECTION('',(0.,1.,0.));
#6664=DIRECTION('',(0.,0.,1.));
#6665=DIRECTION('',(0.,0.,-1.));
#6666=DIRECTION('',(-1.,0.,0.));
#6667=DIRECTION('',(0.240771706171539,0.481543412343076,-0.842700971600384));
#6668=DIRECTION('',(-0.240771706171539,0.481543412343077,0.842700971600384));
#6669=DIRECTION('',(-0.961523947640823,0.,-0.274721127897379));
#6670=DIRECTION('',(0.,-1.,0.));
#6671=DIRECTION('',(0.240771706171538,0.481543412343077,0.842700971600384));
#6672=DIRECTION('',(0.,0.868243142124459,-0.496138938356834));
#6673=DIRECTION('',(-1.,0.,0.));
#6674=DIRECTION('',(-0.240771706171538,0.481543412343077,-0.842700971600385));
#6675=DIRECTION('',(0.,-0.868243142124459,-0.496138938356834));
#6676=DIRECTION('',(1.,0.,0.));
#6677=DIRECTION('',(0.961523947640823,0.,-0.274721127897378));
#6678=DIRECTION('',(0.,1.,0.));
#6679=DIRECTION('',(-0.240771706171539,0.481543412343076,0.842700971600385));
#6680=DIRECTION('',(0.240771706171539,0.481543412343077,-0.842700971600384));
#6681=DIRECTION('',(-0.961523947640823,0.,-0.274721127897379));
#6682=DIRECTION('',(0.,1.,0.));
#6683=DIRECTION('',(-0.240771706171538,0.481543412343077,-0.842700971600384));
#6684=DIRECTION('',(0.,-0.868243142124459,-0.496138938356834));
#6685=DIRECTION('',(-1.,0.,0.));
#6686=DIRECTION('',(0.240771706171538,0.481543412343077,0.842700971600384));
#6687=DIRECTION('',(-2.44751286243614E-15,0.868243142124459,-0.496138938356834));
#6688=DIRECTION('',(1.,2.81892564846231E-15,0.));
#6689=DIRECTION('',(0.961523947640823,0.,-0.274721127897378));
#6690=DIRECTION('',(0.,-1.,0.));
#6691=DIRECTION('',(0.,1.,0.));
#6692=DIRECTION('',(1.,2.81892564846231E-15,0.));
#6693=DIRECTION('',(0.,-1.,0.));
#6694=DIRECTION('',(-1.,0.,0.));
#6695=DIRECTION('',(0.,0.,1.));
#6696=DIRECTION('',(1.,0.,0.));
#6697=DIRECTION('',(0.,0.,1.));
#6698=DIRECTION('',(-1.,-2.81892564846231E-15,0.));
#6699=DIRECTION('',(0.,0.,1.));
#6700=DIRECTION('',(-2.81892564846231E-15,1.,0.));
#6701=DIRECTION('',(-1.,-2.81892564846231E-15,0.));
#6702=DIRECTION('',(0.,0.,1.));
#6703=DIRECTION('',(0.,1.,0.));
#6704=DIRECTION('',(1.,0.,0.));
#6705=DIRECTION('',(0.,0.,-1.));
#6706=DIRECTION('',(0.,0.,1.));
#6707=DIRECTION('',(1.,0.,0.));
#6708=DIRECTION('',(0.,-1.,0.));
#6709=DIRECTION('',(0.,0.,-1.));
#6710=DIRECTION('',(0.,-1.,0.));
#6711=DIRECTION('',(-1.,0.,0.));
#6712=DIRECTION('',(0.,0.,1.));
#6713=DIRECTION('',(0.,0.,1.));
#6714=DIRECTION('',(0.,0.,1.));
#6715=DIRECTION('',(0.,-1.,0.));
#6716=DIRECTION('',(-1.,0.,0.));
#6717=DIRECTION('',(0.,0.,1.));
#6718=DIRECTION('',(0.,0.,1.));
#6719=DIRECTION('',(1.,0.,0.));
#6720=DIRECTION('',(0.,-1.,0.));
#6721=DIRECTION('',(0.,0.,-1.));
#6722=DIRECTION('',(0.,0.,1.));
#6723=DIRECTION('',(0.,1.,0.));
#6724=DIRECTION('',(1.,0.,0.));
#6725=DIRECTION('',(0.,0.,-1.));
#6726=DIRECTION('',(-1.,-2.81892564846231E-15,0.));
#6727=DIRECTION('',(-2.81892564846231E-15,1.,0.));
#6728=DIRECTION('',(-1.,-2.81892564846231E-15,0.));
#6729=DIRECTION('',(0.,0.,1.));
#6730=DIRECTION('',(1.,0.,0.));
#6731=DIRECTION('',(0.,1.,0.));
#6732=DIRECTION('',(1.,0.,0.));
#6733=DIRECTION('',(0.,-1.,0.));
#6734=DIRECTION('',(-1.,0.,0.));
#6735=DIRECTION('',(0.,0.,-1.));
#6736=DIRECTION('',(-1.,0.,0.));
#6737=DIRECTION('',(0.,0.,1.));
#6738=DIRECTION('',(1.,0.,0.));
#6739=DIRECTION('',(0.,0.,1.));
#6740=DIRECTION('',(0.,1.,0.));
#6741=DIRECTION('',(0.,0.,1.));
#6742=DIRECTION('',(0.,1.,0.));
#6743=DIRECTION('',(0.,0.,1.));
#6744=DIRECTION('',(-1.,0.,0.));
#6745=DIRECTION('',(0.,0.,1.));
#6746=DIRECTION('',(-1.,0.,0.));
#6747=DIRECTION('',(0.,0.,1.));
#6748=DIRECTION('',(0.,-1.,0.));
#6749=DIRECTION('',(0.,0.,-1.));
#6750=DIRECTION('',(0.,-1.,0.));
#6751=DIRECTION('',(1.,0.,0.));
#6752=DIRECTION('',(0.,0.,-1.));
#6753=DIRECTION('',(0.,0.,1.));
#6754=DIRECTION('',(0.,1.,0.));
#6755=DIRECTION('',(0.,0.,1.));
#6756=DIRECTION('',(1.,0.,0.));
#6757=DIRECTION('',(0.,0.,-1.));
#6758=DIRECTION('',(1.,0.,0.));
#6759=DIRECTION('',(0.,0.,1.));
#6760=DIRECTION('',(0.,-1.,0.));
#6761=DIRECTION('',(0.,0.,-1.));
#6762=DIRECTION('',(0.,-1.,0.));
#6763=DIRECTION('',(0.,0.,1.));
#6764=DIRECTION('',(-1.,0.,0.));
#6765=DIRECTION('',(0.,0.,1.));
#6766=DIRECTION('',(-1.,0.,0.));
#6767=DIRECTION('',(0.,1.,0.));
#6768=DIRECTION('',(0.,0.,1.));
#6769=DIRECTION('',(0.,0.,-1.));
#6770=DIRECTION('',(-1.,0.,0.));
#6771=DIRECTION('',(0.240771706171539,0.481543412343076,-0.842700971600384));
#6772=DIRECTION('',(-0.240771706171539,0.481543412343077,0.842700971600384));
#6773=DIRECTION('',(-0.961523947640823,0.,-0.274721127897379));
#6774=DIRECTION('',(0.,-1.,0.));
#6775=DIRECTION('',(0.240771706171539,0.481543412343077,0.842700971600384));
#6776=DIRECTION('',(0.,0.868243142124459,-0.496138938356834));
#6777=DIRECTION('',(-1.,0.,0.));
#6778=DIRECTION('',(-0.240771706171539,0.481543412343076,-0.842700971600384));
#6779=DIRECTION('',(0.,-0.868243142124459,-0.496138938356834));
#6780=DIRECTION('',(1.,0.,0.));
#6781=DIRECTION('',(0.961523947640823,0.,-0.274721127897379));
#6782=DIRECTION('',(0.,1.,0.));
#6783=DIRECTION('',(-0.240771706171539,0.481543412343076,0.842700971600385));
#6784=DIRECTION('',(0.240771706171539,0.481543412343077,-0.842700971600384));
#6785=DIRECTION('',(-0.961523947640823,0.,-0.274721127897379));
#6786=DIRECTION('',(0.,1.,0.));
#6787=DIRECTION('',(-0.240771706171539,0.481543412343077,-0.842700971600384));
#6788=DIRECTION('',(0.,-0.868243142124459,-0.496138938356834));
#6789=DIRECTION('',(-1.,0.,0.));
#6790=DIRECTION('',(0.240771706171539,0.481543412343077,0.842700971600384));
#6791=DIRECTION('',(-2.44751286243614E-15,0.868243142124459,-0.496138938356834));
#6792=DIRECTION('',(1.,2.81892564846231E-15,0.));
#6793=DIRECTION('',(0.961523947640823,0.,-0.274721127897379));
#6794=DIRECTION('',(0.,-1.,0.));
#6795=DIRECTION('',(0.,-0.866025403784438,0.500000000000001));
#6796=DIRECTION('',(0.,-0.500000000000001,-0.866025403784438));
#6797=DIRECTION('',(-0.450909638480581,-0.446284801983362,0.772987951680997));
#6798=DIRECTION('',(0.,0.866025403784438,0.5));
#6799=DIRECTION('',(0.,-0.5,0.866025403784438));
#6800=DIRECTION('',(0.,0.866025403784438,0.5));
#6801=DIRECTION('',(0.,-0.5,0.866025403784438));
#6802=DIRECTION('',(0.449977042573257,0.449977042573258,-0.77138921583987));
#6803=DIRECTION('',(-0.863778900898434,0.,-0.503871025524086));
#6804=DIRECTION('',(0.,-1.,0.));
#6805=DIRECTION('',(-1.,0.,0.));
#6806=DIRECTION('',(0.,0.863778900898433,0.503871025524086));
#6807=DIRECTION('',(0.,-0.503871025524086,0.863778900898433));
#6808=DIRECTION('',(-1.,0.,0.));
#6809=DIRECTION('',(0.,-0.863778900898432,0.503871025524088));
#6810=DIRECTION('',(0.,-0.503871025524088,-0.863778900898432));
#6811=DIRECTION('',(0.,-1.,-1.31418445149758E-16));
#6812=DIRECTION('',(0.,1.31405303305243E-16,-1.));
#6813=DIRECTION('',(0.,1.,2.71050543121376E-16));
#6814=DIRECTION('',(0.,-2.71050543121376E-16,1.));
#6815=DIRECTION('',(1.,0.,0.));
#6816=DIRECTION('',(0.,0.863778900898433,-0.503871025524086));
#6817=DIRECTION('',(0.,0.503871025524086,0.863778900898433));
#6818=DIRECTION('',(0.,1.,-2.71050543121376E-16));
#6819=DIRECTION('',(0.,2.71050543121376E-16,1.));
#6820=DIRECTION('',(1.,0.,0.));
#6821=DIRECTION('',(0.,-0.863778900898433,-0.503871025524086));
#6822=DIRECTION('',(0.,0.503871025524086,-0.863778900898433));
#6823=DIRECTION('',(0.,-1.,6.57092225748791E-16));
#6824=DIRECTION('',(0.,-6.57026516526216E-16,-1.));
#6825=DIRECTION('',(-0.393919298579168,0.,-0.919145030018058));
#6826=DIRECTION('',(0.,-1.,0.));
#6827=DIRECTION('',(-0.919145030018058,0.,0.393919298579168));
#6828=DIRECTION('',(0.393919298579168,0.,0.919145030018058));
#6829=DIRECTION('',(-0.393919298579168,0.,0.919145030018058));
#6830=DIRECTION('',(0.919145030018058,0.,0.393919298579168));
#6831=DIRECTION('',(0.393919298579168,0.,-0.919145030018058));
#6832=DIRECTION('',(0.,-1.,0.));
#6833=DIRECTION('',(0.,0.,-1.));
#6834=CARTESIAN_POINT('',(0.,0.,0.));
#6835=CARTESIAN_POINT('',(-7.425,2.25,2.5));
#6836=CARTESIAN_POINT('',(-7.425,-2.25,2.5));
#6837=CARTESIAN_POINT('',(-7.425,-1.15,2.5));
#6838=CARTESIAN_POINT('',(-7.425,-1.15,2.5));
#6839=CARTESIAN_POINT('',(-7.425,-1.15,5.8));
#6840=CARTESIAN_POINT('',(-7.425,2.25,5.79999999999999));
#6841=CARTESIAN_POINT('',(-7.425,-2.50358983848622,5.79999999999999));
#6842=CARTESIAN_POINT('',(-7.425,-2.85,6.4));
#6843=CARTESIAN_POINT('',(-7.425,-2.25,5.36076951545868));
#6844=CARTESIAN_POINT('',(-7.425,-2.25,6.4));
#6845=CARTESIAN_POINT('',(-7.425,2.25,6.4));
#6846=CARTESIAN_POINT('',(-7.425,2.25,5.79999999999999));
#6847=CARTESIAN_POINT('',(-7.425,2.50358983848622,5.79999999999999));
#6848=CARTESIAN_POINT('',(-7.425,0.15,5.8));
#6849=CARTESIAN_POINT('',(-7.425,0.15,5.8));
#6850=CARTESIAN_POINT('',(-7.425,0.149999999999999,2.5));
#6851=CARTESIAN_POINT('',(-7.425,2.25,2.5));
#6852=CARTESIAN_POINT('',(-7.425,2.25,2.5));
#6853=CARTESIAN_POINT('',(-7.425,2.25,6.4));
#6854=CARTESIAN_POINT('',(-7.425,2.25,5.36076951545868));
#6855=CARTESIAN_POINT('',(-7.425,2.25,5.36076951545868));
#6856=CARTESIAN_POINT('',(-7.425,2.25,6.4));
#6857=CARTESIAN_POINT('',(-5.4,-3.05,6.4));
#6858=CARTESIAN_POINT('',(-5.4,-3.15,6.4));
#6859=CARTESIAN_POINT('',(-5.4,-3.05,6.39999999999999));
#6860=CARTESIAN_POINT('',(8.325,-3.15,6.39999999999999));
#6861=CARTESIAN_POINT('',(-2.,-3.15,6.4));
#6862=CARTESIAN_POINT('',(-2.,3.28499999999999,6.4));
#6863=CARTESIAN_POINT('',(-2.,-2.85,6.4));
#6864=CARTESIAN_POINT('',(7.425,-2.85,6.4));
#6865=CARTESIAN_POINT('',(-7.775,-2.85,6.39999999999999));
#6866=CARTESIAN_POINT('',(-7.775,3.15,6.39999999999999));
#6867=CARTESIAN_POINT('',(-7.775,-1.49999999999999,6.39999999999999));
#6868=CARTESIAN_POINT('',(0.584999999999985,-1.5,6.4));
#6869=CARTESIAN_POINT('',(-8.325,-1.5,6.4));
#6870=CARTESIAN_POINT('',(-8.325,3.15,6.39999999999999));
#6871=CARTESIAN_POINT('',(-8.325,-3.15,6.39999999999999));
#6872=CARTESIAN_POINT('',(8.325,-3.15,6.39999999999999));
#6873=CARTESIAN_POINT('',(-6.6,-3.15,6.4));
#6874=CARTESIAN_POINT('',(-6.6,-3.05,6.4));
#6875=CARTESIAN_POINT('',(-6.6,-3.05,6.4));
#6876=CARTESIAN_POINT('',(-6.6,-3.05,6.4));
#6877=CARTESIAN_POINT('',(8.325,3.15,6.39999999999999));
#6878=CARTESIAN_POINT('',(-7.85020661157025,0.575206611570244,6.5289256198347));
#6879=CARTESIAN_POINT('',(-7.77500000000001,0.500000000000001,6.4));
#6880=CARTESIAN_POINT('',(-7.37396907233545,2.45308231878772,5.7125184097179));
#6881=CARTESIAN_POINT('',(-7.775,2.85,6.4));
#6882=CARTESIAN_POINT('',(-7.775,3.15,6.39999999999999));
#6883=CARTESIAN_POINT('',(-7.425,2.25,5.79999999999999));
#6884=CARTESIAN_POINT('',(7.425,-0.15,2.5));
#6885=CARTESIAN_POINT('',(7.425,-0.15,2.5));
#6886=CARTESIAN_POINT('',(7.425,-0.150000000000001,5.8));
#6887=CARTESIAN_POINT('',(7.425,-2.25,2.5));
#6888=CARTESIAN_POINT('',(7.425,-2.25,2.5));
#6889=CARTESIAN_POINT('',(7.425,-2.25,6.4));
#6890=CARTESIAN_POINT('',(7.425,-2.25,5.36076951545868));
#6891=CARTESIAN_POINT('',(7.425,-2.85,6.4));
#6892=CARTESIAN_POINT('',(7.425,-2.50358983848622,5.79999999999999));
#6893=CARTESIAN_POINT('',(7.425,-2.25,5.79999999999999));
#6894=CARTESIAN_POINT('',(7.425,-2.25,6.4));
#6895=CARTESIAN_POINT('',(0.584999999999985,0.5,6.4));
#6896=CARTESIAN_POINT('',(-8.325,0.5,6.4));
#6897=CARTESIAN_POINT('',(7.425,2.85,6.4));
#6898=CARTESIAN_POINT('',(7.775,2.85,6.39999999999999));
#6899=CARTESIAN_POINT('',(7.775,3.15,6.39999999999999));
#6900=CARTESIAN_POINT('',(7.775,1.49999999999999,6.39999999999999));
#6901=CARTESIAN_POINT('',(-0.584999999999985,1.5,6.4));
#6902=CARTESIAN_POINT('',(8.325,1.5,6.4));
#6903=CARTESIAN_POINT('',(8.325,3.15,6.39999999999999));
#6904=CARTESIAN_POINT('',(8.325,3.15,6.39999999999999));
#6905=CARTESIAN_POINT('',(8.325,3.15,6.39999999999999));
#6906=CARTESIAN_POINT('',(-8.325,3.15,6.39999999999999));
#6907=CARTESIAN_POINT('',(-8.325,3.15,6.39999999999999));
#6908=CARTESIAN_POINT('',(8.325,3.15,6.39999999999999));
#6909=CARTESIAN_POINT('',(8.325,-0.149999999999999,2.65824688649996E-15));
#6910=CARTESIAN_POINT('',(8.325,-0.15,2.5));
#6911=CARTESIAN_POINT('',(8.325,-0.150000000000001,5.8));
#6912=CARTESIAN_POINT('',(8.325,3.21217616580311,0.0362694300518167));
#6913=CARTESIAN_POINT('',(8.325,-0.500000000000001,6.4));
#6914=CARTESIAN_POINT('',(8.325,3.15,6.39999999999999));
#6915=CARTESIAN_POINT('',(8.325,-3.15,6.39999999999999));
#6916=CARTESIAN_POINT('',(8.325,-3.15,3.5527136788005E-15));
#6917=CARTESIAN_POINT('',(8.325,-3.15,1.7));
#6918=CARTESIAN_POINT('',(8.325,3.15,1.7));
#6919=CARTESIAN_POINT('',(8.325,3.15,1.7));
#6920=CARTESIAN_POINT('',(8.325,3.15,3.5527136788005E-15));
#6921=CARTESIAN_POINT('',(8.325,-0.866580310880831,2.34300518134717));
#6922=CARTESIAN_POINT('',(8.325,1.15,5.8));
#6923=CARTESIAN_POINT('',(8.325,1.15,3.28987678850099E-15));
#6924=CARTESIAN_POINT('',(8.325,1.15,2.5));
#6925=CARTESIAN_POINT('',(8.325,3.15,2.5));
#6926=CARTESIAN_POINT('',(8.325,3.15,3.5527136788005E-15));
#6927=CARTESIAN_POINT('',(7.775,3.15,6.39999999999999));
#6928=CARTESIAN_POINT('',(7.77500000000001,-0.500000000000001,6.4));
#6929=CARTESIAN_POINT('',(7.775,-2.85,6.4));
#6930=CARTESIAN_POINT('',(7.85020661157025,-0.575206611570244,6.5289256198347));
#6931=CARTESIAN_POINT('',(7.37396907233545,-2.45308231878772,5.7125184097179));
#6932=CARTESIAN_POINT('',(7.425,-2.25,5.79999999999999));
#6933=CARTESIAN_POINT('',(7.425,-2.25,5.79999999999999));
#6934=CARTESIAN_POINT('',(7.425,1.15,5.8));
#6935=CARTESIAN_POINT('',(7.425,2.50358983848622,5.79999999999999));
#6936=CARTESIAN_POINT('',(6.73657024793388,0.461570247933873,4.61983471074379));
#6937=CARTESIAN_POINT('',(6.46841553808782,1.55681675862174,4.16014092243625));
#6938=CARTESIAN_POINT('',(7.425,-2.25,5.79999999999999));
#6939=CARTESIAN_POINT('',(7.425,2.25,6.4));
#6940=CARTESIAN_POINT('',(7.425,2.25,2.5));
#6941=CARTESIAN_POINT('',(7.425,2.25,5.36076951545868));
#6942=CARTESIAN_POINT('',(7.425,2.25,5.36076951545868));
#6943=CARTESIAN_POINT('',(7.025,2.25,5.36076951545868));
#6944=CARTESIAN_POINT('',(7.025,2.25,6.4));
#6945=CARTESIAN_POINT('',(7.025,2.25,2.5));
#6946=CARTESIAN_POINT('',(7.425,2.25,2.5));
#6947=CARTESIAN_POINT('',(7.425,2.25,6.4));
#6948=CARTESIAN_POINT('',(-7.025,2.25,6.4));
#6949=CARTESIAN_POINT('',(-7.025,2.25,2.5));
#6950=CARTESIAN_POINT('',(-7.025,2.25,5.36076951545868));
#6951=CARTESIAN_POINT('',(7.425,2.25,5.36076951545868));
#6952=CARTESIAN_POINT('',(-7.025,2.25,2.5));
#6953=CARTESIAN_POINT('',(-7.025,2.25,6.4));
#6954=CARTESIAN_POINT('',(6.4,2.25,-32.21));
#6955=CARTESIAN_POINT('',(6.4,2.25,2.5));
#6956=CARTESIAN_POINT('',(6.4,2.25,5.36076951545868));
#6957=CARTESIAN_POINT('',(7.425,2.25,5.36076951545868));
#6958=CARTESIAN_POINT('',(5.6,2.25,5.36076951545868));
#6959=CARTESIAN_POINT('',(5.6,2.25,-32.21));
#6960=CARTESIAN_POINT('',(5.6,2.25,2.5));
#6961=CARTESIAN_POINT('',(5.6,2.25,2.5));
#6962=CARTESIAN_POINT('',(5.6,2.25,-32.21));
#6963=CARTESIAN_POINT('',(-5.6,2.25,-32.21));
#6964=CARTESIAN_POINT('',(-5.6,2.25,2.5));
#6965=CARTESIAN_POINT('',(-5.6,2.25,5.36076951545868));
#6966=CARTESIAN_POINT('',(7.425,2.25,5.36076951545868));
#6967=CARTESIAN_POINT('',(-6.4,2.25,5.36076951545868));
#6968=CARTESIAN_POINT('',(-6.4,2.25,-32.21));
#6969=CARTESIAN_POINT('',(-6.4,2.25,2.5));
#6970=CARTESIAN_POINT('',(-6.4,2.25,2.5));
#6971=CARTESIAN_POINT('',(-6.4,2.25,-32.21));
#6972=CARTESIAN_POINT('',(0.399999999999999,2.25,-32.21));
#6973=CARTESIAN_POINT('',(0.399999999999999,2.25,2.5));
#6974=CARTESIAN_POINT('',(0.399999999999999,2.25,5.36076951545868));
#6975=CARTESIAN_POINT('',(7.425,2.25,5.36076951545868));
#6976=CARTESIAN_POINT('',(-0.4,2.25,5.36076951545868));
#6977=CARTESIAN_POINT('',(-0.399999999999999,2.25,-32.21));
#6978=CARTESIAN_POINT('',(-0.399999999999999,2.25,2.5));
#6979=CARTESIAN_POINT('',(-0.399999999999999,2.25,2.5));
#6980=CARTESIAN_POINT('',(-0.399999999999999,2.25,-32.21));
#6981=CARTESIAN_POINT('',(-0.399999999999999,2.5,-32.21));
#6982=CARTESIAN_POINT('',(-0.399999999999999,2.5,2.5));
#6983=CARTESIAN_POINT('',(-0.399999999999999,2.5,5.7937822173509));
#6984=CARTESIAN_POINT('',(7.025,2.5,5.7937822173509));
#6985=CARTESIAN_POINT('',(-5.6,2.5,5.7937822173509));
#6986=CARTESIAN_POINT('',(-5.6,2.5,-32.21));
#6987=CARTESIAN_POINT('',(-5.6,2.5,2.5));
#6988=CARTESIAN_POINT('',(7.025,2.5,2.5));
#6989=CARTESIAN_POINT('',(7.025,2.5,6.4));
#6990=CARTESIAN_POINT('',(-6.4,2.5,-32.21));
#6991=CARTESIAN_POINT('',(-6.4,2.5,2.5));
#6992=CARTESIAN_POINT('',(-6.4,2.5,5.79378221735091));
#6993=CARTESIAN_POINT('',(7.025,2.5,5.7937822173509));
#6994=CARTESIAN_POINT('',(-7.025,2.5,5.7937822173509));
#6995=CARTESIAN_POINT('',(-7.025,2.5,6.4));
#6996=CARTESIAN_POINT('',(-7.025,2.5,2.5));
#6997=CARTESIAN_POINT('',(7.025,2.5,2.5));
#6998=CARTESIAN_POINT('',(7.025,2.5,6.4));
#6999=CARTESIAN_POINT('',(5.6,2.5,-32.21));
#7000=CARTESIAN_POINT('',(5.6,2.5,2.5));
#7001=CARTESIAN_POINT('',(5.6,2.5,5.7937822173509));
#7002=CARTESIAN_POINT('',(7.025,2.5,5.7937822173509));
#7003=CARTESIAN_POINT('',(0.399999999999999,2.5,5.7937822173509));
#7004=CARTESIAN_POINT('',(0.399999999999999,2.5,-32.21));
#7005=CARTESIAN_POINT('',(0.399999999999999,2.5,2.5));
#7006=CARTESIAN_POINT('',(7.025,2.5,2.5));
#7007=CARTESIAN_POINT('',(7.025,2.5,6.4));
#7008=CARTESIAN_POINT('',(-3.,-2.5,4.));
#7009=CARTESIAN_POINT('',(-3.,-2.5,4.9));
#7010=CARTESIAN_POINT('',(-3.,-2.5,5.7937822173509));
#7011=CARTESIAN_POINT('',(-7.025,-2.5,5.7937822173509));
#7012=CARTESIAN_POINT('',(-1.22382447072935,-2.5,5.7937822173509));
#7013=CARTESIAN_POINT('',(-2.,-2.5,5.6));
#7014=CARTESIAN_POINT('',(-1.2,-2.5,5.6));
#7015=CARTESIAN_POINT('',(-1.2,-2.5,5.6));
#7016=CARTESIAN_POINT('',(-1.2,-2.5,2.5));
#7017=CARTESIAN_POINT('',(-7.025,-2.5,2.5));
#7018=CARTESIAN_POINT('',(-2.3875,-2.5,2.5));
#7019=CARTESIAN_POINT('',(-2.5,-2.5,4.9));
#7020=CARTESIAN_POINT('',(-2.5,-2.5,4.9));
#7021=CARTESIAN_POINT('',(-3.,-2.5,4.9));
#7022=CARTESIAN_POINT('',(-7.025,-2.5,6.4));
#7023=CARTESIAN_POINT('',(-0.584999999999985,-0.500000000000001,6.4));
#7024=CARTESIAN_POINT('',(7.425,-2.85,6.4));
#7025=CARTESIAN_POINT('',(2.,-2.85,6.4));
#7026=CARTESIAN_POINT('',(2.,3.28499999999999,6.4));
#7027=CARTESIAN_POINT('',(2.,-3.15,6.4));
#7028=CARTESIAN_POINT('',(8.325,-3.15,6.39999999999999));
#7029=CARTESIAN_POINT('',(8.325,3.15,6.39999999999999));
#7030=CARTESIAN_POINT('',(2.,-2.5,5.6));
#7031=CARTESIAN_POINT('',(1.2,-2.5,5.6));
#7032=CARTESIAN_POINT('',(1.22382447072935,-2.5,5.7937822173509));
#7033=CARTESIAN_POINT('',(-7.025,-2.5,5.7937822173509));
#7034=CARTESIAN_POINT('',(3.,-2.5,5.7937822173509));
#7035=CARTESIAN_POINT('',(3.,-2.5,4.));
#7036=CARTESIAN_POINT('',(3.,-2.5,4.9));
#7037=CARTESIAN_POINT('',(3.,-2.5,4.9));
#7038=CARTESIAN_POINT('',(2.5,-2.5,4.9));
#7039=CARTESIAN_POINT('',(2.5,-2.5,4.9));
#7040=CARTESIAN_POINT('',(2.3875,-2.5,2.5));
#7041=CARTESIAN_POINT('',(-7.025,-2.5,2.5));
#7042=CARTESIAN_POINT('',(1.2,-2.5,2.5));
#7043=CARTESIAN_POINT('',(1.2,-2.5,2.5));
#7044=CARTESIAN_POINT('',(-7.025,-2.5,6.4));
#7045=CARTESIAN_POINT('',(-7.025,-2.5,6.4));
#7046=CARTESIAN_POINT('',(-7.025,-2.5,2.5));
#7047=CARTESIAN_POINT('',(-7.025,-2.5,5.7937822173509));
#7048=CARTESIAN_POINT('',(-7.025,-2.5,5.7937822173509));
#7049=CARTESIAN_POINT('',(-5.,-2.5,5.7937822173509));
#7050=CARTESIAN_POINT('',(-5.,-2.5,4.));
#7051=CARTESIAN_POINT('',(-5.,-2.5,4.9));
#7052=CARTESIAN_POINT('',(-5.5,-2.5,4.9));
#7053=CARTESIAN_POINT('',(-5.5,-2.5,4.9));
#7054=CARTESIAN_POINT('',(-5.65,-2.5,1.70000000000001));
#7055=CARTESIAN_POINT('',(-5.6125,-2.5,2.5));
#7056=CARTESIAN_POINT('',(-7.025,-2.5,2.5));
#7057=CARTESIAN_POINT('',(-7.025,-2.5,6.4));
#7058=CARTESIAN_POINT('',(5.,-2.5,4.));
#7059=CARTESIAN_POINT('',(5.,-2.5,4.9));
#7060=CARTESIAN_POINT('',(5.,-2.5,5.7937822173509));
#7061=CARTESIAN_POINT('',(-7.025,-2.5,5.7937822173509));
#7062=CARTESIAN_POINT('',(7.025,-2.5,5.7937822173509));
#7063=CARTESIAN_POINT('',(7.025,-2.5,6.4));
#7064=CARTESIAN_POINT('',(7.025,-2.5,2.5));
#7065=CARTESIAN_POINT('',(-7.025,-2.5,2.5));
#7066=CARTESIAN_POINT('',(5.6125,-2.5,2.5));
#7067=CARTESIAN_POINT('',(5.65,-2.5,1.70000000000001));
#7068=CARTESIAN_POINT('',(5.5,-2.5,4.9));
#7069=CARTESIAN_POINT('',(5.5,-2.5,4.9));
#7070=CARTESIAN_POINT('',(-7.025,-2.5,6.4));
#7071=CARTESIAN_POINT('',(-7.025,-2.25,6.4));
#7072=CARTESIAN_POINT('',(-7.025,-2.25,2.5));
#7073=CARTESIAN_POINT('',(-7.025,-2.25,5.36076951545868));
#7074=CARTESIAN_POINT('',(-7.025,-2.7,6.14019237886467));
#7075=CARTESIAN_POINT('',(-7.025,-2.25,2.5));
#7076=CARTESIAN_POINT('',(-7.025,-2.25,6.4));
#7077=CARTESIAN_POINT('',(7.025,-2.7625,6.24844555433772));
#7078=CARTESIAN_POINT('',(7.025,-2.25,5.36076951545868));
#7079=CARTESIAN_POINT('',(7.025,-2.25,6.4));
#7080=CARTESIAN_POINT('',(7.025,-2.25,2.5));
#7081=CARTESIAN_POINT('',(7.025,-2.5,2.5));
#7082=CARTESIAN_POINT('',(7.025,-2.5,6.4));
#7083=CARTESIAN_POINT('',(7.025,2.7,6.14019237886467));
#7084=CARTESIAN_POINT('',(7.025,2.5,5.7937822173509));
#7085=CARTESIAN_POINT('',(7.025,2.5,6.4));
#7086=CARTESIAN_POINT('',(7.025,2.5,2.5));
#7087=CARTESIAN_POINT('',(7.025,2.25,2.5));
#7088=CARTESIAN_POINT('',(7.025,2.25,6.4));
#7089=CARTESIAN_POINT('',(7.025,2.5,5.7937822173509));
#7090=CARTESIAN_POINT('',(6.4,2.5,5.7937822173509));
#7091=CARTESIAN_POINT('',(6.4,2.5,-32.21));
#7092=CARTESIAN_POINT('',(6.4,2.5,2.5));
#7093=CARTESIAN_POINT('',(7.025,2.5,2.5));
#7094=CARTESIAN_POINT('',(7.025,2.5,6.4));
#7095=CARTESIAN_POINT('',(-7.025,2.7625,6.24844555433772));
#7096=CARTESIAN_POINT('',(-7.025,2.5,2.5));
#7097=CARTESIAN_POINT('',(-7.025,2.5,6.4));
#7098=CARTESIAN_POINT('',(-2.,-2.3881197846483,5.6));
#7099=CARTESIAN_POINT('',(-2.,-3.15,5.6));
#7100=CARTESIAN_POINT('',(-1.2,-3.15,5.6));
#7101=CARTESIAN_POINT('',(-1.2,3.28499999999999,5.6));
#7102=CARTESIAN_POINT('',(-2.,3.28499999999999,5.6));
#7103=CARTESIAN_POINT('',(2.,-2.3881197846483,5.6));
#7104=CARTESIAN_POINT('',(1.2,3.28499999999999,5.6));
#7105=CARTESIAN_POINT('',(1.2,-3.15,5.6));
#7106=CARTESIAN_POINT('',(2.,-3.15,5.6));
#7107=CARTESIAN_POINT('',(2.,3.28499999999999,5.6));
#7108=CARTESIAN_POINT('',(3.,-2.75,6.4));
#7109=CARTESIAN_POINT('',(3.,-2.75,4.9));
#7110=CARTESIAN_POINT('',(3.,-2.75,6.22679491924312));
#7111=CARTESIAN_POINT('',(5.,-2.75,6.22679491924312));
#7112=CARTESIAN_POINT('',(5.,-2.75,6.22679491924312));
#7113=CARTESIAN_POINT('',(5.,-2.75,6.4));
#7114=CARTESIAN_POINT('',(5.,-2.75,4.9));
#7115=CARTESIAN_POINT('',(5.,-2.75,6.4));
#7116=CARTESIAN_POINT('',(5.,-2.75,4.25));
#7117=CARTESIAN_POINT('',(5.,-2.75,4.25));
#7118=CARTESIAN_POINT('',(3.,-2.75,4.25));
#7119=CARTESIAN_POINT('',(3.,-2.75,6.4));
#7120=CARTESIAN_POINT('',(5.,-2.75,6.4));
#7121=CARTESIAN_POINT('',(5.,0.633781292110208,0.365913799607178));
#7122=CARTESIAN_POINT('',(5.,3.285,4.9));
#7123=CARTESIAN_POINT('',(5.,0.,0.));
#7124=CARTESIAN_POINT('',(3.,0.633781292110208,0.365913799607178));
#7125=CARTESIAN_POINT('',(3.,3.285,4.9));
#7126=CARTESIAN_POINT('',(3.,0.,0.));
#7127=CARTESIAN_POINT('',(-5.,0.633781292110208,0.365913799607178));
#7128=CARTESIAN_POINT('',(-5.,-2.75,6.22679491924312));
#7129=CARTESIAN_POINT('',(-5.,-2.75,6.4));
#7130=CARTESIAN_POINT('',(-5.,-2.75,4.9));
#7131=CARTESIAN_POINT('',(-5.,3.285,4.9));
#7132=CARTESIAN_POINT('',(-5.,0.,0.));
#7133=CARTESIAN_POINT('',(-3.,-2.75,6.4));
#7134=CARTESIAN_POINT('',(-3.,-2.75,4.9));
#7135=CARTESIAN_POINT('',(-3.,-2.75,6.22679491924312));
#7136=CARTESIAN_POINT('',(-3.,0.633781292110208,0.365913799607178));
#7137=CARTESIAN_POINT('',(-3.,3.285,4.9));
#7138=CARTESIAN_POINT('',(-3.,0.,0.));
#7139=CARTESIAN_POINT('',(-5.,-2.75,6.22679491924312));
#7140=CARTESIAN_POINT('',(-3.,-2.75,6.4));
#7141=CARTESIAN_POINT('',(-3.,-2.75,4.25));
#7142=CARTESIAN_POINT('',(-5.,-2.75,4.25));
#7143=CARTESIAN_POINT('',(-5.,-2.75,4.25));
#7144=CARTESIAN_POINT('',(-5.,-2.75,6.4));
#7145=CARTESIAN_POINT('',(-5.,-2.75,6.4));
#7146=CARTESIAN_POINT('',(5.6,-13.9561204200586,-22.7090544456622));
#7147=CARTESIAN_POINT('',(5.6,2.5,2.5));
#7148=CARTESIAN_POINT('',(5.6,2.5,-32.21));
#7149=CARTESIAN_POINT('',(6.4,-14.0186204200586,-22.8173076211353));
#7150=CARTESIAN_POINT('',(6.4,2.25,2.5));
#7151=CARTESIAN_POINT('',(6.4,2.25,-32.21));
#7152=CARTESIAN_POINT('',(-6.4,-13.9561204200586,-22.7090544456622));
#7153=CARTESIAN_POINT('',(-6.4,2.5,2.5));
#7154=CARTESIAN_POINT('',(-6.4,2.5,-32.21));
#7155=CARTESIAN_POINT('',(-5.6,-14.0186204200586,-22.8173076211353));
#7156=CARTESIAN_POINT('',(-5.6,2.25,2.5));
#7157=CARTESIAN_POINT('',(-5.6,2.25,-32.21));
#7158=CARTESIAN_POINT('',(-0.399999999999985,-13.9561204200586,-22.7090544456622));
#7159=CARTESIAN_POINT('',(-0.399999999999999,2.5,2.5));
#7160=CARTESIAN_POINT('',(-0.399999999999999,2.5,-32.21));
#7161=CARTESIAN_POINT('',(0.399999999999999,-14.0186204200586,-22.8173076211353));
#7162=CARTESIAN_POINT('',(0.399999999999999,2.25,2.5));
#7163=CARTESIAN_POINT('',(0.399999999999999,2.25,-32.21));
#7164=CARTESIAN_POINT('',(-6.25,0.,2.5));
#7165=CARTESIAN_POINT('',(-6.25,-0.749999999999999,2.5));
#7166=CARTESIAN_POINT('',(-6.25,-1.25,2.5));
#7167=CARTESIAN_POINT('',(2.11419423634668E-15,-0.749999999999981,2.5));
#7168=CARTESIAN_POINT('',(-5.75,-0.749999999999997,2.5));
#7169=CARTESIAN_POINT('',(-5.75,0.,2.5));
#7170=CARTESIAN_POINT('',(-5.75,-1.25,2.5));
#7171=CARTESIAN_POINT('',(0.,-1.25,2.5));
#7172=CARTESIAN_POINT('',(-4.25,0.,2.5));
#7173=CARTESIAN_POINT('',(-4.25,-0.749999999999999,2.5));
#7174=CARTESIAN_POINT('',(-4.25,-1.25,2.5));
#7175=CARTESIAN_POINT('',(2.11419423634669E-15,-0.749999999999987,2.5));
#7176=CARTESIAN_POINT('',(-3.75,-0.749999999999997,2.5));
#7177=CARTESIAN_POINT('',(-3.75,0.,2.5));
#7178=CARTESIAN_POINT('',(-3.75,-1.25,2.5));
#7179=CARTESIAN_POINT('',(0.,-1.25,2.5));
#7180=CARTESIAN_POINT('',(-2.25,0.,2.5));
#7181=CARTESIAN_POINT('',(-2.25,-0.749999999999999,2.5));
#7182=CARTESIAN_POINT('',(-2.25,-1.25,2.5));
#7183=CARTESIAN_POINT('',(2.11419423634671E-15,-0.749999999999992,2.5));
#7184=CARTESIAN_POINT('',(-1.75,-0.749999999999997,2.5));
#7185=CARTESIAN_POINT('',(-1.75,0.,2.5));
#7186=CARTESIAN_POINT('',(-1.75,-1.25,2.5));
#7187=CARTESIAN_POINT('',(0.,-1.25,2.5));
#7188=CARTESIAN_POINT('',(-0.25,0.,2.5));
#7189=CARTESIAN_POINT('',(-0.25,-0.749999999999999,2.5));
#7190=CARTESIAN_POINT('',(-0.25,-1.25,2.5));
#7191=CARTESIAN_POINT('',(2.11419423634673E-15,-0.749999999999998,2.5));
#7192=CARTESIAN_POINT('',(0.25,-0.749999999999997,2.5));
#7193=CARTESIAN_POINT('',(0.25,0.,2.5));
#7194=CARTESIAN_POINT('',(0.25,-1.25,2.5));
#7195=CARTESIAN_POINT('',(0.,-1.25,2.5));
#7196=CARTESIAN_POINT('',(1.75,0.,2.5));
#7197=CARTESIAN_POINT('',(1.75,-0.749999999999999,2.5));
#7198=CARTESIAN_POINT('',(1.75,-1.25,2.5));
#7199=CARTESIAN_POINT('',(2.11419423634674E-15,-0.750000000000004,2.5));
#7200=CARTESIAN_POINT('',(2.25,-0.749999999999997,2.5));
#7201=CARTESIAN_POINT('',(2.25,0.,2.5));
#7202=CARTESIAN_POINT('',(2.25,-1.25,2.5));
#7203=CARTESIAN_POINT('',(0.,-1.25,2.5));
#7204=CARTESIAN_POINT('',(3.75,0.,2.5));
#7205=CARTESIAN_POINT('',(3.75,-0.749999999999999,2.5));
#7206=CARTESIAN_POINT('',(3.75,-1.25,2.5));
#7207=CARTESIAN_POINT('',(2.11419423634676E-15,-0.750000000000009,2.5));
#7208=CARTESIAN_POINT('',(4.25,-0.749999999999997,2.5));
#7209=CARTESIAN_POINT('',(4.25,0.,2.5));
#7210=CARTESIAN_POINT('',(4.25,-1.25,2.5));
#7211=CARTESIAN_POINT('',(0.,-1.25,2.5));
#7212=CARTESIAN_POINT('',(5.75,0.,2.5));
#7213=CARTESIAN_POINT('',(5.75,-0.749999999999999,2.5));
#7214=CARTESIAN_POINT('',(5.75,-1.25,2.5));
#7215=CARTESIAN_POINT('',(2.11419423634677E-15,-0.750000000000015,2.5));
#7216=CARTESIAN_POINT('',(6.25,-0.749999999999997,2.5));
#7217=CARTESIAN_POINT('',(6.25,0.,2.5));
#7218=CARTESIAN_POINT('',(6.25,-1.25,2.5));
#7219=CARTESIAN_POINT('',(0.,-1.25,2.5));
#7220=CARTESIAN_POINT('',(0.,0.750000000000003,2.5));
#7221=CARTESIAN_POINT('',(6.25,0.750000000000003,2.5));
#7222=CARTESIAN_POINT('',(5.75,0.750000000000003,2.5));
#7223=CARTESIAN_POINT('',(5.75,0.,2.5));
#7224=CARTESIAN_POINT('',(5.75,1.25,2.5));
#7225=CARTESIAN_POINT('',(0.,1.25,2.5));
#7226=CARTESIAN_POINT('',(6.25,1.25,2.5));
#7227=CARTESIAN_POINT('',(6.25,0.,2.5));
#7228=CARTESIAN_POINT('',(0.,0.750000000000003,2.5));
#7229=CARTESIAN_POINT('',(4.25,0.750000000000003,2.5));
#7230=CARTESIAN_POINT('',(3.75,0.750000000000003,2.5));
#7231=CARTESIAN_POINT('',(3.75,0.,2.5));
#7232=CARTESIAN_POINT('',(3.75,1.25,2.5));
#7233=CARTESIAN_POINT('',(0.,1.25,2.5));
#7234=CARTESIAN_POINT('',(4.25,1.25,2.5));
#7235=CARTESIAN_POINT('',(4.25,0.,2.5));
#7236=CARTESIAN_POINT('',(0.,0.750000000000003,2.5));
#7237=CARTESIAN_POINT('',(2.25,0.750000000000003,2.5));
#7238=CARTESIAN_POINT('',(1.75,0.750000000000003,2.5));
#7239=CARTESIAN_POINT('',(1.75,0.,2.5));
#7240=CARTESIAN_POINT('',(1.75,1.25,2.5));
#7241=CARTESIAN_POINT('',(0.,1.25,2.5));
#7242=CARTESIAN_POINT('',(2.25,1.25,2.5));
#7243=CARTESIAN_POINT('',(2.25,0.,2.5));
#7244=CARTESIAN_POINT('',(0.,0.750000000000003,2.5));
#7245=CARTESIAN_POINT('',(0.25,0.750000000000003,2.5));
#7246=CARTESIAN_POINT('',(-0.25,0.750000000000003,2.5));
#7247=CARTESIAN_POINT('',(-0.25,0.,2.5));
#7248=CARTESIAN_POINT('',(-0.25,1.25,2.5));
#7249=CARTESIAN_POINT('',(0.,1.25,2.5));
#7250=CARTESIAN_POINT('',(0.25,1.25,2.5));
#7251=CARTESIAN_POINT('',(0.25,0.,2.5));
#7252=CARTESIAN_POINT('',(0.,0.750000000000003,2.5));
#7253=CARTESIAN_POINT('',(-1.75,0.750000000000003,2.5));
#7254=CARTESIAN_POINT('',(-2.25,0.750000000000003,2.5));
#7255=CARTESIAN_POINT('',(-2.25,0.,2.5));
#7256=CARTESIAN_POINT('',(-2.25,1.25,2.5));
#7257=CARTESIAN_POINT('',(0.,1.25,2.5));
#7258=CARTESIAN_POINT('',(-1.75,1.25,2.5));
#7259=CARTESIAN_POINT('',(-1.75,0.,2.5));
#7260=CARTESIAN_POINT('',(0.,0.750000000000003,2.5));
#7261=CARTESIAN_POINT('',(-3.75,0.750000000000003,2.5));
#7262=CARTESIAN_POINT('',(-4.25,0.750000000000003,2.5));
#7263=CARTESIAN_POINT('',(-4.25,0.,2.5));
#7264=CARTESIAN_POINT('',(-4.25,1.25,2.5));
#7265=CARTESIAN_POINT('',(0.,1.25,2.5));
#7266=CARTESIAN_POINT('',(-3.75,1.25,2.5));
#7267=CARTESIAN_POINT('',(-3.75,0.,2.5));
#7268=CARTESIAN_POINT('',(0.,0.750000000000003,2.5));
#7269=CARTESIAN_POINT('',(-5.75,0.750000000000003,2.5));
#7270=CARTESIAN_POINT('',(-6.25,0.750000000000003,2.5));
#7271=CARTESIAN_POINT('',(-6.25,0.,2.5));
#7272=CARTESIAN_POINT('',(-6.25,1.25,2.5));
#7273=CARTESIAN_POINT('',(0.,1.25,2.5));
#7274=CARTESIAN_POINT('',(-5.75,1.25,2.5));
#7275=CARTESIAN_POINT('',(-5.75,0.,2.5));
#7276=CARTESIAN_POINT('',(0.584999999999999,0.149999999999999,2.5));
#7277=CARTESIAN_POINT('',(-8.325,0.149999999999999,2.5));
#7278=CARTESIAN_POINT('',(-8.325,3.15,2.5));
#7279=CARTESIAN_POINT('',(-8.325,-1.15,2.5));
#7280=CARTESIAN_POINT('',(0.584999999999999,-1.15,2.5));
#7281=CARTESIAN_POINT('',(-7.425,-2.25,2.5));
#7282=CARTESIAN_POINT('',(-7.025,-2.5,2.5));
#7283=CARTESIAN_POINT('',(-1.2,3.28499999999999,2.5));
#7284=CARTESIAN_POINT('',(-1.2,-3.15,2.5));
#7285=CARTESIAN_POINT('',(-1.2,-3.15,2.5));
#7286=CARTESIAN_POINT('',(1.2,-3.15,2.5));
#7287=CARTESIAN_POINT('',(1.2,3.28499999999999,2.5));
#7288=CARTESIAN_POINT('',(-7.025,-2.5,2.5));
#7289=CARTESIAN_POINT('',(7.025,-2.25,2.5));
#7290=CARTESIAN_POINT('',(-0.584999999999999,-0.15,2.5));
#7291=CARTESIAN_POINT('',(-0.584999999999999,1.15,2.5));
#7292=CARTESIAN_POINT('',(7.425,1.15,2.5));
#7293=CARTESIAN_POINT('',(7.425,-2.25,2.5));
#7294=CARTESIAN_POINT('',(0.,0.,2.5));
#7295=CARTESIAN_POINT('',(-6.25,3.15,3.5683146110156E-15));
#7296=CARTESIAN_POINT('',(-6.25,-1.25,3.5683146110156E-15));
#7297=CARTESIAN_POINT('',(-6.25,-0.749999999999999,3.5683146110156E-15));
#7298=CARTESIAN_POINT('',(-8.325,-1.25,3.5683146110156E-15));
#7299=CARTESIAN_POINT('',(-5.75,-1.25,3.5683146110156E-15));
#7300=CARTESIAN_POINT('',(-5.75,3.15,3.5683146110156E-15));
#7301=CARTESIAN_POINT('',(-5.75,-0.749999999999997,2.60208521396521E-15));
#7302=CARTESIAN_POINT('',(-8.32499999999999,-0.750000000000005,3.5683146110156E-15));
#7303=CARTESIAN_POINT('',(-4.25,3.15,3.5683146110156E-15));
#7304=CARTESIAN_POINT('',(-4.25,-1.25,3.5683146110156E-15));
#7305=CARTESIAN_POINT('',(-4.25,-0.749999999999999,3.5683146110156E-15));
#7306=CARTESIAN_POINT('',(-8.325,-1.25,3.5683146110156E-15));
#7307=CARTESIAN_POINT('',(-3.75,-1.25,3.5683146110156E-15));
#7308=CARTESIAN_POINT('',(-3.75,3.15,3.5683146110156E-15));
#7309=CARTESIAN_POINT('',(-3.75,-0.749999999999997,2.60208521396521E-15));
#7310=CARTESIAN_POINT('',(-8.32499999999999,-0.75000000000001,3.5683146110156E-15));
#7311=CARTESIAN_POINT('',(-2.25,3.15,3.5683146110156E-15));
#7312=CARTESIAN_POINT('',(-2.25,-1.25,3.5683146110156E-15));
#7313=CARTESIAN_POINT('',(-2.25,-0.749999999999999,3.5683146110156E-15));
#7314=CARTESIAN_POINT('',(-8.325,-1.25,3.5683146110156E-15));
#7315=CARTESIAN_POINT('',(-1.75,-1.25,3.5683146110156E-15));
#7316=CARTESIAN_POINT('',(-1.75,3.15,3.5683146110156E-15));
#7317=CARTESIAN_POINT('',(-1.75,-0.749999999999997,2.60208521396521E-15));
#7318=CARTESIAN_POINT('',(-8.32499999999999,-0.750000000000016,3.5683146110156E-15));
#7319=CARTESIAN_POINT('',(-0.25,3.15,3.5683146110156E-15));
#7320=CARTESIAN_POINT('',(-0.25,-1.25,3.5683146110156E-15));
#7321=CARTESIAN_POINT('',(-0.25,-0.749999999999999,3.5683146110156E-15));
#7322=CARTESIAN_POINT('',(-8.325,-1.25,3.5683146110156E-15));
#7323=CARTESIAN_POINT('',(0.25,-1.25,3.5683146110156E-15));
#7324=CARTESIAN_POINT('',(0.25,3.15,3.5683146110156E-15));
#7325=CARTESIAN_POINT('',(0.25,-0.749999999999997,2.60208521396521E-15));
#7326=CARTESIAN_POINT('',(-8.32499999999999,-0.750000000000022,3.5683146110156E-15));
#7327=CARTESIAN_POINT('',(1.75,3.15,3.5683146110156E-15));
#7328=CARTESIAN_POINT('',(1.75,-1.25,3.5683146110156E-15));
#7329=CARTESIAN_POINT('',(1.75,-0.749999999999999,3.5683146110156E-15));
#7330=CARTESIAN_POINT('',(-8.325,-1.25,3.5683146110156E-15));
#7331=CARTESIAN_POINT('',(2.25,-1.25,3.5683146110156E-15));
#7332=CARTESIAN_POINT('',(2.25,3.15,3.5683146110156E-15));
#7333=CARTESIAN_POINT('',(2.25,-0.749999999999997,2.60208521396521E-15));
#7334=CARTESIAN_POINT('',(-8.32499999999999,-0.750000000000027,3.5683146110156E-15));
#7335=CARTESIAN_POINT('',(3.75,3.15,3.5683146110156E-15));
#7336=CARTESIAN_POINT('',(3.75,-1.25,3.5683146110156E-15));
#7337=CARTESIAN_POINT('',(3.75,-0.749999999999999,3.5683146110156E-15));
#7338=CARTESIAN_POINT('',(-8.325,-1.25,3.5683146110156E-15));
#7339=CARTESIAN_POINT('',(4.25,-1.25,3.5683146110156E-15));
#7340=CARTESIAN_POINT('',(4.25,3.15,3.5683146110156E-15));
#7341=CARTESIAN_POINT('',(4.25,-0.749999999999997,2.60208521396521E-15));
#7342=CARTESIAN_POINT('',(-8.32499999999999,-0.750000000000033,3.5683146110156E-15));
#7343=CARTESIAN_POINT('',(5.75,3.15,3.5683146110156E-15));
#7344=CARTESIAN_POINT('',(5.75,-1.25,3.5683146110156E-15));
#7345=CARTESIAN_POINT('',(5.75,-0.749999999999999,3.5683146110156E-15));
#7346=CARTESIAN_POINT('',(-8.325,-1.25,3.5683146110156E-15));
#7347=CARTESIAN_POINT('',(6.25,-1.25,3.5683146110156E-15));
#7348=CARTESIAN_POINT('',(6.25,3.15,3.5683146110156E-15));
#7349=CARTESIAN_POINT('',(6.25,-0.749999999999997,2.60208521396521E-15));
#7350=CARTESIAN_POINT('',(-8.32499999999999,-0.750000000000038,3.5683146110156E-15));
#7351=CARTESIAN_POINT('',(-7.5,2.,0.));
#7352=CARTESIAN_POINT('',(-7.5,2.,0.));
#7353=CARTESIAN_POINT('',(-7.5,-2.,0.));
#7354=CARTESIAN_POINT('',(7.5,2.,0.));
#7355=CARTESIAN_POINT('',(7.5,2.,3.5683146110156E-15));
#7356=CARTESIAN_POINT('',(7.5,-2.,0.));
#7357=CARTESIAN_POINT('',(7.5,-2.,0.));
#7358=CARTESIAN_POINT('',(-7.5,-2.,0.));
#7359=CARTESIAN_POINT('',(-8.325,1.25,3.5683146110156E-15));
#7360=CARTESIAN_POINT('',(6.25,1.25,2.60208521396521E-15));
#7361=CARTESIAN_POINT('',(5.75,1.25,2.60208521396521E-15));
#7362=CARTESIAN_POINT('',(5.75,3.15,3.5683146110156E-15));
#7363=CARTESIAN_POINT('',(5.75,0.750000000000003,2.60208521396521E-15));
#7364=CARTESIAN_POINT('',(-8.325,0.750000000000003,3.5683146110156E-15));
#7365=CARTESIAN_POINT('',(6.25,0.750000000000003,3.5683146110156E-15));
#7366=CARTESIAN_POINT('',(6.25,3.15,3.5683146110156E-15));
#7367=CARTESIAN_POINT('',(-8.325,1.25,3.5683146110156E-15));
#7368=CARTESIAN_POINT('',(4.25,1.25,2.60208521396521E-15));
#7369=CARTESIAN_POINT('',(3.75,1.25,2.60208521396521E-15));
#7370=CARTESIAN_POINT('',(3.75,3.15,3.5683146110156E-15));
#7371=CARTESIAN_POINT('',(3.75,0.750000000000003,2.60208521396521E-15));
#7372=CARTESIAN_POINT('',(-8.325,0.750000000000003,3.5683146110156E-15));
#7373=CARTESIAN_POINT('',(4.25,0.750000000000003,3.5683146110156E-15));
#7374=CARTESIAN_POINT('',(4.25,3.15,3.5683146110156E-15));
#7375=CARTESIAN_POINT('',(-8.325,1.25,3.5683146110156E-15));
#7376=CARTESIAN_POINT('',(2.25,1.25,2.60208521396521E-15));
#7377=CARTESIAN_POINT('',(1.75,1.25,2.60208521396521E-15));
#7378=CARTESIAN_POINT('',(1.75,3.15,3.5683146110156E-15));
#7379=CARTESIAN_POINT('',(1.75,0.750000000000003,2.60208521396521E-15));
#7380=CARTESIAN_POINT('',(-8.325,0.750000000000003,3.5683146110156E-15));
#7381=CARTESIAN_POINT('',(2.25,0.750000000000003,3.5683146110156E-15));
#7382=CARTESIAN_POINT('',(2.25,3.15,3.5683146110156E-15));
#7383=CARTESIAN_POINT('',(-8.325,1.25,3.5683146110156E-15));
#7384=CARTESIAN_POINT('',(0.25,1.25,2.60208521396521E-15));
#7385=CARTESIAN_POINT('',(-0.25,1.25,2.60208521396521E-15));
#7386=CARTESIAN_POINT('',(-0.25,3.15,3.5683146110156E-15));
#7387=CARTESIAN_POINT('',(-0.25,0.750000000000003,2.60208521396521E-15));
#7388=CARTESIAN_POINT('',(-8.325,0.750000000000003,3.5683146110156E-15));
#7389=CARTESIAN_POINT('',(0.25,0.750000000000003,3.5683146110156E-15));
#7390=CARTESIAN_POINT('',(0.25,3.15,3.5683146110156E-15));
#7391=CARTESIAN_POINT('',(-8.325,1.25,3.5683146110156E-15));
#7392=CARTESIAN_POINT('',(-1.75,1.25,2.60208521396521E-15));
#7393=CARTESIAN_POINT('',(-2.25,1.25,2.60208521396521E-15));
#7394=CARTESIAN_POINT('',(-2.25,3.15,3.5683146110156E-15));
#7395=CARTESIAN_POINT('',(-2.25,0.750000000000003,2.60208521396521E-15));
#7396=CARTESIAN_POINT('',(-8.325,0.750000000000003,3.5683146110156E-15));
#7397=CARTESIAN_POINT('',(-1.75,0.750000000000003,3.5683146110156E-15));
#7398=CARTESIAN_POINT('',(-1.75,3.15,3.5683146110156E-15));
#7399=CARTESIAN_POINT('',(-8.325,1.25,3.5683146110156E-15));
#7400=CARTESIAN_POINT('',(-3.75,1.25,2.60208521396521E-15));
#7401=CARTESIAN_POINT('',(-4.25,1.25,2.60208521396521E-15));
#7402=CARTESIAN_POINT('',(-4.25,3.15,3.5683146110156E-15));
#7403=CARTESIAN_POINT('',(-4.25,0.750000000000003,2.60208521396521E-15));
#7404=CARTESIAN_POINT('',(-8.325,0.750000000000003,3.5683146110156E-15));
#7405=CARTESIAN_POINT('',(-3.75,0.750000000000003,3.5683146110156E-15));
#7406=CARTESIAN_POINT('',(-3.75,3.15,3.5683146110156E-15));
#7407=CARTESIAN_POINT('',(-8.325,1.25,3.5683146110156E-15));
#7408=CARTESIAN_POINT('',(-5.75,1.25,2.60208521396521E-15));
#7409=CARTESIAN_POINT('',(-6.25,1.25,2.60208521396521E-15));
#7410=CARTESIAN_POINT('',(-6.25,3.15,3.5683146110156E-15));
#7411=CARTESIAN_POINT('',(-6.25,0.750000000000003,2.60208521396521E-15));
#7412=CARTESIAN_POINT('',(-8.325,0.750000000000003,3.5683146110156E-15));
#7413=CARTESIAN_POINT('',(-5.75,0.750000000000003,3.5683146110156E-15));
#7414=CARTESIAN_POINT('',(-5.75,3.15,3.5683146110156E-15));
#7415=CARTESIAN_POINT('',(-8.325,3.15,3.5683146110156E-15));
#7416=CARTESIAN_POINT('',(-5.,-2.5,4.9));
#7417=CARTESIAN_POINT('',(-5.,-2.5,3.7));
#7418=CARTESIAN_POINT('',(-5.,-2.5,4.));
#7419=CARTESIAN_POINT('',(-5.,-2.5,4.));
#7420=CARTESIAN_POINT('',(-3.,-2.5,4.));
#7421=CARTESIAN_POINT('',(-3.,-2.5,3.7));
#7422=CARTESIAN_POINT('',(-3.,-2.5,3.7));
#7423=CARTESIAN_POINT('',(-5.,-2.5,3.7));
#7424=CARTESIAN_POINT('',(-7.025,-2.5,6.4));
#7425=CARTESIAN_POINT('',(-5.,3.285,4.9));
#7426=CARTESIAN_POINT('',(-5.,-3.15,4.9));
#7427=CARTESIAN_POINT('',(-5.,-2.75,4.25));
#7428=CARTESIAN_POINT('',(-5.,3.285,3.7));
#7429=CARTESIAN_POINT('',(-5.,-3.15,3.7));
#7430=CARTESIAN_POINT('',(-5.,-3.15,4.9));
#7431=CARTESIAN_POINT('',(-5.,3.285,4.9));
#7432=CARTESIAN_POINT('',(-5.4,-3.15,6.4));
#7433=CARTESIAN_POINT('',(-6.,-3.15,5.));
#7434=CARTESIAN_POINT('',(-6.,-3.15,5.));
#7435=CARTESIAN_POINT('',(-8.325,-3.15,6.39999999999999));
#7436=CARTESIAN_POINT('',(-8.325,-3.15,1.7));
#7437=CARTESIAN_POINT('',(8.325,-3.15,1.7));
#7438=CARTESIAN_POINT('',(-5.65,-3.15,1.70000000000001));
#7439=CARTESIAN_POINT('',(-5.65,-3.15,1.70000000000001));
#7440=CARTESIAN_POINT('',(-5.5,-3.15,4.9));
#7441=CARTESIAN_POINT('',(-5.5,-3.15,4.9));
#7442=CARTESIAN_POINT('',(-5.,-3.15,3.7));
#7443=CARTESIAN_POINT('',(-3.,-3.15,3.7));
#7444=CARTESIAN_POINT('',(-3.,-3.15,3.7));
#7445=CARTESIAN_POINT('',(-3.,-3.15,4.9));
#7446=CARTESIAN_POINT('',(-3.,-3.15,4.9));
#7447=CARTESIAN_POINT('',(-2.5,-3.15,4.9));
#7448=CARTESIAN_POINT('',(-2.5,-3.15,4.9));
#7449=CARTESIAN_POINT('',(-2.35,-3.15,1.70000000000001));
#7450=CARTESIAN_POINT('',(8.325,-3.15,1.7));
#7451=CARTESIAN_POINT('',(2.35,-3.15,1.70000000000001));
#7452=CARTESIAN_POINT('',(2.5,-3.15,4.9));
#7453=CARTESIAN_POINT('',(2.5,-3.15,4.9));
#7454=CARTESIAN_POINT('',(3.,-3.15,4.9));
#7455=CARTESIAN_POINT('',(3.,-3.15,4.9));
#7456=CARTESIAN_POINT('',(3.,-3.15,3.7));
#7457=CARTESIAN_POINT('',(3.,-3.15,3.7));
#7458=CARTESIAN_POINT('',(5.,-3.15,3.7));
#7459=CARTESIAN_POINT('',(5.,-3.15,3.7));
#7460=CARTESIAN_POINT('',(5.,-3.15,4.9));
#7461=CARTESIAN_POINT('',(5.,-3.15,4.9));
#7462=CARTESIAN_POINT('',(5.5,-3.15,4.9));
#7463=CARTESIAN_POINT('',(5.5,-3.15,4.9));
#7464=CARTESIAN_POINT('',(5.65,-3.15,1.70000000000001));
#7465=CARTESIAN_POINT('',(5.65,-3.15,1.70000000000001));
#7466=CARTESIAN_POINT('',(8.325,-3.15,1.7));
#7467=CARTESIAN_POINT('',(1.2,-3.15,2.5));
#7468=CARTESIAN_POINT('',(-1.2,-3.15,5.6));
#7469=CARTESIAN_POINT('',(0.,-3.15,0.));
#7470=CARTESIAN_POINT('',(3.,-2.5,3.7));
#7471=CARTESIAN_POINT('',(3.,-2.5,4.));
#7472=CARTESIAN_POINT('',(3.,-2.5,3.7));
#7473=CARTESIAN_POINT('',(5.,-2.5,4.));
#7474=CARTESIAN_POINT('',(5.,-2.5,4.));
#7475=CARTESIAN_POINT('',(5.,-2.5,4.9));
#7476=CARTESIAN_POINT('',(5.,-2.5,3.7));
#7477=CARTESIAN_POINT('',(5.,-2.5,3.7));
#7478=CARTESIAN_POINT('',(-7.025,-2.5,6.4));
#7479=CARTESIAN_POINT('',(2.35,3.285,1.70000000000001));
#7480=CARTESIAN_POINT('',(2.35,-2.5,1.70000000000001));
#7481=CARTESIAN_POINT('',(-2.35,3.285,1.70000000000001));
#7482=CARTESIAN_POINT('',(-2.35,-2.5,1.70000000000001));
#7483=CARTESIAN_POINT('',(-2.35,-2.5,1.70000000000001));
#7484=CARTESIAN_POINT('',(-5.65,-2.5,1.7));
#7485=CARTESIAN_POINT('',(-5.65,3.285,1.70000000000001));
#7486=CARTESIAN_POINT('',(-8.325,-3.15,1.7));
#7487=CARTESIAN_POINT('',(-8.325,3.15,1.7));
#7488=CARTESIAN_POINT('',(-8.325,3.15,1.7));
#7489=CARTESIAN_POINT('',(5.65,3.285,1.70000000000001));
#7490=CARTESIAN_POINT('',(5.65,-2.5,1.70000000000001));
#7491=CARTESIAN_POINT('',(2.35,-2.5,1.70000000000001));
#7492=CARTESIAN_POINT('',(-7.5,2.,1.7));
#7493=CARTESIAN_POINT('',(-7.5,-2.,1.7));
#7494=CARTESIAN_POINT('',(-7.5,2.,1.7));
#7495=CARTESIAN_POINT('',(-7.5,-2.,1.7));
#7496=CARTESIAN_POINT('',(7.5,-2.,1.7));
#7497=CARTESIAN_POINT('',(7.5,-2.,1.7));
#7498=CARTESIAN_POINT('',(7.5,2.,1.7));
#7499=CARTESIAN_POINT('',(7.5,2.,1.7));
#7500=CARTESIAN_POINT('',(0.,0.,1.7));
#7501=CARTESIAN_POINT('',(-8.325,3.15,6.39999999999999));
#7502=CARTESIAN_POINT('',(0.,3.15,0.));
#7503=CARTESIAN_POINT('',(-8.325,1.17279792746114,7.55336787564766));
#7504=CARTESIAN_POINT('',(-8.325,0.15,5.8));
#7505=CARTESIAN_POINT('',(-8.325,-0.319430051813467,4.3761658031088));
#7506=CARTESIAN_POINT('',(-8.325,-1.15,5.8));
#7507=CARTESIAN_POINT('',(-8.325,-1.15,6.39999999999999));
#7508=CARTESIAN_POINT('',(-8.325,0.15,6.39999999999999));
#7509=CARTESIAN_POINT('',(-8.325,3.15,6.39999999999999));
#7510=CARTESIAN_POINT('',(7.425,-2.25,5.36076951545868));
#7511=CARTESIAN_POINT('',(-7.425,-2.25,6.4));
#7512=CARTESIAN_POINT('',(7.425,-2.25,5.36076951545868));
#7513=CARTESIAN_POINT('',(7.025,-2.25,6.4));
#7514=CARTESIAN_POINT('',(7.425,1.15,5.8));
#7515=CARTESIAN_POINT('',(7.425,2.25,5.36076951545868));
#7516=CARTESIAN_POINT('',(7.425,-2.25,6.4));
#7517=CARTESIAN_POINT('',(-7.5,-2.,1.7));
#7518=CARTESIAN_POINT('',(-7.5,2.,1.7));
#7519=CARTESIAN_POINT('',(-7.5,2.,1.7));
#7520=CARTESIAN_POINT('',(7.5,-2.,1.7));
#7521=CARTESIAN_POINT('',(-7.5,-2.,1.7));
#7522=CARTESIAN_POINT('',(7.5,2.,1.7));
#7523=CARTESIAN_POINT('',(7.5,-2.,1.7));
#7524=CARTESIAN_POINT('',(7.5,2.,1.7));
#7525=CARTESIAN_POINT('',(-1.2,3.28499999999999,5.6));
#7526=CARTESIAN_POINT('',(1.2,3.28499999999999,2.5));
#7527=CARTESIAN_POINT('',(-5.65,-2.5,1.70000000000001));
#7528=CARTESIAN_POINT('',(-2.5,-2.5,4.9));
#7529=CARTESIAN_POINT('',(-7.025,-2.5,6.4));
#7530=CARTESIAN_POINT('',(-2.5,3.285,4.9));
#7531=CARTESIAN_POINT('',(-2.5,3.285,4.9));
#7532=CARTESIAN_POINT('',(-5.5,3.285,4.9));
#7533=CARTESIAN_POINT('',(-5.65,3.285,1.70000000000001));
#7534=CARTESIAN_POINT('',(-5.5,3.285,4.9));
#7535=CARTESIAN_POINT('',(-3.,3.285,3.7));
#7536=CARTESIAN_POINT('',(-5.,3.285,3.7));
#7537=CARTESIAN_POINT('',(-3.,3.285,4.9));
#7538=CARTESIAN_POINT('',(-3.,-2.75,4.25));
#7539=CARTESIAN_POINT('',(-3.,3.285,3.7));
#7540=CARTESIAN_POINT('',(-3.,3.285,4.9));
#7541=CARTESIAN_POINT('',(3.,-2.75,4.25));
#7542=CARTESIAN_POINT('',(5.,-2.75,4.25));
#7543=CARTESIAN_POINT('',(5.,-2.75,4.25));
#7544=CARTESIAN_POINT('',(3.,3.285,3.7));
#7545=CARTESIAN_POINT('',(3.,3.285,4.9));
#7546=CARTESIAN_POINT('',(3.,3.285,3.7));
#7547=CARTESIAN_POINT('',(2.5,-2.5,4.9));
#7548=CARTESIAN_POINT('',(5.65,-2.5,1.70000000000001));
#7549=CARTESIAN_POINT('',(7.025,-2.5,6.4));
#7550=CARTESIAN_POINT('',(5.5,3.285,4.9));
#7551=CARTESIAN_POINT('',(5.65,3.285,1.70000000000001));
#7552=CARTESIAN_POINT('',(5.,3.285,4.9));
#7553=CARTESIAN_POINT('',(5.5,3.285,4.9));
#7554=CARTESIAN_POINT('',(5.,3.285,3.7));
#7555=CARTESIAN_POINT('',(5.,3.285,4.9));
#7556=CARTESIAN_POINT('',(5.,3.285,3.7));
#7557=CARTESIAN_POINT('',(2.5,3.285,4.9));
#7558=CARTESIAN_POINT('',(2.5,3.285,4.9));
#7559=CARTESIAN_POINT('',(3.,3.285,4.9));
#7560=CARTESIAN_POINT('',(-5.,-2.75,4.25));
#7561=CARTESIAN_POINT('',(5.85,-0.749999999999999,-2.5));
#7562=CARTESIAN_POINT('',(5.85,-1.05,-2.5));
#7563=CARTESIAN_POINT('',(5.85,-0.949999999999998,-2.5));
#7564=CARTESIAN_POINT('',(6.25,-0.949999999999997,-2.5));
#7565=CARTESIAN_POINT('',(6.15,-0.949999999999997,-2.5));
#7566=CARTESIAN_POINT('',(6.15,-1.25,-2.5));
#7567=CARTESIAN_POINT('',(6.15,-1.05,-2.5));
#7568=CARTESIAN_POINT('',(5.75,-1.05,-2.5));
#7569=CARTESIAN_POINT('',(0.,0.,-2.5));
#7570=CARTESIAN_POINT('',(6.25,-0.749999999999997,-2.5));
#7571=CARTESIAN_POINT('',(6.25,-0.749999999999997,-2.15));
#7572=CARTESIAN_POINT('',(5.75,-0.749999999999999,-2.15));
#7573=CARTESIAN_POINT('',(5.75,-0.749999999999999,-2.15));
#7574=CARTESIAN_POINT('',(5.75,-0.749999999999999,-2.5));
#7575=CARTESIAN_POINT('',(6.25,-0.749999999999997,-2.5));
#7576=CARTESIAN_POINT('',(6.25,-1.25,-2.5));
#7577=CARTESIAN_POINT('',(6.25,-1.25,-2.15));
#7578=CARTESIAN_POINT('',(6.25,-0.749999999999997,-2.15));
#7579=CARTESIAN_POINT('',(6.25,-1.25,-2.5));
#7580=CARTESIAN_POINT('',(5.75,-1.25,-2.5));
#7581=CARTESIAN_POINT('',(5.75,-1.25,-2.15));
#7582=CARTESIAN_POINT('',(6.25,-1.25,-2.15));
#7583=CARTESIAN_POINT('',(5.75,-1.25,-2.5));
#7584=CARTESIAN_POINT('',(5.75,-1.25,-2.15));
#7585=CARTESIAN_POINT('',(5.75,-0.749999999999999,-2.5));
#7586=CARTESIAN_POINT('',(5.75,-0.749999999999999,-2.5));
#7587=CARTESIAN_POINT('',(5.75,-0.749999999999999,6.1));
#7588=CARTESIAN_POINT('',(5.75,-1.25,-2.5));
#7589=CARTESIAN_POINT('',(5.75,-1.25,6.1));
#7590=CARTESIAN_POINT('',(5.75,-0.749999999999999,6.1));
#7591=CARTESIAN_POINT('',(5.75,-0.749999999999999,-2.5));
#7592=CARTESIAN_POINT('',(6.25,-1.25,-2.5));
#7593=CARTESIAN_POINT('',(6.25,-1.25,6.1));
#7594=CARTESIAN_POINT('',(5.75,-1.25,6.1));
#7595=CARTESIAN_POINT('',(5.75,-1.25,-2.5));
#7596=CARTESIAN_POINT('',(6.25,-0.749999999999997,-2.5));
#7597=CARTESIAN_POINT('',(6.25,-0.749999999999997,6.1));
#7598=CARTESIAN_POINT('',(6.25,-1.25,6.1));
#7599=CARTESIAN_POINT('',(6.25,-1.25,-2.5));
#7600=CARTESIAN_POINT('',(6.25,-0.749999999999997,6.1));
#7601=CARTESIAN_POINT('',(6.25,-0.749999999999997,-2.5));
#7602=CARTESIAN_POINT('',(0.,0.,6.1));
#7603=CARTESIAN_POINT('',(5.85,1.25,-2.5));
#7604=CARTESIAN_POINT('',(5.85,0.950000000000003,-2.5));
#7605=CARTESIAN_POINT('',(5.85,1.05,-2.5));
#7606=CARTESIAN_POINT('',(6.25,1.05,-2.5));
#7607=CARTESIAN_POINT('',(6.15,1.05,-2.5));
#7608=CARTESIAN_POINT('',(6.15,0.750000000000003,-2.5));
#7609=CARTESIAN_POINT('',(6.15,0.950000000000003,-2.5));
#7610=CARTESIAN_POINT('',(5.75,0.950000000000003,-2.5));
#7611=CARTESIAN_POINT('',(0.,0.,-2.5));
#7612=CARTESIAN_POINT('',(5.75,0.750000000000003,-2.5));
#7613=CARTESIAN_POINT('',(5.75,0.750000000000003,-2.15));
#7614=CARTESIAN_POINT('',(6.25,0.750000000000003,-2.15));
#7615=CARTESIAN_POINT('',(6.25,0.750000000000003,-2.15));
#7616=CARTESIAN_POINT('',(6.25,0.750000000000003,-2.5));
#7617=CARTESIAN_POINT('',(6.25,0.750000000000003,-2.5));
#7618=CARTESIAN_POINT('',(6.25,1.25,-2.15));
#7619=CARTESIAN_POINT('',(6.25,1.25,-2.15));
#7620=CARTESIAN_POINT('',(6.25,1.25,-2.5));
#7621=CARTESIAN_POINT('',(6.25,1.25,-2.5));
#7622=CARTESIAN_POINT('',(5.75,1.25,-2.15));
#7623=CARTESIAN_POINT('',(5.75,1.25,-2.15));
#7624=CARTESIAN_POINT('',(5.75,1.25,-2.5));
#7625=CARTESIAN_POINT('',(5.75,1.25,-2.5));
#7626=CARTESIAN_POINT('',(5.75,0.750000000000003,-2.15));
#7627=CARTESIAN_POINT('',(5.75,0.750000000000003,-2.5));
#7628=CARTESIAN_POINT('',(5.75,0.750000000000003,-2.5));
#7629=CARTESIAN_POINT('',(5.75,0.750000000000003,6.1));
#7630=CARTESIAN_POINT('',(5.75,0.750000000000003,6.1));
#7631=CARTESIAN_POINT('',(5.75,1.25,6.1));
#7632=CARTESIAN_POINT('',(5.75,1.25,-2.5));
#7633=CARTESIAN_POINT('',(5.75,0.750000000000003,-2.5));
#7634=CARTESIAN_POINT('',(5.75,1.25,6.1));
#7635=CARTESIAN_POINT('',(6.25,1.25,6.1));
#7636=CARTESIAN_POINT('',(6.25,1.25,-2.5));
#7637=CARTESIAN_POINT('',(5.75,1.25,-2.5));
#7638=CARTESIAN_POINT('',(6.25,1.25,6.1));
#7639=CARTESIAN_POINT('',(6.25,0.750000000000003,6.1));
#7640=CARTESIAN_POINT('',(6.25,0.750000000000003,-2.5));
#7641=CARTESIAN_POINT('',(6.25,1.25,-2.5));
#7642=CARTESIAN_POINT('',(6.25,0.750000000000003,6.1));
#7643=CARTESIAN_POINT('',(6.25,0.750000000000003,-2.5));
#7644=CARTESIAN_POINT('',(0.,0.,6.1));
#7645=CARTESIAN_POINT('',(5.51086956521739,0.271739130434784,-1.31304347826087));
#7646=CARTESIAN_POINT('',(5.51086956521739,1.72826086956522,-1.31304347826087));
#7647=CARTESIAN_POINT('',(5.85,0.,-2.5));
#7648=CARTESIAN_POINT('',(5.79347826086956,0.336956521739131,-3.74782608695652));
#7649=CARTESIAN_POINT('',(0.,1.05,-2.5));
#7650=CARTESIAN_POINT('',(5.79347826086956,1.66304347826087,-3.74782608695653));
#7651=CARTESIAN_POINT('',(0.,0.950000000000003,-2.5));
#7652=CARTESIAN_POINT('',(6.15,0.,-2.5));
#7653=CARTESIAN_POINT('',(5.77898550724638,-0.807971014492752,-2.25144927536232));
#7654=CARTESIAN_POINT('',(5.75,-1.25,-2.15));
#7655=CARTESIAN_POINT('',(5.75,-0.749999999999999,-2.15));
#7656=CARTESIAN_POINT('',(6.22101449275362,-1.19202898550724,-2.25144927536232));
#7657=CARTESIAN_POINT('',(5.75,-1.25,-2.15));
#7658=CARTESIAN_POINT('',(6.25,-0.749999999999997,-2.15));
#7659=CARTESIAN_POINT('',(6.25,-0.749999999999997,-2.15));
#7660=CARTESIAN_POINT('',(6.25,-1.25,-2.15));
#7661=CARTESIAN_POINT('',(3.85,-0.749999999999999,-2.5));
#7662=CARTESIAN_POINT('',(3.85,-1.05,-2.5));
#7663=CARTESIAN_POINT('',(3.85,-0.949999999999998,-2.5));
#7664=CARTESIAN_POINT('',(4.25,-0.949999999999997,-2.5));
#7665=CARTESIAN_POINT('',(4.15,-0.949999999999997,-2.5));
#7666=CARTESIAN_POINT('',(4.15,-1.25,-2.5));
#7667=CARTESIAN_POINT('',(4.15,-1.05,-2.5));
#7668=CARTESIAN_POINT('',(3.75,-1.05,-2.5));
#7669=CARTESIAN_POINT('',(0.,0.,-2.5));
#7670=CARTESIAN_POINT('',(4.25,-0.749999999999997,-2.5));
#7671=CARTESIAN_POINT('',(4.25,-0.749999999999997,-2.15));
#7672=CARTESIAN_POINT('',(3.75,-0.749999999999999,-2.15));
#7673=CARTESIAN_POINT('',(3.75,-0.749999999999999,-2.15));
#7674=CARTESIAN_POINT('',(3.75,-0.749999999999999,-2.5));
#7675=CARTESIAN_POINT('',(4.25,-0.749999999999997,-2.5));
#7676=CARTESIAN_POINT('',(4.25,-1.25,-2.5));
#7677=CARTESIAN_POINT('',(4.25,-1.25,-2.15));
#7678=CARTESIAN_POINT('',(4.25,-0.749999999999997,-2.15));
#7679=CARTESIAN_POINT('',(4.25,-1.25,-2.5));
#7680=CARTESIAN_POINT('',(3.75,-1.25,-2.5));
#7681=CARTESIAN_POINT('',(3.75,-1.25,-2.15));
#7682=CARTESIAN_POINT('',(4.25,-1.25,-2.15));
#7683=CARTESIAN_POINT('',(3.75,-1.25,-2.5));
#7684=CARTESIAN_POINT('',(3.75,-1.25,-2.15));
#7685=CARTESIAN_POINT('',(3.75,-0.749999999999999,-2.5));
#7686=CARTESIAN_POINT('',(3.75,-0.749999999999999,-2.5));
#7687=CARTESIAN_POINT('',(3.75,-0.749999999999999,6.1));
#7688=CARTESIAN_POINT('',(3.75,-1.25,-2.5));
#7689=CARTESIAN_POINT('',(3.75,-1.25,6.1));
#7690=CARTESIAN_POINT('',(3.75,-0.749999999999999,6.1));
#7691=CARTESIAN_POINT('',(3.75,-0.749999999999999,-2.5));
#7692=CARTESIAN_POINT('',(4.25,-1.25,-2.5));
#7693=CARTESIAN_POINT('',(4.25,-1.25,6.1));
#7694=CARTESIAN_POINT('',(3.75,-1.25,6.1));
#7695=CARTESIAN_POINT('',(3.75,-1.25,-2.5));
#7696=CARTESIAN_POINT('',(4.25,-0.749999999999997,-2.5));
#7697=CARTESIAN_POINT('',(4.25,-0.749999999999997,6.1));
#7698=CARTESIAN_POINT('',(4.25,-1.25,6.1));
#7699=CARTESIAN_POINT('',(4.25,-1.25,-2.5));
#7700=CARTESIAN_POINT('',(4.25,-0.749999999999997,6.1));
#7701=CARTESIAN_POINT('',(4.25,-0.749999999999997,-2.5));
#7702=CARTESIAN_POINT('',(0.,0.,6.1));
#7703=CARTESIAN_POINT('',(3.85,1.25,-2.5));
#7704=CARTESIAN_POINT('',(3.85,0.950000000000003,-2.5));
#7705=CARTESIAN_POINT('',(3.85,1.05,-2.5));
#7706=CARTESIAN_POINT('',(4.25,1.05,-2.5));
#7707=CARTESIAN_POINT('',(4.15,1.05,-2.5));
#7708=CARTESIAN_POINT('',(4.15,0.750000000000003,-2.5));
#7709=CARTESIAN_POINT('',(4.15,0.950000000000003,-2.5));
#7710=CARTESIAN_POINT('',(3.75,0.950000000000003,-2.5));
#7711=CARTESIAN_POINT('',(0.,0.,-2.5));
#7712=CARTESIAN_POINT('',(3.75,0.750000000000003,-2.5));
#7713=CARTESIAN_POINT('',(3.75,0.750000000000003,-2.15));
#7714=CARTESIAN_POINT('',(4.25,0.750000000000003,-2.15));
#7715=CARTESIAN_POINT('',(4.25,0.750000000000003,-2.15));
#7716=CARTESIAN_POINT('',(4.25,0.750000000000003,-2.5));
#7717=CARTESIAN_POINT('',(4.25,0.750000000000003,-2.5));
#7718=CARTESIAN_POINT('',(4.25,1.25,-2.15));
#7719=CARTESIAN_POINT('',(4.25,1.25,-2.15));
#7720=CARTESIAN_POINT('',(4.25,1.25,-2.5));
#7721=CARTESIAN_POINT('',(4.25,1.25,-2.5));
#7722=CARTESIAN_POINT('',(3.75,1.25,-2.15));
#7723=CARTESIAN_POINT('',(3.75,1.25,-2.15));
#7724=CARTESIAN_POINT('',(3.75,1.25,-2.5));
#7725=CARTESIAN_POINT('',(3.75,1.25,-2.5));
#7726=CARTESIAN_POINT('',(3.75,0.750000000000003,-2.15));
#7727=CARTESIAN_POINT('',(3.75,0.750000000000003,-2.5));
#7728=CARTESIAN_POINT('',(3.75,0.750000000000003,-2.5));
#7729=CARTESIAN_POINT('',(3.75,0.750000000000003,6.1));
#7730=CARTESIAN_POINT('',(3.75,0.750000000000003,6.1));
#7731=CARTESIAN_POINT('',(3.75,1.25,6.1));
#7732=CARTESIAN_POINT('',(3.75,1.25,-2.5));
#7733=CARTESIAN_POINT('',(3.75,0.750000000000003,-2.5));
#7734=CARTESIAN_POINT('',(3.75,1.25,6.1));
#7735=CARTESIAN_POINT('',(4.25,1.25,6.1));
#7736=CARTESIAN_POINT('',(4.25,1.25,-2.5));
#7737=CARTESIAN_POINT('',(3.75,1.25,-2.5));
#7738=CARTESIAN_POINT('',(4.25,1.25,6.1));
#7739=CARTESIAN_POINT('',(4.25,0.750000000000003,6.1));
#7740=CARTESIAN_POINT('',(4.25,0.750000000000003,-2.5));
#7741=CARTESIAN_POINT('',(4.25,1.25,-2.5));
#7742=CARTESIAN_POINT('',(4.25,0.750000000000003,6.1));
#7743=CARTESIAN_POINT('',(4.25,0.750000000000003,-2.5));
#7744=CARTESIAN_POINT('',(0.,0.,6.1));
#7745=CARTESIAN_POINT('',(3.6268115942029,0.503623188405801,-1.71884057971015));
#7746=CARTESIAN_POINT('',(3.6268115942029,1.4963768115942,-1.71884057971015));
#7747=CARTESIAN_POINT('',(3.85,0.,-2.5));
#7748=CARTESIAN_POINT('',(3.90942028985507,0.568840579710146,-3.34202898550725));
#7749=CARTESIAN_POINT('',(0.,1.05,-2.5));
#7750=CARTESIAN_POINT('',(3.90942028985507,1.43115942028986,-3.34202898550725));
#7751=CARTESIAN_POINT('',(0.,0.950000000000003,-2.5));
#7752=CARTESIAN_POINT('',(4.15,0.,-2.5));
#7753=CARTESIAN_POINT('',(3.77898550724638,-0.807971014492752,-2.25144927536232));
#7754=CARTESIAN_POINT('',(3.75,-1.25,-2.15));
#7755=CARTESIAN_POINT('',(3.75,-0.749999999999999,-2.15));
#7756=CARTESIAN_POINT('',(4.22101449275362,-1.19202898550724,-2.25144927536232));
#7757=CARTESIAN_POINT('',(3.75,-1.25,-2.15));
#7758=CARTESIAN_POINT('',(4.25,-0.749999999999997,-2.15));
#7759=CARTESIAN_POINT('',(4.25,-0.749999999999997,-2.15));
#7760=CARTESIAN_POINT('',(4.25,-1.25,-2.15));
#7761=CARTESIAN_POINT('',(1.85,-0.749999999999999,-2.5));
#7762=CARTESIAN_POINT('',(1.85,-1.05,-2.5));
#7763=CARTESIAN_POINT('',(1.85,-0.949999999999998,-2.5));
#7764=CARTESIAN_POINT('',(2.25,-0.949999999999997,-2.5));
#7765=CARTESIAN_POINT('',(2.15,-0.949999999999998,-2.5));
#7766=CARTESIAN_POINT('',(2.15,-1.25,-2.5));
#7767=CARTESIAN_POINT('',(2.15,-1.05,-2.5));
#7768=CARTESIAN_POINT('',(1.75,-1.05,-2.5));
#7769=CARTESIAN_POINT('',(0.,0.,-2.5));
#7770=CARTESIAN_POINT('',(2.25,-0.749999999999997,-2.5));
#7771=CARTESIAN_POINT('',(2.25,-0.749999999999997,-2.15));
#7772=CARTESIAN_POINT('',(1.75,-0.749999999999999,-2.15));
#7773=CARTESIAN_POINT('',(1.75,-0.749999999999999,-2.15));
#7774=CARTESIAN_POINT('',(1.75,-0.749999999999999,-2.5));
#7775=CARTESIAN_POINT('',(2.25,-0.749999999999997,-2.5));
#7776=CARTESIAN_POINT('',(2.25,-1.25,-2.5));
#7777=CARTESIAN_POINT('',(2.25,-1.25,-2.15));
#7778=CARTESIAN_POINT('',(2.25,-0.749999999999997,-2.15));
#7779=CARTESIAN_POINT('',(2.25,-1.25,-2.5));
#7780=CARTESIAN_POINT('',(1.75,-1.25,-2.5));
#7781=CARTESIAN_POINT('',(1.75,-1.25,-2.15));
#7782=CARTESIAN_POINT('',(2.25,-1.25,-2.15));
#7783=CARTESIAN_POINT('',(1.75,-1.25,-2.5));
#7784=CARTESIAN_POINT('',(1.75,-1.25,-2.15));
#7785=CARTESIAN_POINT('',(1.75,-0.749999999999999,-2.5));
#7786=CARTESIAN_POINT('',(1.75,-0.749999999999999,-2.5));
#7787=CARTESIAN_POINT('',(1.75,-0.749999999999999,6.1));
#7788=CARTESIAN_POINT('',(1.75,-1.25,-2.5));
#7789=CARTESIAN_POINT('',(1.75,-1.25,6.1));
#7790=CARTESIAN_POINT('',(1.75,-0.749999999999999,6.1));
#7791=CARTESIAN_POINT('',(1.75,-0.749999999999999,-2.5));
#7792=CARTESIAN_POINT('',(2.25,-1.25,-2.5));
#7793=CARTESIAN_POINT('',(2.25,-1.25,6.1));
#7794=CARTESIAN_POINT('',(1.75,-1.25,6.1));
#7795=CARTESIAN_POINT('',(1.75,-1.25,-2.5));
#7796=CARTESIAN_POINT('',(2.25,-0.749999999999997,-2.5));
#7797=CARTESIAN_POINT('',(2.25,-0.749999999999997,6.1));
#7798=CARTESIAN_POINT('',(2.25,-1.25,6.1));
#7799=CARTESIAN_POINT('',(2.25,-1.25,-2.5));
#7800=CARTESIAN_POINT('',(2.25,-0.749999999999997,6.1));
#7801=CARTESIAN_POINT('',(2.25,-0.749999999999997,-2.5));
#7802=CARTESIAN_POINT('',(0.,0.,6.1));
#7803=CARTESIAN_POINT('',(1.85,1.25,-2.5));
#7804=CARTESIAN_POINT('',(1.85,0.950000000000003,-2.5));
#7805=CARTESIAN_POINT('',(1.85,1.05,-2.5));
#7806=CARTESIAN_POINT('',(2.25,1.05,-2.5));
#7807=CARTESIAN_POINT('',(2.15,1.05,-2.5));
#7808=CARTESIAN_POINT('',(2.15,0.750000000000003,-2.5));
#7809=CARTESIAN_POINT('',(2.15,0.950000000000003,-2.5));
#7810=CARTESIAN_POINT('',(1.75,0.950000000000003,-2.5));
#7811=CARTESIAN_POINT('',(0.,0.,-2.5));
#7812=CARTESIAN_POINT('',(1.75,0.750000000000003,-2.5));
#7813=CARTESIAN_POINT('',(1.75,0.750000000000003,-2.15));
#7814=CARTESIAN_POINT('',(2.25,0.750000000000003,-2.15));
#7815=CARTESIAN_POINT('',(2.25,0.750000000000003,-2.15));
#7816=CARTESIAN_POINT('',(2.25,0.750000000000003,-2.5));
#7817=CARTESIAN_POINT('',(2.25,0.750000000000003,-2.5));
#7818=CARTESIAN_POINT('',(2.25,1.25,-2.15));
#7819=CARTESIAN_POINT('',(2.25,1.25,-2.15));
#7820=CARTESIAN_POINT('',(2.25,1.25,-2.5));
#7821=CARTESIAN_POINT('',(2.25,1.25,-2.5));
#7822=CARTESIAN_POINT('',(1.75,1.25,-2.15));
#7823=CARTESIAN_POINT('',(1.75,1.25,-2.15));
#7824=CARTESIAN_POINT('',(1.75,1.25,-2.5));
#7825=CARTESIAN_POINT('',(1.75,1.25,-2.5));
#7826=CARTESIAN_POINT('',(1.75,0.750000000000003,-2.15));
#7827=CARTESIAN_POINT('',(1.75,0.750000000000003,-2.5));
#7828=CARTESIAN_POINT('',(1.75,0.750000000000003,-2.5));
#7829=CARTESIAN_POINT('',(1.75,0.750000000000003,6.1));
#7830=CARTESIAN_POINT('',(1.75,0.750000000000003,6.1));
#7831=CARTESIAN_POINT('',(1.75,1.25,6.1));
#7832=CARTESIAN_POINT('',(1.75,1.25,-2.5));
#7833=CARTESIAN_POINT('',(1.75,0.750000000000003,-2.5));
#7834=CARTESIAN_POINT('',(1.75,1.25,6.1));
#7835=CARTESIAN_POINT('',(2.25,1.25,6.1));
#7836=CARTESIAN_POINT('',(2.25,1.25,-2.5));
#7837=CARTESIAN_POINT('',(1.75,1.25,-2.5));
#7838=CARTESIAN_POINT('',(2.25,1.25,6.1));
#7839=CARTESIAN_POINT('',(2.25,0.750000000000003,6.1));
#7840=CARTESIAN_POINT('',(2.25,0.750000000000003,-2.5));
#7841=CARTESIAN_POINT('',(2.25,1.25,-2.5));
#7842=CARTESIAN_POINT('',(2.25,0.750000000000003,6.1));
#7843=CARTESIAN_POINT('',(2.25,0.750000000000003,-2.5));
#7844=CARTESIAN_POINT('',(0.,0.,6.1));
#7845=CARTESIAN_POINT('',(1.74275362318841,0.735507246376814,-2.12463768115942));
#7846=CARTESIAN_POINT('',(1.74275362318841,1.26449275362319,-2.12463768115942));
#7847=CARTESIAN_POINT('',(1.85,0.,-2.5));
#7848=CARTESIAN_POINT('',(2.02536231884058,0.800724637681162,-2.93623188405797));
#7849=CARTESIAN_POINT('',(0.,1.05,-2.5));
#7850=CARTESIAN_POINT('',(2.02536231884058,1.19927536231884,-2.93623188405797));
#7851=CARTESIAN_POINT('',(0.,0.950000000000003,-2.5));
#7852=CARTESIAN_POINT('',(2.15,0.,-2.5));
#7853=CARTESIAN_POINT('',(1.77898550724638,-0.807971014492752,-2.25144927536232));
#7854=CARTESIAN_POINT('',(1.75,-1.25,-2.15));
#7855=CARTESIAN_POINT('',(1.75,-0.749999999999999,-2.15));
#7856=CARTESIAN_POINT('',(2.22101449275362,-1.19202898550724,-2.25144927536232));
#7857=CARTESIAN_POINT('',(1.75,-1.25,-2.15));
#7858=CARTESIAN_POINT('',(2.25,-0.749999999999997,-2.15));
#7859=CARTESIAN_POINT('',(2.25,-0.749999999999997,-2.15));
#7860=CARTESIAN_POINT('',(2.25,-1.25,-2.15));
#7861=CARTESIAN_POINT('',(-0.15,-0.749999999999999,-2.5));
#7862=CARTESIAN_POINT('',(-0.15,-1.05,-2.5));
#7863=CARTESIAN_POINT('',(-0.15,-0.949999999999998,-2.5));
#7864=CARTESIAN_POINT('',(0.250000000000001,-0.949999999999997,-2.5));
#7865=CARTESIAN_POINT('',(0.15,-0.949999999999998,-2.5));
#7866=CARTESIAN_POINT('',(0.15,-1.25,-2.5));
#7867=CARTESIAN_POINT('',(0.15,-1.05,-2.5));
#7868=CARTESIAN_POINT('',(-0.25,-1.05,-2.5));
#7869=CARTESIAN_POINT('',(0.,0.,-2.5));
#7870=CARTESIAN_POINT('',(0.25,-0.749999999999997,-2.5));
#7871=CARTESIAN_POINT('',(0.25,-0.749999999999997,-2.15));
#7872=CARTESIAN_POINT('',(-0.25,-0.749999999999999,-2.15));
#7873=CARTESIAN_POINT('',(-0.25,-0.749999999999999,-2.15));
#7874=CARTESIAN_POINT('',(-0.25,-0.749999999999999,-2.5));
#7875=CARTESIAN_POINT('',(0.25,-0.749999999999997,-2.5));
#7876=CARTESIAN_POINT('',(0.25,-1.25,-2.5));
#7877=CARTESIAN_POINT('',(0.25,-1.25,-2.15));
#7878=CARTESIAN_POINT('',(0.25,-0.749999999999997,-2.15));
#7879=CARTESIAN_POINT('',(0.25,-1.25,-2.5));
#7880=CARTESIAN_POINT('',(-0.25,-1.25,-2.5));
#7881=CARTESIAN_POINT('',(-0.25,-1.25,-2.15));
#7882=CARTESIAN_POINT('',(0.25,-1.25,-2.15));
#7883=CARTESIAN_POINT('',(-0.25,-1.25,-2.5));
#7884=CARTESIAN_POINT('',(-0.25,-1.25,-2.15));
#7885=CARTESIAN_POINT('',(-0.25,-0.749999999999999,-2.5));
#7886=CARTESIAN_POINT('',(-0.25,-0.749999999999999,-2.5));
#7887=CARTESIAN_POINT('',(-0.25,-0.749999999999999,6.1));
#7888=CARTESIAN_POINT('',(-0.25,-1.25,-2.5));
#7889=CARTESIAN_POINT('',(-0.25,-1.25,6.1));
#7890=CARTESIAN_POINT('',(-0.25,-0.749999999999999,6.1));
#7891=CARTESIAN_POINT('',(-0.25,-0.749999999999999,-2.5));
#7892=CARTESIAN_POINT('',(0.25,-1.25,-2.5));
#7893=CARTESIAN_POINT('',(0.25,-1.25,6.1));
#7894=CARTESIAN_POINT('',(-0.25,-1.25,6.1));
#7895=CARTESIAN_POINT('',(-0.25,-1.25,-2.5));
#7896=CARTESIAN_POINT('',(0.25,-0.749999999999997,-2.5));
#7897=CARTESIAN_POINT('',(0.25,-0.749999999999997,6.1));
#7898=CARTESIAN_POINT('',(0.25,-1.25,6.1));
#7899=CARTESIAN_POINT('',(0.25,-1.25,-2.5));
#7900=CARTESIAN_POINT('',(0.25,-0.749999999999997,6.1));
#7901=CARTESIAN_POINT('',(0.25,-0.749999999999997,-2.5));
#7902=CARTESIAN_POINT('',(0.,0.,6.1));
#7903=CARTESIAN_POINT('',(-0.15,1.25,-2.5));
#7904=CARTESIAN_POINT('',(-0.15,0.950000000000003,-2.5));
#7905=CARTESIAN_POINT('',(-0.15,1.05,-2.5));
#7906=CARTESIAN_POINT('',(0.25,1.05,-2.5));
#7907=CARTESIAN_POINT('',(0.15,1.05,-2.5));
#7908=CARTESIAN_POINT('',(0.15,0.750000000000003,-2.5));
#7909=CARTESIAN_POINT('',(0.15,0.950000000000003,-2.5));
#7910=CARTESIAN_POINT('',(-0.25,0.950000000000003,-2.5));
#7911=CARTESIAN_POINT('',(0.,0.,-2.5));
#7912=CARTESIAN_POINT('',(-0.25,0.750000000000003,-2.5));
#7913=CARTESIAN_POINT('',(-0.25,0.750000000000003,-2.15));
#7914=CARTESIAN_POINT('',(0.25,0.750000000000003,-2.15));
#7915=CARTESIAN_POINT('',(0.25,0.750000000000003,-2.15));
#7916=CARTESIAN_POINT('',(0.25,0.750000000000003,-2.5));
#7917=CARTESIAN_POINT('',(0.25,0.750000000000003,-2.5));
#7918=CARTESIAN_POINT('',(0.25,1.25,-2.15));
#7919=CARTESIAN_POINT('',(0.25,1.25,-2.15));
#7920=CARTESIAN_POINT('',(0.25,1.25,-2.5));
#7921=CARTESIAN_POINT('',(0.25,1.25,-2.5));
#7922=CARTESIAN_POINT('',(-0.25,1.25,-2.15));
#7923=CARTESIAN_POINT('',(-0.25,1.25,-2.15));
#7924=CARTESIAN_POINT('',(-0.25,1.25,-2.5));
#7925=CARTESIAN_POINT('',(-0.25,1.25,-2.5));
#7926=CARTESIAN_POINT('',(-0.25,0.750000000000003,-2.15));
#7927=CARTESIAN_POINT('',(-0.25,0.750000000000003,-2.5));
#7928=CARTESIAN_POINT('',(-0.25,0.750000000000003,-2.5));
#7929=CARTESIAN_POINT('',(-0.25,0.750000000000003,6.1));
#7930=CARTESIAN_POINT('',(-0.25,0.750000000000003,6.1));
#7931=CARTESIAN_POINT('',(-0.25,1.25,6.1));
#7932=CARTESIAN_POINT('',(-0.25,1.25,-2.5));
#7933=CARTESIAN_POINT('',(-0.25,0.750000000000003,-2.5));
#7934=CARTESIAN_POINT('',(-0.25,1.25,6.1));
#7935=CARTESIAN_POINT('',(0.25,1.25,6.1));
#7936=CARTESIAN_POINT('',(0.25,1.25,-2.5));
#7937=CARTESIAN_POINT('',(-0.25,1.25,-2.5));
#7938=CARTESIAN_POINT('',(0.25,1.25,6.1));
#7939=CARTESIAN_POINT('',(0.25,0.750000000000003,6.1));
#7940=CARTESIAN_POINT('',(0.25,0.750000000000003,-2.5));
#7941=CARTESIAN_POINT('',(0.25,1.25,-2.5));
#7942=CARTESIAN_POINT('',(0.25,0.750000000000003,6.1));
#7943=CARTESIAN_POINT('',(0.25,0.750000000000003,-2.5));
#7944=CARTESIAN_POINT('',(0.,0.,6.1));
#7945=CARTESIAN_POINT('',(-0.141304347826087,0.967391304347829,-2.5304347826087));
#7946=CARTESIAN_POINT('',(-0.141304347826087,1.03260869565218,-2.5304347826087));
#7947=CARTESIAN_POINT('',(-0.15,0.,-2.5));
#7948=CARTESIAN_POINT('',(0.141304347826087,1.03260869565218,-2.5304347826087));
#7949=CARTESIAN_POINT('',(0.,1.05,-2.5));
#7950=CARTESIAN_POINT('',(0.141304347826087,0.967391304347829,-2.5304347826087));
#7951=CARTESIAN_POINT('',(0.,0.950000000000003,-2.5));
#7952=CARTESIAN_POINT('',(0.15,0.,-2.5));
#7953=CARTESIAN_POINT('',(-0.221014492753623,-0.807971014492752,-2.25144927536232));
#7954=CARTESIAN_POINT('',(-0.25,-1.25,-2.15));
#7955=CARTESIAN_POINT('',(-0.25,-0.749999999999999,-2.15));
#7956=CARTESIAN_POINT('',(0.221014492753623,-1.19202898550724,-2.25144927536232));
#7957=CARTESIAN_POINT('',(-0.25,-1.25,-2.15));
#7958=CARTESIAN_POINT('',(0.25,-0.749999999999997,-2.15));
#7959=CARTESIAN_POINT('',(0.25,-0.749999999999997,-2.15));
#7960=CARTESIAN_POINT('',(0.25,-1.25,-2.15));
#7961=CARTESIAN_POINT('',(-2.15,-0.749999999999999,-2.5));
#7962=CARTESIAN_POINT('',(-2.15,-1.05,-2.5));
#7963=CARTESIAN_POINT('',(-2.15,-0.949999999999998,-2.5));
#7964=CARTESIAN_POINT('',(-1.75,-0.949999999999997,-2.5));
#7965=CARTESIAN_POINT('',(-1.85,-0.949999999999998,-2.5));
#7966=CARTESIAN_POINT('',(-1.85,-1.25,-2.5));
#7967=CARTESIAN_POINT('',(-1.85,-1.05,-2.5));
#7968=CARTESIAN_POINT('',(-2.25,-1.05,-2.5));
#7969=CARTESIAN_POINT('',(0.,0.,-2.5));
#7970=CARTESIAN_POINT('',(-1.75,-0.749999999999997,-2.5));
#7971=CARTESIAN_POINT('',(-1.75,-0.749999999999997,-2.15));
#7972=CARTESIAN_POINT('',(-2.25,-0.749999999999999,-2.15));
#7973=CARTESIAN_POINT('',(-2.25,-0.749999999999999,-2.15));
#7974=CARTESIAN_POINT('',(-2.25,-0.749999999999999,-2.5));
#7975=CARTESIAN_POINT('',(-1.75,-0.749999999999997,-2.5));
#7976=CARTESIAN_POINT('',(-1.75,-1.25,-2.5));
#7977=CARTESIAN_POINT('',(-1.75,-1.25,-2.15));
#7978=CARTESIAN_POINT('',(-1.75,-0.749999999999997,-2.15));
#7979=CARTESIAN_POINT('',(-1.75,-1.25,-2.5));
#7980=CARTESIAN_POINT('',(-2.25,-1.25,-2.5));
#7981=CARTESIAN_POINT('',(-2.25,-1.25,-2.15));
#7982=CARTESIAN_POINT('',(-1.75,-1.25,-2.15));
#7983=CARTESIAN_POINT('',(-2.25,-1.25,-2.5));
#7984=CARTESIAN_POINT('',(-2.25,-1.25,-2.15));
#7985=CARTESIAN_POINT('',(-2.25,-0.749999999999999,-2.5));
#7986=CARTESIAN_POINT('',(-2.25,-0.749999999999999,-2.5));
#7987=CARTESIAN_POINT('',(-2.25,-0.749999999999999,6.1));
#7988=CARTESIAN_POINT('',(-2.25,-1.25,-2.5));
#7989=CARTESIAN_POINT('',(-2.25,-1.25,6.1));
#7990=CARTESIAN_POINT('',(-2.25,-0.749999999999999,6.1));
#7991=CARTESIAN_POINT('',(-2.25,-0.749999999999999,-2.5));
#7992=CARTESIAN_POINT('',(-1.75,-1.25,-2.5));
#7993=CARTESIAN_POINT('',(-1.75,-1.25,6.1));
#7994=CARTESIAN_POINT('',(-2.25,-1.25,6.1));
#7995=CARTESIAN_POINT('',(-2.25,-1.25,-2.5));
#7996=CARTESIAN_POINT('',(-1.75,-0.749999999999997,-2.5));
#7997=CARTESIAN_POINT('',(-1.75,-0.749999999999997,6.1));
#7998=CARTESIAN_POINT('',(-1.75,-1.25,6.1));
#7999=CARTESIAN_POINT('',(-1.75,-1.25,-2.5));
#8000=CARTESIAN_POINT('',(-1.75,-0.749999999999997,6.1));
#8001=CARTESIAN_POINT('',(-1.75,-0.749999999999997,-2.5));
#8002=CARTESIAN_POINT('',(0.,0.,6.1));
#8003=CARTESIAN_POINT('',(-2.15,1.25,-2.5));
#8004=CARTESIAN_POINT('',(-2.15,0.950000000000003,-2.5));
#8005=CARTESIAN_POINT('',(-2.15,1.05,-2.5));
#8006=CARTESIAN_POINT('',(-1.75,1.05,-2.5));
#8007=CARTESIAN_POINT('',(-1.85,1.05,-2.5));
#8008=CARTESIAN_POINT('',(-1.85,0.750000000000003,-2.5));
#8009=CARTESIAN_POINT('',(-1.85,0.950000000000003,-2.5));
#8010=CARTESIAN_POINT('',(-2.25,0.950000000000003,-2.5));
#8011=CARTESIAN_POINT('',(0.,0.,-2.5));
#8012=CARTESIAN_POINT('',(-2.25,0.750000000000003,-2.5));
#8013=CARTESIAN_POINT('',(-2.25,0.750000000000003,-2.15));
#8014=CARTESIAN_POINT('',(-1.75,0.750000000000003,-2.15));
#8015=CARTESIAN_POINT('',(-1.75,0.750000000000003,-2.15));
#8016=CARTESIAN_POINT('',(-1.75,0.750000000000003,-2.5));
#8017=CARTESIAN_POINT('',(-1.75,0.750000000000003,-2.5));
#8018=CARTESIAN_POINT('',(-1.75,1.25,-2.15));
#8019=CARTESIAN_POINT('',(-1.75,1.25,-2.15));
#8020=CARTESIAN_POINT('',(-1.75,1.25,-2.5));
#8021=CARTESIAN_POINT('',(-1.75,1.25,-2.5));
#8022=CARTESIAN_POINT('',(-2.25,1.25,-2.15));
#8023=CARTESIAN_POINT('',(-2.25,1.25,-2.15));
#8024=CARTESIAN_POINT('',(-2.25,1.25,-2.5));
#8025=CARTESIAN_POINT('',(-2.25,1.25,-2.5));
#8026=CARTESIAN_POINT('',(-2.25,0.750000000000003,-2.15));
#8027=CARTESIAN_POINT('',(-2.25,0.750000000000003,-2.5));
#8028=CARTESIAN_POINT('',(-2.25,0.750000000000003,-2.5));
#8029=CARTESIAN_POINT('',(-2.25,0.750000000000003,6.1));
#8030=CARTESIAN_POINT('',(-2.25,0.750000000000003,6.1));
#8031=CARTESIAN_POINT('',(-2.25,1.25,6.1));
#8032=CARTESIAN_POINT('',(-2.25,1.25,-2.5));
#8033=CARTESIAN_POINT('',(-2.25,0.750000000000003,-2.5));
#8034=CARTESIAN_POINT('',(-2.25,1.25,6.1));
#8035=CARTESIAN_POINT('',(-1.75,1.25,6.1));
#8036=CARTESIAN_POINT('',(-1.75,1.25,-2.5));
#8037=CARTESIAN_POINT('',(-2.25,1.25,-2.5));
#8038=CARTESIAN_POINT('',(-1.75,1.25,6.1));
#8039=CARTESIAN_POINT('',(-1.75,0.750000000000003,6.1));
#8040=CARTESIAN_POINT('',(-1.75,0.750000000000003,-2.5));
#8041=CARTESIAN_POINT('',(-1.75,1.25,-2.5));
#8042=CARTESIAN_POINT('',(-1.75,0.750000000000003,6.1));
#8043=CARTESIAN_POINT('',(-1.75,0.750000000000003,-2.5));
#8044=CARTESIAN_POINT('',(0.,0.,6.1));
#8045=CARTESIAN_POINT('',(-2.02536231884058,1.19927536231884,-2.93623188405797));
#8046=CARTESIAN_POINT('',(-2.02536231884058,0.800724637681162,-2.93623188405797));
#8047=CARTESIAN_POINT('',(-2.15,0.,-2.5));
#8048=CARTESIAN_POINT('',(-1.74275362318841,1.26449275362319,-2.12463768115942));
#8049=CARTESIAN_POINT('',(0.,1.05,-2.5));
#8050=CARTESIAN_POINT('',(-1.74275362318841,0.735507246376814,-2.12463768115942));
#8051=CARTESIAN_POINT('',(0.,0.950000000000003,-2.5));
#8052=CARTESIAN_POINT('',(-1.85,0.,-2.5));
#8053=CARTESIAN_POINT('',(-2.22101449275362,-0.807971014492752,-2.25144927536232));
#8054=CARTESIAN_POINT('',(-2.25,-1.25,-2.15));
#8055=CARTESIAN_POINT('',(-2.25,-0.749999999999999,-2.15));
#8056=CARTESIAN_POINT('',(-1.77898550724638,-1.19202898550724,-2.25144927536232));
#8057=CARTESIAN_POINT('',(-2.25,-1.25,-2.15));
#8058=CARTESIAN_POINT('',(-1.75,-0.749999999999997,-2.15));
#8059=CARTESIAN_POINT('',(-1.75,-0.749999999999997,-2.15));
#8060=CARTESIAN_POINT('',(-1.75,-1.25,-2.15));
#8061=CARTESIAN_POINT('',(-4.15,-0.749999999999999,-2.5));
#8062=CARTESIAN_POINT('',(-4.15,-1.05,-2.5));
#8063=CARTESIAN_POINT('',(-4.15,-0.949999999999998,-2.5));
#8064=CARTESIAN_POINT('',(-3.75,-0.949999999999997,-2.5));
#8065=CARTESIAN_POINT('',(-3.85,-0.949999999999998,-2.5));
#8066=CARTESIAN_POINT('',(-3.85,-1.25,-2.5));
#8067=CARTESIAN_POINT('',(-3.85,-1.05,-2.5));
#8068=CARTESIAN_POINT('',(-4.25,-1.05,-2.5));
#8069=CARTESIAN_POINT('',(0.,0.,-2.5));
#8070=CARTESIAN_POINT('',(-3.75,-0.749999999999997,-2.5));
#8071=CARTESIAN_POINT('',(-3.75,-0.749999999999997,-2.15));
#8072=CARTESIAN_POINT('',(-4.25,-0.749999999999999,-2.15));
#8073=CARTESIAN_POINT('',(-4.25,-0.749999999999999,-2.15));
#8074=CARTESIAN_POINT('',(-4.25,-0.749999999999999,-2.5));
#8075=CARTESIAN_POINT('',(-3.75,-0.749999999999997,-2.5));
#8076=CARTESIAN_POINT('',(-3.75,-1.25,-2.5));
#8077=CARTESIAN_POINT('',(-3.75,-1.25,-2.15));
#8078=CARTESIAN_POINT('',(-3.75,-0.749999999999997,-2.15));
#8079=CARTESIAN_POINT('',(-3.75,-1.25,-2.5));
#8080=CARTESIAN_POINT('',(-4.25,-1.25,-2.5));
#8081=CARTESIAN_POINT('',(-4.25,-1.25,-2.15));
#8082=CARTESIAN_POINT('',(-3.75,-1.25,-2.15));
#8083=CARTESIAN_POINT('',(-4.25,-1.25,-2.5));
#8084=CARTESIAN_POINT('',(-4.25,-1.25,-2.15));
#8085=CARTESIAN_POINT('',(-4.25,-0.749999999999999,-2.5));
#8086=CARTESIAN_POINT('',(-4.25,-0.749999999999999,-2.5));
#8087=CARTESIAN_POINT('',(-4.25,-0.749999999999999,6.1));
#8088=CARTESIAN_POINT('',(-4.25,-1.25,-2.5));
#8089=CARTESIAN_POINT('',(-4.25,-1.25,6.1));
#8090=CARTESIAN_POINT('',(-4.25,-0.749999999999999,6.1));
#8091=CARTESIAN_POINT('',(-4.25,-0.749999999999999,-2.5));
#8092=CARTESIAN_POINT('',(-3.75,-1.25,-2.5));
#8093=CARTESIAN_POINT('',(-3.75,-1.25,6.1));
#8094=CARTESIAN_POINT('',(-4.25,-1.25,6.1));
#8095=CARTESIAN_POINT('',(-4.25,-1.25,-2.5));
#8096=CARTESIAN_POINT('',(-3.75,-0.749999999999997,-2.5));
#8097=CARTESIAN_POINT('',(-3.75,-0.749999999999997,6.1));
#8098=CARTESIAN_POINT('',(-3.75,-1.25,6.1));
#8099=CARTESIAN_POINT('',(-3.75,-1.25,-2.5));
#8100=CARTESIAN_POINT('',(-3.75,-0.749999999999997,6.1));
#8101=CARTESIAN_POINT('',(-3.75,-0.749999999999997,-2.5));
#8102=CARTESIAN_POINT('',(0.,0.,6.1));
#8103=CARTESIAN_POINT('',(-4.15,1.25,-2.5));
#8104=CARTESIAN_POINT('',(-4.15,0.950000000000003,-2.5));
#8105=CARTESIAN_POINT('',(-4.15,1.05,-2.5));
#8106=CARTESIAN_POINT('',(-3.75,1.05,-2.5));
#8107=CARTESIAN_POINT('',(-3.85,1.05,-2.5));
#8108=CARTESIAN_POINT('',(-3.85,0.750000000000003,-2.5));
#8109=CARTESIAN_POINT('',(-3.85,0.950000000000003,-2.5));
#8110=CARTESIAN_POINT('',(-4.25,0.950000000000003,-2.5));
#8111=CARTESIAN_POINT('',(0.,0.,-2.5));
#8112=CARTESIAN_POINT('',(-4.25,0.750000000000003,-2.5));
#8113=CARTESIAN_POINT('',(-4.25,0.750000000000003,-2.15));
#8114=CARTESIAN_POINT('',(-3.75,0.750000000000003,-2.15));
#8115=CARTESIAN_POINT('',(-3.75,0.750000000000003,-2.15));
#8116=CARTESIAN_POINT('',(-3.75,0.750000000000003,-2.5));
#8117=CARTESIAN_POINT('',(-3.75,0.750000000000003,-2.5));
#8118=CARTESIAN_POINT('',(-3.75,1.25,-2.15));
#8119=CARTESIAN_POINT('',(-3.75,1.25,-2.15));
#8120=CARTESIAN_POINT('',(-3.75,1.25,-2.5));
#8121=CARTESIAN_POINT('',(-3.75,1.25,-2.5));
#8122=CARTESIAN_POINT('',(-4.25,1.25,-2.15));
#8123=CARTESIAN_POINT('',(-4.25,1.25,-2.15));
#8124=CARTESIAN_POINT('',(-4.25,1.25,-2.5));
#8125=CARTESIAN_POINT('',(-4.25,1.25,-2.5));
#8126=CARTESIAN_POINT('',(-4.25,0.750000000000003,-2.15));
#8127=CARTESIAN_POINT('',(-4.25,0.750000000000003,-2.5));
#8128=CARTESIAN_POINT('',(-4.25,0.750000000000003,-2.5));
#8129=CARTESIAN_POINT('',(-4.25,0.750000000000003,6.1));
#8130=CARTESIAN_POINT('',(-4.25,0.750000000000003,6.1));
#8131=CARTESIAN_POINT('',(-4.25,1.25,6.1));
#8132=CARTESIAN_POINT('',(-4.25,1.25,-2.5));
#8133=CARTESIAN_POINT('',(-4.25,0.750000000000003,-2.5));
#8134=CARTESIAN_POINT('',(-4.25,1.25,6.1));
#8135=CARTESIAN_POINT('',(-3.75,1.25,6.1));
#8136=CARTESIAN_POINT('',(-3.75,1.25,-2.5));
#8137=CARTESIAN_POINT('',(-4.25,1.25,-2.5));
#8138=CARTESIAN_POINT('',(-3.75,1.25,6.1));
#8139=CARTESIAN_POINT('',(-3.75,0.750000000000003,6.1));
#8140=CARTESIAN_POINT('',(-3.75,0.750000000000003,-2.5));
#8141=CARTESIAN_POINT('',(-3.75,1.25,-2.5));
#8142=CARTESIAN_POINT('',(-3.75,0.750000000000003,6.1));
#8143=CARTESIAN_POINT('',(-3.75,0.750000000000003,-2.5));
#8144=CARTESIAN_POINT('',(0.,0.,6.1));
#8145=CARTESIAN_POINT('',(-3.90942028985507,1.43115942028986,-3.34202898550725));
#8146=CARTESIAN_POINT('',(-3.90942028985507,0.568840579710146,-3.34202898550725));
#8147=CARTESIAN_POINT('',(-4.15,0.,-2.5));
#8148=CARTESIAN_POINT('',(-3.6268115942029,1.4963768115942,-1.71884057971015));
#8149=CARTESIAN_POINT('',(0.,1.05,-2.5));
#8150=CARTESIAN_POINT('',(-3.6268115942029,0.503623188405801,-1.71884057971015));
#8151=CARTESIAN_POINT('',(0.,0.950000000000003,-2.5));
#8152=CARTESIAN_POINT('',(-3.85,0.,-2.5));
#8153=CARTESIAN_POINT('',(-4.22101449275362,-0.807971014492752,-2.25144927536232));
#8154=CARTESIAN_POINT('',(-4.25,-1.25,-2.15));
#8155=CARTESIAN_POINT('',(-4.25,-0.749999999999999,-2.15));
#8156=CARTESIAN_POINT('',(-3.77898550724638,-1.19202898550724,-2.25144927536232));
#8157=CARTESIAN_POINT('',(-4.25,-1.25,-2.15));
#8158=CARTESIAN_POINT('',(-3.75,-0.749999999999997,-2.15));
#8159=CARTESIAN_POINT('',(-3.75,-0.749999999999997,-2.15));
#8160=CARTESIAN_POINT('',(-3.75,-1.25,-2.15));
#8161=CARTESIAN_POINT('',(-6.15,-0.749999999999999,-2.5));
#8162=CARTESIAN_POINT('',(-6.15,-1.05,-2.5));
#8163=CARTESIAN_POINT('',(-6.15,-0.949999999999998,-2.5));
#8164=CARTESIAN_POINT('',(-5.75,-0.949999999999997,-2.5));
#8165=CARTESIAN_POINT('',(-5.85,-0.949999999999998,-2.5));
#8166=CARTESIAN_POINT('',(-5.85,-1.25,-2.5));
#8167=CARTESIAN_POINT('',(-5.85,-1.05,-2.5));
#8168=CARTESIAN_POINT('',(-6.25,-1.05,-2.5));
#8169=CARTESIAN_POINT('',(0.,0.,-2.5));
#8170=CARTESIAN_POINT('',(-5.75,-0.749999999999997,-2.5));
#8171=CARTESIAN_POINT('',(-5.75,-0.749999999999997,-2.15));
#8172=CARTESIAN_POINT('',(-6.25,-0.749999999999999,-2.15));
#8173=CARTESIAN_POINT('',(-6.25,-0.749999999999999,-2.15));
#8174=CARTESIAN_POINT('',(-6.25,-0.749999999999999,-2.5));
#8175=CARTESIAN_POINT('',(-5.75,-0.749999999999997,-2.5));
#8176=CARTESIAN_POINT('',(-5.75,-1.25,-2.5));
#8177=CARTESIAN_POINT('',(-5.75,-1.25,-2.15));
#8178=CARTESIAN_POINT('',(-5.75,-0.749999999999997,-2.15));
#8179=CARTESIAN_POINT('',(-5.75,-1.25,-2.5));
#8180=CARTESIAN_POINT('',(-6.25,-1.25,-2.5));
#8181=CARTESIAN_POINT('',(-6.25,-1.25,-2.15));
#8182=CARTESIAN_POINT('',(-5.75,-1.25,-2.15));
#8183=CARTESIAN_POINT('',(-6.25,-1.25,-2.5));
#8184=CARTESIAN_POINT('',(-6.25,-1.25,-2.15));
#8185=CARTESIAN_POINT('',(-6.25,-0.749999999999999,-2.5));
#8186=CARTESIAN_POINT('',(-6.25,-0.749999999999999,-2.5));
#8187=CARTESIAN_POINT('',(-6.25,-0.749999999999999,6.1));
#8188=CARTESIAN_POINT('',(-6.25,-1.25,-2.5));
#8189=CARTESIAN_POINT('',(-6.25,-1.25,6.1));
#8190=CARTESIAN_POINT('',(-6.25,-0.749999999999999,6.1));
#8191=CARTESIAN_POINT('',(-6.25,-0.749999999999999,-2.5));
#8192=CARTESIAN_POINT('',(-5.75,-1.25,-2.5));
#8193=CARTESIAN_POINT('',(-5.75,-1.25,6.1));
#8194=CARTESIAN_POINT('',(-6.25,-1.25,6.1));
#8195=CARTESIAN_POINT('',(-6.25,-1.25,-2.5));
#8196=CARTESIAN_POINT('',(-5.75,-0.749999999999997,-2.5));
#8197=CARTESIAN_POINT('',(-5.75,-0.749999999999997,6.1));
#8198=CARTESIAN_POINT('',(-5.75,-1.25,6.1));
#8199=CARTESIAN_POINT('',(-5.75,-1.25,-2.5));
#8200=CARTESIAN_POINT('',(-5.75,-0.749999999999997,6.1));
#8201=CARTESIAN_POINT('',(-5.75,-0.749999999999997,-2.5));
#8202=CARTESIAN_POINT('',(0.,0.,6.1));
#8203=CARTESIAN_POINT('',(-6.15,1.25,-2.5));
#8204=CARTESIAN_POINT('',(-6.15,0.950000000000003,-2.5));
#8205=CARTESIAN_POINT('',(-6.15,1.05,-2.5));
#8206=CARTESIAN_POINT('',(-5.75,1.05,-2.5));
#8207=CARTESIAN_POINT('',(-5.85,1.05,-2.5));
#8208=CARTESIAN_POINT('',(-5.85,0.750000000000003,-2.5));
#8209=CARTESIAN_POINT('',(-5.85,0.950000000000003,-2.5));
#8210=CARTESIAN_POINT('',(-6.25,0.950000000000003,-2.5));
#8211=CARTESIAN_POINT('',(0.,0.,-2.5));
#8212=CARTESIAN_POINT('',(-6.25,0.750000000000003,-2.5));
#8213=CARTESIAN_POINT('',(-6.25,0.750000000000003,-2.15));
#8214=CARTESIAN_POINT('',(-5.75,0.750000000000003,-2.15));
#8215=CARTESIAN_POINT('',(-5.75,0.750000000000003,-2.15));
#8216=CARTESIAN_POINT('',(-5.75,0.750000000000003,-2.5));
#8217=CARTESIAN_POINT('',(-5.75,0.750000000000003,-2.5));
#8218=CARTESIAN_POINT('',(-5.75,1.25,-2.15));
#8219=CARTESIAN_POINT('',(-5.75,1.25,-2.15));
#8220=CARTESIAN_POINT('',(-5.75,1.25,-2.5));
#8221=CARTESIAN_POINT('',(-5.75,1.25,-2.5));
#8222=CARTESIAN_POINT('',(-6.25,1.25,-2.15));
#8223=CARTESIAN_POINT('',(-6.25,1.25,-2.15));
#8224=CARTESIAN_POINT('',(-6.25,1.25,-2.5));
#8225=CARTESIAN_POINT('',(-6.25,1.25,-2.5));
#8226=CARTESIAN_POINT('',(-6.25,0.750000000000003,-2.15));
#8227=CARTESIAN_POINT('',(-6.25,0.750000000000003,-2.5));
#8228=CARTESIAN_POINT('',(-6.25,0.750000000000003,-2.5));
#8229=CARTESIAN_POINT('',(-6.25,0.750000000000003,6.1));
#8230=CARTESIAN_POINT('',(-6.25,0.750000000000003,6.1));
#8231=CARTESIAN_POINT('',(-6.25,1.25,6.1));
#8232=CARTESIAN_POINT('',(-6.25,1.25,-2.5));
#8233=CARTESIAN_POINT('',(-6.25,0.750000000000003,-2.5));
#8234=CARTESIAN_POINT('',(-6.25,1.25,6.1));
#8235=CARTESIAN_POINT('',(-5.75,1.25,6.1));
#8236=CARTESIAN_POINT('',(-5.75,1.25,-2.5));
#8237=CARTESIAN_POINT('',(-6.25,1.25,-2.5));
#8238=CARTESIAN_POINT('',(-5.75,1.25,6.1));
#8239=CARTESIAN_POINT('',(-5.75,0.750000000000003,6.1));
#8240=CARTESIAN_POINT('',(-5.75,0.750000000000003,-2.5));
#8241=CARTESIAN_POINT('',(-5.75,1.25,-2.5));
#8242=CARTESIAN_POINT('',(-5.75,0.750000000000003,6.1));
#8243=CARTESIAN_POINT('',(-5.75,0.750000000000003,-2.5));
#8244=CARTESIAN_POINT('',(0.,0.,6.1));
#8245=CARTESIAN_POINT('',(-5.79347826086956,1.66304347826087,-3.74782608695653));
#8246=CARTESIAN_POINT('',(-5.79347826086956,0.336956521739131,-3.74782608695652));
#8247=CARTESIAN_POINT('',(-6.15,0.,-2.5));
#8248=CARTESIAN_POINT('',(-5.51086956521739,1.72826086956522,-1.31304347826087));
#8249=CARTESIAN_POINT('',(0.,1.05,-2.5));
#8250=CARTESIAN_POINT('',(-5.51086956521739,0.271739130434784,-1.31304347826087));
#8251=CARTESIAN_POINT('',(0.,0.950000000000003,-2.5));
#8252=CARTESIAN_POINT('',(-5.85,0.,-2.5));
#8253=CARTESIAN_POINT('',(-6.22101449275362,-0.807971014492752,-2.25144927536232));
#8254=CARTESIAN_POINT('',(-6.25,-1.25,-2.15));
#8255=CARTESIAN_POINT('',(-6.25,-0.749999999999999,-2.15));
#8256=CARTESIAN_POINT('',(-5.77898550724638,-1.19202898550724,-2.25144927536232));
#8257=CARTESIAN_POINT('',(-6.25,-1.25,-2.15));
#8258=CARTESIAN_POINT('',(-5.75,-0.749999999999997,-2.15));
#8259=CARTESIAN_POINT('',(-5.75,-0.749999999999997,-2.15));
#8260=CARTESIAN_POINT('',(-5.75,-1.25,-2.15));
#8261=CARTESIAN_POINT('',(7.425,2.25,5.36076951545868));
#8262=CARTESIAN_POINT('',(-6.46841553808782,-1.55681675862174,4.16014092243625));
#8263=CARTESIAN_POINT('',(7.425,-2.85,6.4));
#8264=CARTESIAN_POINT('',(7.425,-2.85,6.4));
#8265=CARTESIAN_POINT('',(-6.73657024793389,-0.46157024793388,4.61983471074379));
#8266=CARTESIAN_POINT('',(-7.425,2.25,5.79999999999999));
#8267=CARTESIAN_POINT('',(-0.584999999999985,-0.150000000000001,5.8));
#8268=CARTESIAN_POINT('',(-0.584999999999985,-0.150000000000001,5.8));
#8269=CARTESIAN_POINT('',(-0.584999999999985,1.15,5.8));
#8270=CARTESIAN_POINT('',(-0.584999999999985,1.5,6.4));
#8271=CARTESIAN_POINT('',(-0.584999999999985,1.15,5.8));
#8272=CARTESIAN_POINT('',(-0.584999999999999,-0.15,2.5));
#8273=CARTESIAN_POINT('',(0.584999999999985,0.15,5.8));
#8274=CARTESIAN_POINT('',(0.584999999999985,0.5,6.4));
#8275=CARTESIAN_POINT('',(0.584999999999985,0.15,5.8));
#8276=CARTESIAN_POINT('',(0.584999999999985,-1.15,5.8));
#8277=CARTESIAN_POINT('',(0.584999999999985,-1.15,5.8));
#8278=CARTESIAN_POINT('',(0.584999999999999,-1.15,2.5));
#8279=CARTESIAN_POINT('',(-5.4,-3.05,6.4));
#8280=CARTESIAN_POINT('',(-6.,-3.05,5.));
#8281=CARTESIAN_POINT('',(-6.,-3.05,5.));
#8282=CARTESIAN_POINT('',(-5.4,-3.05,6.4));
#8283=CARTESIAN_POINT('',(-6.,-3.05,5.));
#8284=CARTESIAN_POINT('',(-6.,-3.05,5.));
#8285=CARTESIAN_POINT('',(0.,-3.05,0.));
#8286=MECHANICAL_DESIGN_GEOMETRIC_PRESENTATION_REPRESENTATION('',(#24),
#8287);
#8287=(
GEOMETRIC_REPRESENTATION_CONTEXT(3)
GLOBAL_UNCERTAINTY_ASSIGNED_CONTEXT((#8288))
GLOBAL_UNIT_ASSIGNED_CONTEXT((#8294,#8290,#8289))
REPRESENTATION_CONTEXT('878311420wbm000_01_214',
'TOP_LEVEL_ASSEMBLY_PART')
);
#8288=UNCERTAINTY_MEASURE_WITH_UNIT(LENGTH_MEASURE(2.E-5),#8294,
'DISTANCE_ACCURACY_VALUE','Maximum Tolerance applied to model');
#8289=(
NAMED_UNIT(*)
SI_UNIT($,.STERADIAN.)
SOLID_ANGLE_UNIT()
);
#8290=(
CONVERSION_BASED_UNIT('DEGREE',#8292)
NAMED_UNIT(#8291)
PLANE_ANGLE_UNIT()
);
#8291=DIMENSIONAL_EXPONENTS(0.,0.,0.,0.,0.,0.,0.);
#8292=PLANE_ANGLE_MEASURE_WITH_UNIT(PLANE_ANGLE_MEASURE(0.0174532925),#8293);
#8293=(
NAMED_UNIT(*)
PLANE_ANGLE_UNIT()
SI_UNIT($,.RADIAN.)
);
#8294=(
LENGTH_UNIT()
NAMED_UNIT(*)
SI_UNIT(.MILLI.,.METRE.)
);
ENDSEC;
END-ISO-10303-21;
